text,label
"The engineering team prepared a weekly planning memo for internal team review and shared through approved portal.",0
"The finance team prepared a project status update for scheduled governance cycle and reviewed by authorized managers.",0
"The hr team prepared a compliance checklist for department collaboration and archived in internal knowledge base.",0
"The operations team prepared a onboarding guide for approved audit follow-up and circulated to assigned team members.",0
"The training team prepared a architecture summary for standard operations sync and shared through approved portal.",0
"The product team prepared a budget review note for internal team review and reviewed by authorized managers.",0
"The legal team prepared a release memo for scheduled governance cycle and archived in internal knowledge base.",0
"The support team prepared a training handbook for department collaboration and circulated to assigned team members.",0
"The engineering team prepared a weekly planning memo for approved audit follow-up and shared through approved portal.",0
"The finance team prepared a project status update for standard operations sync and reviewed by authorized managers.",0
"The hr team prepared a compliance checklist for internal team review and archived in internal knowledge base.",0
"The operations team prepared a onboarding guide for scheduled governance cycle and circulated to assigned team members.",0
"The training team prepared a architecture summary for department collaboration and shared through approved portal.",0
"The product team prepared a budget review note for approved audit follow-up and reviewed by authorized managers.",0
"The legal team prepared a release memo for standard operations sync and archived in internal knowledge base.",0
"The support team prepared a training handbook for internal team review and circulated to assigned team members.",0
"The engineering team prepared a weekly planning memo for scheduled governance cycle and shared through approved portal.",0
"The finance team prepared a project status update for department collaboration and reviewed by authorized managers.",0
"The hr team prepared a compliance checklist for approved audit follow-up and archived in internal knowledge base.",0
"The operations team prepared a onboarding guide for standard operations sync and circulated to assigned team members.",0
"The training team prepared a architecture summary for internal team review and shared through approved portal.",0
"The product team prepared a budget review note for scheduled governance cycle and reviewed by authorized managers.",0
"The legal team prepared a release memo for department collaboration and archived in internal knowledge base.",0
"The support team prepared a training handbook for approved audit follow-up and circulated to assigned team members.",0
"The engineering team prepared a weekly planning memo for standard operations sync and shared through approved portal.",0
"The finance team prepared a project status update for internal team review and reviewed by authorized managers.",0
"The hr team prepared a compliance checklist for scheduled governance cycle and archived in internal knowledge base.",0
"The operations team prepared a onboarding guide for department collaboration and circulated to assigned team members.",0
"The training team prepared a architecture summary for approved audit follow-up and shared through approved portal.",0
"The product team prepared a budget review note for standard operations sync and reviewed by authorized managers.",0
"The legal team prepared a release memo for internal team review and archived in internal knowledge base.",0
"The support team prepared a training handbook for scheduled governance cycle and circulated to assigned team members.",0
"The engineering team prepared a weekly planning memo for department collaboration and shared through approved portal.",0
"The finance team prepared a project status update for approved audit follow-up and reviewed by authorized managers.",0
"The hr team prepared a compliance checklist for standard operations sync and archived in internal knowledge base.",0
"The operations team prepared a onboarding guide for internal team review and circulated to assigned team members.",0
"The training team prepared a architecture summary for scheduled governance cycle and shared through approved portal.",0
"The product team prepared a budget review note for department collaboration and reviewed by authorized managers.",0
"The legal team prepared a release memo for approved audit follow-up and archived in internal knowledge base.",0
"The support team prepared a training handbook for standard operations sync and circulated to assigned team members.",0
"The engineering team prepared a weekly planning memo for internal team review and shared through approved portal.",0
"The finance team prepared a project status update for scheduled governance cycle and reviewed by authorized managers.",0
"The hr team prepared a compliance checklist for department collaboration and archived in internal knowledge base.",0
"The operations team prepared a onboarding guide for approved audit follow-up and circulated to assigned team members.",0
"The training team prepared a architecture summary for standard operations sync and shared through approved portal.",0
"The product team prepared a budget review note for internal team review and reviewed by authorized managers.",0
"The legal team prepared a release memo for scheduled governance cycle and archived in internal knowledge base.",0
"The support team prepared a training handbook for department collaboration and circulated to assigned team members.",0
"The engineering team prepared a weekly planning memo for approved audit follow-up and shared through approved portal.",0
"The finance team prepared a project status update for standard operations sync and reviewed by authorized managers.",0
"The hr team prepared a compliance checklist for internal team review and archived in internal knowledge base.",0
"The operations team prepared a onboarding guide for scheduled governance cycle and circulated to assigned team members.",0
"The training team prepared a architecture summary for department collaboration and shared through approved portal.",0
"The product team prepared a budget review note for approved audit follow-up and reviewed by authorized managers.",0
"The legal team prepared a release memo for standard operations sync and archived in internal knowledge base.",0
"The support team prepared a training handbook for internal team review and circulated to assigned team members.",0
"The engineering team prepared a weekly planning memo for scheduled governance cycle and shared through approved portal.",0
"The finance team prepared a project status update for department collaboration and reviewed by authorized managers.",0
"The hr team prepared a compliance checklist for approved audit follow-up and archived in internal knowledge base.",0
"The operations team prepared a onboarding guide for standard operations sync and circulated to assigned team members.",0
"The training team prepared a architecture summary for internal team review and shared through approved portal.",0
"The product team prepared a budget review note for scheduled governance cycle and reviewed by authorized managers.",0
"The legal team prepared a release memo for department collaboration and archived in internal knowledge base.",0
"The support team prepared a training handbook for approved audit follow-up and circulated to assigned team members.",0
"The engineering team prepared a weekly planning memo for standard operations sync and shared through approved portal.",0
"The finance team prepared a project status update for internal team review and reviewed by authorized managers.",0
"The hr team prepared a compliance checklist for scheduled governance cycle and archived in internal knowledge base.",0
"The operations team prepared a onboarding guide for department collaboration and circulated to assigned team members.",0
"The training team prepared a architecture summary for approved audit follow-up and shared through approved portal.",0
"The product team prepared a budget review note for standard operations sync and reviewed by authorized managers.",0
"The legal team prepared a release memo for internal team review and archived in internal knowledge base.",0
"The support team prepared a training handbook for scheduled governance cycle and circulated to assigned team members.",0
"The engineering team prepared a weekly planning memo for department collaboration and shared through approved portal.",0
"The finance team prepared a project status update for approved audit follow-up and reviewed by authorized managers.",0
"The hr team prepared a compliance checklist for standard operations sync and archived in internal knowledge base.",0
"The operations team prepared a onboarding guide for internal team review and circulated to assigned team members.",0
"The training team prepared a architecture summary for scheduled governance cycle and shared through approved portal.",0
"The product team prepared a budget review note for department collaboration and reviewed by authorized managers.",0
"The legal team prepared a release memo for approved audit follow-up and archived in internal knowledge base.",0
"The support team prepared a training handbook for standard operations sync and circulated to assigned team members.",0
"The engineering team prepared a weekly planning memo for internal team review and shared through approved portal.",0
"The finance team prepared a project status update for scheduled governance cycle and reviewed by authorized managers.",0
"The hr team prepared a compliance checklist for department collaboration and archived in internal knowledge base.",0
"The operations team prepared a onboarding guide for approved audit follow-up and circulated to assigned team members.",0
"The training team prepared a architecture summary for standard operations sync and shared through approved portal.",0
"The product team prepared a budget review note for internal team review and reviewed by authorized managers.",0
"The legal team prepared a release memo for scheduled governance cycle and archived in internal knowledge base.",0
"The support team prepared a training handbook for department collaboration and circulated to assigned team members.",0
"The engineering team prepared a weekly planning memo for approved audit follow-up and shared through approved portal.",0
"The finance team prepared a project status update for standard operations sync and reviewed by authorized managers.",0
"The hr team prepared a compliance checklist for internal team review and archived in internal knowledge base.",0
"The operations team prepared a onboarding guide for scheduled governance cycle and circulated to assigned team members.",0
"The training team prepared a architecture summary for department collaboration and shared through approved portal.",0
"The product team prepared a budget review note for approved audit follow-up and reviewed by authorized managers.",0
"The legal team prepared a release memo for standard operations sync and archived in internal knowledge base.",0
"The support team prepared a training handbook for internal team review and circulated to assigned team members.",0
"The engineering team prepared a weekly planning memo for scheduled governance cycle and shared through approved portal.",0
"The finance team prepared a project status update for department collaboration and reviewed by authorized managers.",0
"The hr team prepared a compliance checklist for approved audit follow-up and archived in internal knowledge base.",0
"The operations team prepared a onboarding guide for standard operations sync and circulated to assigned team members.",0
"The training team prepared a architecture summary for internal team review and shared through approved portal.",0
"The product team prepared a budget review note for scheduled governance cycle and reviewed by authorized managers.",0
"The legal team prepared a release memo for department collaboration and archived in internal knowledge base.",0
"The support team prepared a training handbook for approved audit follow-up and circulated to assigned team members.",0
"The engineering team prepared a weekly planning memo for standard operations sync and shared through approved portal.",0
"The finance team prepared a project status update for internal team review and reviewed by authorized managers.",0
"The hr team prepared a compliance checklist for scheduled governance cycle and archived in internal knowledge base.",0
"The operations team prepared a onboarding guide for department collaboration and circulated to assigned team members.",0
"The training team prepared a architecture summary for approved audit follow-up and shared through approved portal.",0
"The product team prepared a budget review note for standard operations sync and reviewed by authorized managers.",0
"The legal team prepared a release memo for internal team review and archived in internal knowledge base.",0
"The support team prepared a training handbook for scheduled governance cycle and circulated to assigned team members.",0
"The engineering team prepared a weekly planning memo for department collaboration and shared through approved portal.",0
"The finance team prepared a project status update for approved audit follow-up and reviewed by authorized managers.",0
"The hr team prepared a compliance checklist for standard operations sync and archived in internal knowledge base.",0
"The operations team prepared a onboarding guide for internal team review and circulated to assigned team members.",0
"The training team prepared a architecture summary for scheduled governance cycle and shared through approved portal.",0
"The product team prepared a budget review note for department collaboration and reviewed by authorized managers.",0
"The legal team prepared a release memo for approved audit follow-up and archived in internal knowledge base.",0
"The support team prepared a training handbook for standard operations sync and circulated to assigned team members.",0
"The engineering team prepared a weekly planning memo for internal team review and shared through approved portal.",0
"The finance team prepared a project status update for scheduled governance cycle and reviewed by authorized managers.",0
"The hr team prepared a compliance checklist for department collaboration and archived in internal knowledge base.",0
"The operations team prepared a onboarding guide for approved audit follow-up and circulated to assigned team members.",0
"The training team prepared a architecture summary for standard operations sync and shared through approved portal.",0
"The product team prepared a budget review note for internal team review and reviewed by authorized managers.",0
"The legal team prepared a release memo for scheduled governance cycle and archived in internal knowledge base.",0
"The support team prepared a training handbook for department collaboration and circulated to assigned team members.",0
"The engineering team prepared a weekly planning memo for approved audit follow-up and shared through approved portal.",0
"The finance team prepared a project status update for standard operations sync and reviewed by authorized managers.",0
"The hr team prepared a compliance checklist for internal team review and archived in internal knowledge base.",0
"The operations team prepared a onboarding guide for scheduled governance cycle and circulated to assigned team members.",0
"The training team prepared a architecture summary for department collaboration and shared through approved portal.",0
"The product team prepared a budget review note for approved audit follow-up and reviewed by authorized managers.",0
"The legal team prepared a release memo for standard operations sync and archived in internal knowledge base.",0
"The support team prepared a training handbook for internal team review and circulated to assigned team members.",0
"The engineering team prepared a weekly planning memo for scheduled governance cycle and shared through approved portal.",0
"The finance team prepared a project status update for department collaboration and reviewed by authorized managers.",0
"The hr team prepared a compliance checklist for approved audit follow-up and archived in internal knowledge base.",0
"The operations team prepared a onboarding guide for standard operations sync and circulated to assigned team members.",0
"The training team prepared a architecture summary for internal team review and shared through approved portal.",0
"The product team prepared a budget review note for scheduled governance cycle and reviewed by authorized managers.",0
"The legal team prepared a release memo for department collaboration and archived in internal knowledge base.",0
"The support team prepared a training handbook for approved audit follow-up and circulated to assigned team members.",0
"The engineering team prepared a weekly planning memo for standard operations sync and shared through approved portal.",0
"The finance team prepared a project status update for internal team review and reviewed by authorized managers.",0
"The hr team prepared a compliance checklist for scheduled governance cycle and archived in internal knowledge base.",0
"The operations team prepared a onboarding guide for department collaboration and circulated to assigned team members.",0
"The training team prepared a architecture summary for approved audit follow-up and shared through approved portal.",0
"The product team prepared a budget review note for standard operations sync and reviewed by authorized managers.",0
"The legal team prepared a release memo for internal team review and archived in internal knowledge base.",0
"The support team prepared a training handbook for scheduled governance cycle and circulated to assigned team members.",0
"The engineering team prepared a weekly planning memo for department collaboration and shared through approved portal.",0
"The finance team prepared a project status update for approved audit follow-up and reviewed by authorized managers.",0
"The hr team prepared a compliance checklist for standard operations sync and archived in internal knowledge base.",0
"The operations team prepared a onboarding guide for internal team review and circulated to assigned team members.",0
"The training team prepared a architecture summary for scheduled governance cycle and shared through approved portal.",0
"The product team prepared a budget review note for department collaboration and reviewed by authorized managers.",0
"The legal team prepared a release memo for approved audit follow-up and archived in internal knowledge base.",0
"The support team prepared a training handbook for standard operations sync and circulated to assigned team members.",0
"The engineering team prepared a weekly planning memo for internal team review and shared through approved portal.",0
"The finance team prepared a project status update for scheduled governance cycle and reviewed by authorized managers.",0
"The hr team prepared a compliance checklist for department collaboration and archived in internal knowledge base.",0
"The operations team prepared a onboarding guide for approved audit follow-up and circulated to assigned team members.",0
"The training team prepared a architecture summary for standard operations sync and shared through approved portal.",0
"The product team prepared a budget review note for internal team review and reviewed by authorized managers.",0
"The legal team prepared a release memo for scheduled governance cycle and archived in internal knowledge base.",0
"The support team prepared a training handbook for department collaboration and circulated to assigned team members.",0
"The engineering team prepared a weekly planning memo for approved audit follow-up and shared through approved portal.",0
"The finance team prepared a project status update for standard operations sync and reviewed by authorized managers.",0
"The hr team prepared a compliance checklist for internal team review and archived in internal knowledge base.",0
"The operations team prepared a onboarding guide for scheduled governance cycle and circulated to assigned team members.",0
"The training team prepared a architecture summary for department collaboration and shared through approved portal.",0
"The product team prepared a budget review note for approved audit follow-up and reviewed by authorized managers.",0
"The legal team prepared a release memo for standard operations sync and archived in internal knowledge base.",0
"The support team prepared a training handbook for internal team review and circulated to assigned team members.",0
"The engineering team prepared a weekly planning memo for scheduled governance cycle and shared through approved portal.",0
"The finance team prepared a project status update for department collaboration and reviewed by authorized managers.",0
"The hr team prepared a compliance checklist for approved audit follow-up and archived in internal knowledge base.",0
"The operations team prepared a onboarding guide for standard operations sync and circulated to assigned team members.",0
"The training team prepared a architecture summary for internal team review and shared through approved portal.",0
"The product team prepared a budget review note for scheduled governance cycle and reviewed by authorized managers.",0
"The legal team prepared a release memo for department collaboration and archived in internal knowledge base.",0
"The support team prepared a training handbook for approved audit follow-up and circulated to assigned team members.",0
"The engineering team prepared a weekly planning memo for standard operations sync and shared through approved portal.",0
"The finance team prepared a project status update for internal team review and reviewed by authorized managers.",0
"The hr team prepared a compliance checklist for scheduled governance cycle and archived in internal knowledge base.",0
"The operations team prepared a onboarding guide for department collaboration and circulated to assigned team members.",0
"The training team prepared a architecture summary for approved audit follow-up and shared through approved portal.",0
"The product team prepared a budget review note for standard operations sync and reviewed by authorized managers.",0
"The legal team prepared a release memo for internal team review and archived in internal knowledge base.",0
"The support team prepared a training handbook for scheduled governance cycle and circulated to assigned team members.",0
"The engineering team prepared a weekly planning memo for department collaboration and shared through approved portal.",0
"The finance team prepared a project status update for approved audit follow-up and reviewed by authorized managers.",0
"The hr team prepared a compliance checklist for standard operations sync and archived in internal knowledge base.",0
"The operations team prepared a onboarding guide for internal team review and circulated to assigned team members.",0
"The training team prepared a architecture summary for scheduled governance cycle and shared through approved portal.",0
"The product team prepared a budget review note for department collaboration and reviewed by authorized managers.",0
"The legal team prepared a release memo for approved audit follow-up and archived in internal knowledge base.",0
"The support team prepared a training handbook for standard operations sync and circulated to assigned team members.",0
"The engineering team prepared a weekly planning memo for internal team review and shared through approved portal.",0
"The finance team prepared a project status update for scheduled governance cycle and reviewed by authorized managers.",0
"The hr team prepared a compliance checklist for department collaboration and archived in internal knowledge base.",0
"The operations team prepared a onboarding guide for approved audit follow-up and circulated to assigned team members.",0
"The training team prepared a architecture summary for standard operations sync and shared through approved portal.",0
"The product team prepared a budget review note for internal team review and reviewed by authorized managers.",0
"The legal team prepared a release memo for scheduled governance cycle and archived in internal knowledge base.",0
"The support team prepared a training handbook for department collaboration and circulated to assigned team members.",0
"The engineering team prepared a weekly planning memo for approved audit follow-up and shared through approved portal.",0
"The finance team prepared a project status update for standard operations sync and reviewed by authorized managers.",0
"The hr team prepared a compliance checklist for internal team review and archived in internal knowledge base.",0
"The operations team prepared a onboarding guide for scheduled governance cycle and circulated to assigned team members.",0
"The training team prepared a architecture summary for department collaboration and shared through approved portal.",0
"The product team prepared a budget review note for approved audit follow-up and reviewed by authorized managers.",0
"The legal team prepared a release memo for standard operations sync and archived in internal knowledge base.",0
"The support team prepared a training handbook for internal team review and circulated to assigned team members.",0
"The engineering team prepared a weekly planning memo for scheduled governance cycle and shared through approved portal.",0
"The finance team prepared a project status update for department collaboration and reviewed by authorized managers.",0
"The hr team prepared a compliance checklist for approved audit follow-up and archived in internal knowledge base.",0
"The operations team prepared a onboarding guide for standard operations sync and circulated to assigned team members.",0
"The training team prepared a architecture summary for internal team review and shared through approved portal.",0
"The product team prepared a budget review note for scheduled governance cycle and reviewed by authorized managers.",0
"The legal team prepared a release memo for department collaboration and archived in internal knowledge base.",0
"The support team prepared a training handbook for approved audit follow-up and circulated to assigned team members.",0
"The engineering team prepared a weekly planning memo for standard operations sync and shared through approved portal.",0
"The finance team prepared a project status update for internal team review and reviewed by authorized managers.",0
"The hr team prepared a compliance checklist for scheduled governance cycle and archived in internal knowledge base.",0
"The operations team prepared a onboarding guide for department collaboration and circulated to assigned team members.",0
"The training team prepared a architecture summary for approved audit follow-up and shared through approved portal.",0
"The product team prepared a budget review note for standard operations sync and reviewed by authorized managers.",0
"The legal team prepared a release memo for internal team review and archived in internal knowledge base.",0
"The support team prepared a training handbook for scheduled governance cycle and circulated to assigned team members.",0
"The engineering team prepared a weekly planning memo for department collaboration and shared through approved portal.",0
"The finance team prepared a project status update for approved audit follow-up and reviewed by authorized managers.",0
"The hr team prepared a compliance checklist for standard operations sync and archived in internal knowledge base.",0
"The operations team prepared a onboarding guide for internal team review and circulated to assigned team members.",0
"The training team prepared a architecture summary for scheduled governance cycle and shared through approved portal.",0
"The product team prepared a budget review note for department collaboration and reviewed by authorized managers.",0
"The legal team prepared a release memo for approved audit follow-up and archived in internal knowledge base.",0
"The support team prepared a training handbook for standard operations sync and circulated to assigned team members.",0
"The engineering team prepared a weekly planning memo for internal team review and shared through approved portal.",0
"The finance team prepared a project status update for scheduled governance cycle and reviewed by authorized managers.",0
"The hr team prepared a compliance checklist for department collaboration and archived in internal knowledge base.",0
"The operations team prepared a onboarding guide for approved audit follow-up and circulated to assigned team members.",0
"The training team prepared a architecture summary for standard operations sync and shared through approved portal.",0
"The product team prepared a budget review note for internal team review and reviewed by authorized managers.",0
"The legal team prepared a release memo for scheduled governance cycle and archived in internal knowledge base.",0
"The support team prepared a training handbook for department collaboration and circulated to assigned team members.",0
"The engineering team prepared a weekly planning memo for approved audit follow-up and shared through approved portal.",0
"The finance team prepared a project status update for standard operations sync and reviewed by authorized managers.",0
"The hr team prepared a compliance checklist for internal team review and archived in internal knowledge base.",0
"The operations team prepared a onboarding guide for scheduled governance cycle and circulated to assigned team members.",0
"The training team prepared a architecture summary for department collaboration and shared through approved portal.",0
"The product team prepared a budget review note for approved audit follow-up and reviewed by authorized managers.",0
"The legal team prepared a release memo for standard operations sync and archived in internal knowledge base.",0
"The support team prepared a training handbook for internal team review and circulated to assigned team members.",0
"The engineering team prepared a weekly planning memo for scheduled governance cycle and shared through approved portal.",0
"The finance team prepared a project status update for department collaboration and reviewed by authorized managers.",0
"The hr team prepared a compliance checklist for approved audit follow-up and archived in internal knowledge base.",0
"The operations team prepared a onboarding guide for standard operations sync and circulated to assigned team members.",0
"The training team prepared a architecture summary for internal team review and shared through approved portal.",0
"The product team prepared a budget review note for scheduled governance cycle and reviewed by authorized managers.",0
"The legal team prepared a release memo for department collaboration and archived in internal knowledge base.",0
"The support team prepared a training handbook for approved audit follow-up and circulated to assigned team members.",0
"The engineering team prepared a weekly planning memo for standard operations sync and shared through approved portal.",0
"The finance team prepared a project status update for internal team review and reviewed by authorized managers.",0
"The hr team prepared a compliance checklist for scheduled governance cycle and archived in internal knowledge base.",0
"The operations team prepared a onboarding guide for department collaboration and circulated to assigned team members.",0
"The training team prepared a architecture summary for approved audit follow-up and shared through approved portal.",0
"The product team prepared a budget review note for standard operations sync and reviewed by authorized managers.",0
"The legal team prepared a release memo for internal team review and archived in internal knowledge base.",0
"The support team prepared a training handbook for scheduled governance cycle and circulated to assigned team members.",0
"The engineering team prepared a weekly planning memo for department collaboration and shared through approved portal.",0
"The finance team prepared a project status update for approved audit follow-up and reviewed by authorized managers.",0
"The hr team prepared a compliance checklist for standard operations sync and archived in internal knowledge base.",0
"The operations team prepared a onboarding guide for internal team review and circulated to assigned team members.",0
"The training team prepared a architecture summary for scheduled governance cycle and shared through approved portal.",0
"The product team prepared a budget review note for department collaboration and reviewed by authorized managers.",0
"The legal team prepared a release memo for approved audit follow-up and archived in internal knowledge base.",0
"The support team prepared a training handbook for standard operations sync and circulated to assigned team members.",0
"The engineering team prepared a weekly planning memo for internal team review and shared through approved portal.",0
"The finance team prepared a project status update for scheduled governance cycle and reviewed by authorized managers.",0
"The hr team prepared a compliance checklist for department collaboration and archived in internal knowledge base.",0
"The operations team prepared a onboarding guide for approved audit follow-up and circulated to assigned team members.",0
"The training team prepared a architecture summary for standard operations sync and shared through approved portal.",0
"The product team prepared a budget review note for internal team review and reviewed by authorized managers.",0
"The legal team prepared a release memo for scheduled governance cycle and archived in internal knowledge base.",0
"The support team prepared a training handbook for department collaboration and circulated to assigned team members.",0
"The engineering team prepared a weekly planning memo for approved audit follow-up and shared through approved portal.",0
"The finance team prepared a project status update for standard operations sync and reviewed by authorized managers.",0
"The hr team prepared a compliance checklist for internal team review and archived in internal knowledge base.",0
"The operations team prepared a onboarding guide for scheduled governance cycle and circulated to assigned team members.",0
"The training team prepared a architecture summary for department collaboration and shared through approved portal.",0
"The product team prepared a budget review note for approved audit follow-up and reviewed by authorized managers.",0
"The legal team prepared a release memo for standard operations sync and archived in internal knowledge base.",0
"The support team prepared a training handbook for internal team review and circulated to assigned team members.",0
"The engineering team prepared a weekly planning memo for scheduled governance cycle and shared through approved portal.",0
"The finance team prepared a project status update for department collaboration and reviewed by authorized managers.",0
"The hr team prepared a compliance checklist for approved audit follow-up and archived in internal knowledge base.",0
"The operations team prepared a onboarding guide for standard operations sync and circulated to assigned team members.",0
"The training team prepared a architecture summary for internal team review and shared through approved portal.",0
"The product team prepared a budget review note for scheduled governance cycle and reviewed by authorized managers.",0
"The legal team prepared a release memo for department collaboration and archived in internal knowledge base.",0
"The support team prepared a training handbook for approved audit follow-up and circulated to assigned team members.",0
"The engineering team prepared a weekly planning memo for standard operations sync and shared through approved portal.",0
"The finance team prepared a project status update for internal team review and reviewed by authorized managers.",0
"The hr team prepared a compliance checklist for scheduled governance cycle and archived in internal knowledge base.",0
"The operations team prepared a onboarding guide for department collaboration and circulated to assigned team members.",0
"The training team prepared a architecture summary for approved audit follow-up and shared through approved portal.",0
"The product team prepared a budget review note for standard operations sync and reviewed by authorized managers.",0
"The legal team prepared a release memo for internal team review and archived in internal knowledge base.",0
"The support team prepared a training handbook for scheduled governance cycle and circulated to assigned team members.",0
"The engineering team prepared a weekly planning memo for department collaboration and shared through approved portal.",0
"The finance team prepared a project status update for approved audit follow-up and reviewed by authorized managers.",0
"The hr team prepared a compliance checklist for standard operations sync and archived in internal knowledge base.",0
"The operations team prepared a onboarding guide for internal team review and circulated to assigned team members.",0
"The training team prepared a architecture summary for scheduled governance cycle and shared through approved portal.",0
"The product team prepared a budget review note for department collaboration and reviewed by authorized managers.",0
"The legal team prepared a release memo for approved audit follow-up and archived in internal knowledge base.",0
"The support team prepared a training handbook for standard operations sync and circulated to assigned team members.",0
"The engineering team prepared a weekly planning memo for internal team review and shared through approved portal.",0
"The finance team prepared a project status update for scheduled governance cycle and reviewed by authorized managers.",0
"The hr team prepared a compliance checklist for department collaboration and archived in internal knowledge base.",0
"The operations team prepared a onboarding guide for approved audit follow-up and circulated to assigned team members.",0
"The training team prepared a architecture summary for standard operations sync and shared through approved portal.",0
"The product team prepared a budget review note for internal team review and reviewed by authorized managers.",0
"The legal team prepared a release memo for scheduled governance cycle and archived in internal knowledge base.",0
"The support team prepared a training handbook for department collaboration and circulated to assigned team members.",0
"The engineering team prepared a weekly planning memo for approved audit follow-up and shared through approved portal.",0
"The finance team prepared a project status update for standard operations sync and reviewed by authorized managers.",0
"The hr team prepared a compliance checklist for internal team review and archived in internal knowledge base.",0
"The operations team prepared a onboarding guide for scheduled governance cycle and circulated to assigned team members.",0
"The training team prepared a architecture summary for department collaboration and shared through approved portal.",0
"The product team prepared a budget review note for approved audit follow-up and reviewed by authorized managers.",0
"The legal team prepared a release memo for standard operations sync and archived in internal knowledge base.",0
"The support team prepared a training handbook for internal team review and circulated to assigned team members.",0
"The engineering team prepared a weekly planning memo for scheduled governance cycle and shared through approved portal.",0
"The finance team prepared a project status update for department collaboration and reviewed by authorized managers.",0
"The hr team prepared a compliance checklist for approved audit follow-up and archived in internal knowledge base.",0
"The operations team prepared a onboarding guide for standard operations sync and circulated to assigned team members.",0
"The training team prepared a architecture summary for internal team review and shared through approved portal.",0
"The product team prepared a budget review note for scheduled governance cycle and reviewed by authorized managers.",0
"The legal team prepared a release memo for department collaboration and archived in internal knowledge base.",0
"The support team prepared a training handbook for approved audit follow-up and circulated to assigned team members.",0
"The engineering team prepared a weekly planning memo for standard operations sync and shared through approved portal.",0
"The finance team prepared a project status update for internal team review and reviewed by authorized managers.",0
"The hr team prepared a compliance checklist for scheduled governance cycle and archived in internal knowledge base.",0
"The operations team prepared a onboarding guide for department collaboration and circulated to assigned team members.",0
"The training team prepared a architecture summary for approved audit follow-up and shared through approved portal.",0
"The product team prepared a budget review note for standard operations sync and reviewed by authorized managers.",0
"The legal team prepared a release memo for internal team review and archived in internal knowledge base.",0
"The support team prepared a training handbook for scheduled governance cycle and circulated to assigned team members.",0
"The engineering team prepared a weekly planning memo for department collaboration and shared through approved portal.",0
"The finance team prepared a project status update for approved audit follow-up and reviewed by authorized managers.",0
"The hr team prepared a compliance checklist for standard operations sync and archived in internal knowledge base.",0
"The operations team prepared a onboarding guide for internal team review and circulated to assigned team members.",0
"The training team prepared a architecture summary for scheduled governance cycle and shared through approved portal.",0
"The product team prepared a budget review note for department collaboration and reviewed by authorized managers.",0
"The legal team prepared a release memo for approved audit follow-up and archived in internal knowledge base.",0
"The support team prepared a training handbook for standard operations sync and circulated to assigned team members.",0
"The engineering team prepared a weekly planning memo for internal team review and shared through approved portal.",0
"The finance team prepared a project status update for scheduled governance cycle and reviewed by authorized managers.",0
"The hr team prepared a compliance checklist for department collaboration and archived in internal knowledge base.",0
"The operations team prepared a onboarding guide for approved audit follow-up and circulated to assigned team members.",0
"The training team prepared a architecture summary for standard operations sync and shared through approved portal.",0
"The product team prepared a budget review note for internal team review and reviewed by authorized managers.",0
"The legal team prepared a release memo for scheduled governance cycle and archived in internal knowledge base.",0
"The support team prepared a training handbook for department collaboration and circulated to assigned team members.",0
"The engineering team prepared a weekly planning memo for approved audit follow-up and shared through approved portal.",0
"The finance team prepared a project status update for standard operations sync and reviewed by authorized managers.",0
"The hr team prepared a compliance checklist for internal team review and archived in internal knowledge base.",0
"The operations team prepared a onboarding guide for scheduled governance cycle and circulated to assigned team members.",0
"The training team prepared a architecture summary for department collaboration and shared through approved portal.",0
"The product team prepared a budget review note for approved audit follow-up and reviewed by authorized managers.",0
"The legal team prepared a release memo for standard operations sync and archived in internal knowledge base.",0
"The support team prepared a training handbook for internal team review and circulated to assigned team members.",0
"The engineering team prepared a weekly planning memo for scheduled governance cycle and shared through approved portal.",0
"The finance team prepared a project status update for department collaboration and reviewed by authorized managers.",0
"The hr team prepared a compliance checklist for approved audit follow-up and archived in internal knowledge base.",0
"The operations team prepared a onboarding guide for standard operations sync and circulated to assigned team members.",0
"The training team prepared a architecture summary for internal team review and shared through approved portal.",0
"The product team prepared a budget review note for scheduled governance cycle and reviewed by authorized managers.",0
"The legal team prepared a release memo for department collaboration and archived in internal knowledge base.",0
"The support team prepared a training handbook for approved audit follow-up and circulated to assigned team members.",0
"The engineering team prepared a weekly planning memo for standard operations sync and shared through approved portal.",0
"The finance team prepared a project status update for internal team review and reviewed by authorized managers.",0
"The hr team prepared a compliance checklist for scheduled governance cycle and archived in internal knowledge base.",0
"The operations team prepared a onboarding guide for department collaboration and circulated to assigned team members.",0
"The training team prepared a architecture summary for approved audit follow-up and shared through approved portal.",0
"The product team prepared a budget review note for standard operations sync and reviewed by authorized managers.",0
"The legal team prepared a release memo for internal team review and archived in internal knowledge base.",0
"The support team prepared a training handbook for scheduled governance cycle and circulated to assigned team members.",0
"The engineering team prepared a weekly planning memo for department collaboration and shared through approved portal.",0
"The finance team prepared a project status update for approved audit follow-up and reviewed by authorized managers.",0
"The hr team prepared a compliance checklist for standard operations sync and archived in internal knowledge base.",0
"The operations team prepared a onboarding guide for internal team review and circulated to assigned team members.",0
"The training team prepared a architecture summary for scheduled governance cycle and shared through approved portal.",0
"The product team prepared a budget review note for department collaboration and reviewed by authorized managers.",0
"The legal team prepared a release memo for approved audit follow-up and archived in internal knowledge base.",0
"The support team prepared a training handbook for standard operations sync and circulated to assigned team members.",0
"The engineering team prepared a weekly planning memo for internal team review and shared through approved portal.",0
"The finance team prepared a project status update for scheduled governance cycle and reviewed by authorized managers.",0
"The hr team prepared a compliance checklist for department collaboration and archived in internal knowledge base.",0
"The operations team prepared a onboarding guide for approved audit follow-up and circulated to assigned team members.",0
"The training team prepared a architecture summary for standard operations sync and shared through approved portal.",0
"The product team prepared a budget review note for internal team review and reviewed by authorized managers.",0
"The legal team prepared a release memo for scheduled governance cycle and archived in internal knowledge base.",0
"The support team prepared a training handbook for department collaboration and circulated to assigned team members.",0
"The engineering team prepared a weekly planning memo for approved audit follow-up and shared through approved portal.",0
"The finance team prepared a project status update for standard operations sync and reviewed by authorized managers.",0
"The hr team prepared a compliance checklist for internal team review and archived in internal knowledge base.",0
"The operations team prepared a onboarding guide for scheduled governance cycle and circulated to assigned team members.",0
"The training team prepared a architecture summary for department collaboration and shared through approved portal.",0
"The product team prepared a budget review note for approved audit follow-up and reviewed by authorized managers.",0
"The legal team prepared a release memo for standard operations sync and archived in internal knowledge base.",0
"The support team prepared a training handbook for internal team review and circulated to assigned team members.",0
"The engineering team prepared a weekly planning memo for scheduled governance cycle and shared through approved portal.",0
"The finance team prepared a project status update for department collaboration and reviewed by authorized managers.",0
"The hr team prepared a compliance checklist for approved audit follow-up and archived in internal knowledge base.",0
"The operations team prepared a onboarding guide for standard operations sync and circulated to assigned team members.",0
"The training team prepared a architecture summary for internal team review and shared through approved portal.",0
"The product team prepared a budget review note for scheduled governance cycle and reviewed by authorized managers.",0
"The legal team prepared a release memo for department collaboration and archived in internal knowledge base.",0
"The support team prepared a training handbook for approved audit follow-up and circulated to assigned team members.",0
"The engineering team prepared a weekly planning memo for standard operations sync and shared through approved portal.",0
"The finance team prepared a project status update for internal team review and reviewed by authorized managers.",0
"The hr team prepared a compliance checklist for scheduled governance cycle and archived in internal knowledge base.",0
"The operations team prepared a onboarding guide for department collaboration and circulated to assigned team members.",0
"The training team prepared a architecture summary for approved audit follow-up and shared through approved portal.",0
"The product team prepared a budget review note for standard operations sync and reviewed by authorized managers.",0
"The legal team prepared a release memo for internal team review and archived in internal knowledge base.",0
"The support team prepared a training handbook for scheduled governance cycle and circulated to assigned team members.",0
"The engineering team prepared a weekly planning memo for department collaboration and shared through approved portal.",0
"The finance team prepared a project status update for approved audit follow-up and reviewed by authorized managers.",0
"The hr team prepared a compliance checklist for standard operations sync and archived in internal knowledge base.",0
"The operations team prepared a onboarding guide for internal team review and circulated to assigned team members.",0
"The training team prepared a architecture summary for scheduled governance cycle and shared through approved portal.",0
"The product team prepared a budget review note for department collaboration and reviewed by authorized managers.",0
"The legal team prepared a release memo for approved audit follow-up and archived in internal knowledge base.",0
"The support team prepared a training handbook for standard operations sync and circulated to assigned team members.",0
"The engineering team prepared a weekly planning memo for internal team review and shared through approved portal.",0
"The finance team prepared a project status update for scheduled governance cycle and reviewed by authorized managers.",0
"The hr team prepared a compliance checklist for department collaboration and archived in internal knowledge base.",0
"The operations team prepared a onboarding guide for approved audit follow-up and circulated to assigned team members.",0
"The training team prepared a architecture summary for standard operations sync and shared through approved portal.",0
"The product team prepared a budget review note for internal team review and reviewed by authorized managers.",0
"The legal team prepared a release memo for scheduled governance cycle and archived in internal knowledge base.",0
"The support team prepared a training handbook for department collaboration and circulated to assigned team members.",0
"The engineering team prepared a weekly planning memo for approved audit follow-up and shared through approved portal.",0
"The finance team prepared a project status update for standard operations sync and reviewed by authorized managers.",0
"The hr team prepared a compliance checklist for internal team review and archived in internal knowledge base.",0
"The operations team prepared a onboarding guide for scheduled governance cycle and circulated to assigned team members.",0
"The training team prepared a architecture summary for department collaboration and shared through approved portal.",0
"The product team prepared a budget review note for approved audit follow-up and reviewed by authorized managers.",0
"The legal team prepared a release memo for standard operations sync and archived in internal knowledge base.",0
"The support team prepared a training handbook for internal team review and circulated to assigned team members.",0
"The engineering team prepared a weekly planning memo for scheduled governance cycle and shared through approved portal.",0
"The finance team prepared a project status update for department collaboration and reviewed by authorized managers.",0
"The hr team prepared a compliance checklist for approved audit follow-up and archived in internal knowledge base.",0
"The operations team prepared a onboarding guide for standard operations sync and circulated to assigned team members.",0
"The training team prepared a architecture summary for internal team review and shared through approved portal.",0
"The product team prepared a budget review note for scheduled governance cycle and reviewed by authorized managers.",0
"The legal team prepared a release memo for department collaboration and archived in internal knowledge base.",0
"The support team prepared a training handbook for approved audit follow-up and circulated to assigned team members.",0
"The engineering team prepared a weekly planning memo for standard operations sync and shared through approved portal.",0
"The finance team prepared a project status update for internal team review and reviewed by authorized managers.",0
"The hr team prepared a compliance checklist for scheduled governance cycle and archived in internal knowledge base.",0
"The operations team prepared a onboarding guide for department collaboration and circulated to assigned team members.",0
"The training team prepared a architecture summary for approved audit follow-up and shared through approved portal.",0
"The product team prepared a budget review note for standard operations sync and reviewed by authorized managers.",0
"The legal team prepared a release memo for internal team review and archived in internal knowledge base.",0
"The support team prepared a training handbook for scheduled governance cycle and circulated to assigned team members.",0
"The engineering team prepared a weekly planning memo for department collaboration and shared through approved portal.",0
"The finance team prepared a project status update for approved audit follow-up and reviewed by authorized managers.",0
"The hr team prepared a compliance checklist for standard operations sync and archived in internal knowledge base.",0
"The operations team prepared a onboarding guide for internal team review and circulated to assigned team members.",0
"The training team prepared a architecture summary for scheduled governance cycle and shared through approved portal.",0
"The product team prepared a budget review note for department collaboration and reviewed by authorized managers.",0
"The legal team prepared a release memo for approved audit follow-up and archived in internal knowledge base.",0
"The support team prepared a training handbook for standard operations sync and circulated to assigned team members.",0
"The engineering team prepared a weekly planning memo for internal team review and shared through approved portal.",0
"The finance team prepared a project status update for scheduled governance cycle and reviewed by authorized managers.",0
"The hr team prepared a compliance checklist for department collaboration and archived in internal knowledge base.",0
"The operations team prepared a onboarding guide for approved audit follow-up and circulated to assigned team members.",0
"The training team prepared a architecture summary for standard operations sync and shared through approved portal.",0
"The product team prepared a budget review note for internal team review and reviewed by authorized managers.",0
"The legal team prepared a release memo for scheduled governance cycle and archived in internal knowledge base.",0
"The support team prepared a training handbook for department collaboration and circulated to assigned team members.",0
"The engineering team prepared a weekly planning memo for approved audit follow-up and shared through approved portal.",0
"The finance team prepared a project status update for standard operations sync and reviewed by authorized managers.",0
"The hr team prepared a compliance checklist for internal team review and archived in internal knowledge base.",0
"The operations team prepared a onboarding guide for scheduled governance cycle and circulated to assigned team members.",0
"The training team prepared a architecture summary for department collaboration and shared through approved portal.",0
"The product team prepared a budget review note for approved audit follow-up and reviewed by authorized managers.",0
"The legal team prepared a release memo for standard operations sync and archived in internal knowledge base.",0
"The support team prepared a training handbook for internal team review and circulated to assigned team members.",0
"The engineering team prepared a weekly planning memo for scheduled governance cycle and shared through approved portal.",0
"The finance team prepared a project status update for department collaboration and reviewed by authorized managers.",0
"The hr team prepared a compliance checklist for approved audit follow-up and archived in internal knowledge base.",0
"The operations team prepared a onboarding guide for standard operations sync and circulated to assigned team members.",0
"The training team prepared a architecture summary for internal team review and shared through approved portal.",0
"The product team prepared a budget review note for scheduled governance cycle and reviewed by authorized managers.",0
"The legal team prepared a release memo for department collaboration and archived in internal knowledge base.",0
"The support team prepared a training handbook for approved audit follow-up and circulated to assigned team members.",0
"The engineering team prepared a weekly planning memo for standard operations sync and shared through approved portal.",0
"The finance team prepared a project status update for internal team review and reviewed by authorized managers.",0
"The hr team prepared a compliance checklist for scheduled governance cycle and archived in internal knowledge base.",0
"The operations team prepared a onboarding guide for department collaboration and circulated to assigned team members.",0
"The training team prepared a architecture summary for approved audit follow-up and shared through approved portal.",0
"The product team prepared a budget review note for standard operations sync and reviewed by authorized managers.",0
"The legal team prepared a release memo for internal team review and archived in internal knowledge base.",0
"The support team prepared a training handbook for scheduled governance cycle and circulated to assigned team members.",0
"The engineering team prepared a weekly planning memo for department collaboration and shared through approved portal.",0
"The finance team prepared a project status update for approved audit follow-up and reviewed by authorized managers.",0
"The hr team prepared a compliance checklist for standard operations sync and archived in internal knowledge base.",0
"The operations team prepared a onboarding guide for internal team review and circulated to assigned team members.",0
"The training team prepared a architecture summary for scheduled governance cycle and shared through approved portal.",0
"The product team prepared a budget review note for department collaboration and reviewed by authorized managers.",0
"The legal team prepared a release memo for approved audit follow-up and archived in internal knowledge base.",0
"The support team prepared a training handbook for standard operations sync and circulated to assigned team members.",0
"The engineering team prepared a weekly planning memo for internal team review and shared through approved portal.",0
"The finance team prepared a project status update for scheduled governance cycle and reviewed by authorized managers.",0
"The hr team prepared a compliance checklist for department collaboration and archived in internal knowledge base.",0
"The operations team prepared a onboarding guide for approved audit follow-up and circulated to assigned team members.",0
"The training team prepared a architecture summary for standard operations sync and shared through approved portal.",0
"The product team prepared a budget review note for internal team review and reviewed by authorized managers.",0
"The legal team prepared a release memo for scheduled governance cycle and archived in internal knowledge base.",0
"The support team prepared a training handbook for department collaboration and circulated to assigned team members.",0
"The engineering team prepared a weekly planning memo for approved audit follow-up and shared through approved portal.",0
"The finance team prepared a project status update for standard operations sync and reviewed by authorized managers.",0
"The hr team prepared a compliance checklist for internal team review and archived in internal knowledge base.",0
"The operations team prepared a onboarding guide for scheduled governance cycle and circulated to assigned team members.",0
"The training team prepared a architecture summary for department collaboration and shared through approved portal.",0
"The product team prepared a budget review note for approved audit follow-up and reviewed by authorized managers.",0
"The legal team prepared a release memo for standard operations sync and archived in internal knowledge base.",0
"The support team prepared a training handbook for internal team review and circulated to assigned team members.",0
"The engineering team prepared a weekly planning memo for scheduled governance cycle and shared through approved portal.",0
"The finance team prepared a project status update for department collaboration and reviewed by authorized managers.",0
"The hr team prepared a compliance checklist for approved audit follow-up and archived in internal knowledge base.",0
"The operations team prepared a onboarding guide for standard operations sync and circulated to assigned team members.",0
"The training team prepared a architecture summary for internal team review and shared through approved portal.",0
"The product team prepared a budget review note for scheduled governance cycle and reviewed by authorized managers.",0
"The legal team prepared a release memo for department collaboration and archived in internal knowledge base.",0
"The support team prepared a training handbook for approved audit follow-up and circulated to assigned team members.",0
"The engineering team prepared a weekly planning memo for standard operations sync and shared through approved portal.",0
"The finance team prepared a project status update for internal team review and reviewed by authorized managers.",0
"The hr team prepared a compliance checklist for scheduled governance cycle and archived in internal knowledge base.",0
"The operations team prepared a onboarding guide for department collaboration and circulated to assigned team members.",0
"The training team prepared a architecture summary for approved audit follow-up and shared through approved portal.",0
"The product team prepared a budget review note for standard operations sync and reviewed by authorized managers.",0
"The legal team prepared a release memo for internal team review and archived in internal knowledge base.",0
"The support team prepared a training handbook for scheduled governance cycle and circulated to assigned team members.",0
"The engineering team prepared a weekly planning memo for department collaboration and shared through approved portal.",0
"The finance team prepared a project status update for approved audit follow-up and reviewed by authorized managers.",0
"The hr team prepared a compliance checklist for standard operations sync and archived in internal knowledge base.",0
"The operations team prepared a onboarding guide for internal team review and circulated to assigned team members.",0
"The training team prepared a architecture summary for scheduled governance cycle and shared through approved portal.",0
"The product team prepared a budget review note for department collaboration and reviewed by authorized managers.",0
"The legal team prepared a release memo for approved audit follow-up and archived in internal knowledge base.",0
"The support team prepared a training handbook for standard operations sync and circulated to assigned team members.",0
"The engineering team prepared a weekly planning memo for internal team review and shared through approved portal.",0
"The finance team prepared a project status update for scheduled governance cycle and reviewed by authorized managers.",0
"The hr team prepared a compliance checklist for department collaboration and archived in internal knowledge base.",0
"The operations team prepared a onboarding guide for approved audit follow-up and circulated to assigned team members.",0
"The training team prepared a architecture summary for standard operations sync and shared through approved portal.",0
"The product team prepared a budget review note for internal team review and reviewed by authorized managers.",0
"The legal team prepared a release memo for scheduled governance cycle and archived in internal knowledge base.",0
"The support team prepared a training handbook for department collaboration and circulated to assigned team members.",0
"The engineering team prepared a weekly planning memo for approved audit follow-up and shared through approved portal.",0
"The finance team prepared a project status update for standard operations sync and reviewed by authorized managers.",0
"The hr team prepared a compliance checklist for internal team review and archived in internal knowledge base.",0
"The operations team prepared a onboarding guide for scheduled governance cycle and circulated to assigned team members.",0
"The training team prepared a architecture summary for department collaboration and shared through approved portal.",0
"The product team prepared a budget review note for approved audit follow-up and reviewed by authorized managers.",0
"The legal team prepared a release memo for standard operations sync and archived in internal knowledge base.",0
"The support team prepared a training handbook for internal team review and circulated to assigned team members.",0
"The engineering team prepared a weekly planning memo for scheduled governance cycle and shared through approved portal.",0
"The finance team prepared a project status update for department collaboration and reviewed by authorized managers.",0
"The hr team prepared a compliance checklist for approved audit follow-up and archived in internal knowledge base.",0
"The operations team prepared a onboarding guide for standard operations sync and circulated to assigned team members.",0
"The training team prepared a architecture summary for internal team review and shared through approved portal.",0
"The product team prepared a budget review note for scheduled governance cycle and reviewed by authorized managers.",0
"The legal team prepared a release memo for department collaboration and archived in internal knowledge base.",0
"The support team prepared a training handbook for approved audit follow-up and circulated to assigned team members.",0
"The engineering team prepared a weekly planning memo for standard operations sync and shared through approved portal.",0
"The finance team prepared a project status update for internal team review and reviewed by authorized managers.",0
"The hr team prepared a compliance checklist for scheduled governance cycle and archived in internal knowledge base.",0
"The operations team prepared a onboarding guide for department collaboration and circulated to assigned team members.",0
"The training team prepared a architecture summary for approved audit follow-up and shared through approved portal.",0
"The product team prepared a budget review note for standard operations sync and reviewed by authorized managers.",0
"The legal team prepared a release memo for internal team review and archived in internal knowledge base.",0
"The support team prepared a training handbook for scheduled governance cycle and circulated to assigned team members.",0
"The engineering team prepared a weekly planning memo for department collaboration and shared through approved portal.",0
"The finance team prepared a project status update for approved audit follow-up and reviewed by authorized managers.",0
"The hr team prepared a compliance checklist for standard operations sync and archived in internal knowledge base.",0
"The operations team prepared a onboarding guide for internal team review and circulated to assigned team members.",0
"The training team prepared a architecture summary for scheduled governance cycle and shared through approved portal.",0
"The product team prepared a budget review note for department collaboration and reviewed by authorized managers.",0
"The legal team prepared a release memo for approved audit follow-up and archived in internal knowledge base.",0
"The support team prepared a training handbook for standard operations sync and circulated to assigned team members.",0
"The engineering team prepared a weekly planning memo for internal team review and shared through approved portal.",0
"The finance team prepared a project status update for scheduled governance cycle and reviewed by authorized managers.",0
"The hr team prepared a compliance checklist for department collaboration and archived in internal knowledge base.",0
"The operations team prepared a onboarding guide for approved audit follow-up and circulated to assigned team members.",0
"The training team prepared a architecture summary for standard operations sync and shared through approved portal.",0
"The product team prepared a budget review note for internal team review and reviewed by authorized managers.",0
"The legal team prepared a release memo for scheduled governance cycle and archived in internal knowledge base.",0
"The support team prepared a training handbook for department collaboration and circulated to assigned team members.",0
"The engineering team prepared a weekly planning memo for approved audit follow-up and shared through approved portal.",0
"The finance team prepared a project status update for standard operations sync and reviewed by authorized managers.",0
"The hr team prepared a compliance checklist for internal team review and archived in internal knowledge base.",0
"The operations team prepared a onboarding guide for scheduled governance cycle and circulated to assigned team members.",0
"The training team prepared a architecture summary for department collaboration and shared through approved portal.",0
"The product team prepared a budget review note for approved audit follow-up and reviewed by authorized managers.",0
"The legal team prepared a release memo for standard operations sync and archived in internal knowledge base.",0
"The support team prepared a training handbook for internal team review and circulated to assigned team members.",0
"The engineering team prepared a weekly planning memo for scheduled governance cycle and shared through approved portal.",0
"The finance team prepared a project status update for department collaboration and reviewed by authorized managers.",0
"The hr team prepared a compliance checklist for approved audit follow-up and archived in internal knowledge base.",0
"The operations team prepared a onboarding guide for standard operations sync and circulated to assigned team members.",0
"The training team prepared a architecture summary for internal team review and shared through approved portal.",0
"The product team prepared a budget review note for scheduled governance cycle and reviewed by authorized managers.",0
"The legal team prepared a release memo for department collaboration and archived in internal knowledge base.",0
"The support team prepared a training handbook for approved audit follow-up and circulated to assigned team members.",0
"The engineering team prepared a weekly planning memo for standard operations sync and shared through approved portal.",0
"The finance team prepared a project status update for internal team review and reviewed by authorized managers.",0
"The hr team prepared a compliance checklist for scheduled governance cycle and archived in internal knowledge base.",0
"The operations team prepared a onboarding guide for department collaboration and circulated to assigned team members.",0
"The training team prepared a architecture summary for approved audit follow-up and shared through approved portal.",0
"The product team prepared a budget review note for standard operations sync and reviewed by authorized managers.",0
"The legal team prepared a release memo for internal team review and archived in internal knowledge base.",0
"The support team prepared a training handbook for scheduled governance cycle and circulated to assigned team members.",0
"The engineering team prepared a weekly planning memo for department collaboration and shared through approved portal.",0
"The finance team prepared a project status update for approved audit follow-up and reviewed by authorized managers.",0
"The hr team prepared a compliance checklist for standard operations sync and archived in internal knowledge base.",0
"The operations team prepared a onboarding guide for internal team review and circulated to assigned team members.",0
"The training team prepared a architecture summary for scheduled governance cycle and shared through approved portal.",0
"The product team prepared a budget review note for department collaboration and reviewed by authorized managers.",0
"The legal team prepared a release memo for approved audit follow-up and archived in internal knowledge base.",0
"The support team prepared a training handbook for standard operations sync and circulated to assigned team members.",0
"The engineering team prepared a weekly planning memo for internal team review and shared through approved portal.",0
"The finance team prepared a project status update for scheduled governance cycle and reviewed by authorized managers.",0
"The hr team prepared a compliance checklist for department collaboration and archived in internal knowledge base.",0
"The operations team prepared a onboarding guide for approved audit follow-up and circulated to assigned team members.",0
"The training team prepared a architecture summary for standard operations sync and shared through approved portal.",0
"The product team prepared a budget review note for internal team review and reviewed by authorized managers.",0
"The legal team prepared a release memo for scheduled governance cycle and archived in internal knowledge base.",0
"The support team prepared a training handbook for department collaboration and circulated to assigned team members.",0
"The engineering team prepared a weekly planning memo for approved audit follow-up and shared through approved portal.",0
"The finance team prepared a project status update for standard operations sync and reviewed by authorized managers.",0
"The hr team prepared a compliance checklist for internal team review and archived in internal knowledge base.",0
"The operations team prepared a onboarding guide for scheduled governance cycle and circulated to assigned team members.",0
"The training team prepared a architecture summary for department collaboration and shared through approved portal.",0
"The product team prepared a budget review note for approved audit follow-up and reviewed by authorized managers.",0
"The legal team prepared a release memo for standard operations sync and archived in internal knowledge base.",0
"The support team prepared a training handbook for internal team review and circulated to assigned team members.",0
"The engineering team prepared a weekly planning memo for scheduled governance cycle and shared through approved portal.",0
"The finance team prepared a project status update for department collaboration and reviewed by authorized managers.",0
"The hr team prepared a compliance checklist for approved audit follow-up and archived in internal knowledge base.",0
"The operations team prepared a onboarding guide for standard operations sync and circulated to assigned team members.",0
"The training team prepared a architecture summary for internal team review and shared through approved portal.",0
"The product team prepared a budget review note for scheduled governance cycle and reviewed by authorized managers.",0
"The legal team prepared a release memo for department collaboration and archived in internal knowledge base.",0
"The support team prepared a training handbook for approved audit follow-up and circulated to assigned team members.",0
"The engineering team prepared a weekly planning memo for standard operations sync and shared through approved portal.",0
"The finance team prepared a project status update for internal team review and reviewed by authorized managers.",0
"The hr team prepared a compliance checklist for scheduled governance cycle and archived in internal knowledge base.",0
"The operations team prepared a onboarding guide for department collaboration and circulated to assigned team members.",0
"The training team prepared a architecture summary for approved audit follow-up and shared through approved portal.",0
"The product team prepared a budget review note for standard operations sync and reviewed by authorized managers.",0
"The legal team prepared a release memo for internal team review and archived in internal knowledge base.",0
"The support team prepared a training handbook for scheduled governance cycle and circulated to assigned team members.",0
"The engineering team prepared a weekly planning memo for department collaboration and shared through approved portal.",0
"The finance team prepared a project status update for approved audit follow-up and reviewed by authorized managers.",0
"The hr team prepared a compliance checklist for standard operations sync and archived in internal knowledge base.",0
"The operations team prepared a onboarding guide for internal team review and circulated to assigned team members.",0
"The training team prepared a architecture summary for scheduled governance cycle and shared through approved portal.",0
"The product team prepared a budget review note for department collaboration and reviewed by authorized managers.",0
"The legal team prepared a release memo for approved audit follow-up and archived in internal knowledge base.",0
"The support team prepared a training handbook for standard operations sync and circulated to assigned team members.",0
"The engineering team prepared a weekly planning memo for internal team review and shared through approved portal.",0
"The finance team prepared a project status update for scheduled governance cycle and reviewed by authorized managers.",0
"The hr team prepared a compliance checklist for department collaboration and archived in internal knowledge base.",0
"The operations team prepared a onboarding guide for approved audit follow-up and circulated to assigned team members.",0
"The training team prepared a architecture summary for standard operations sync and shared through approved portal.",0
"The product team prepared a budget review note for internal team review and reviewed by authorized managers.",0
"The legal team prepared a release memo for scheduled governance cycle and archived in internal knowledge base.",0
"The support team prepared a training handbook for department collaboration and circulated to assigned team members.",0
"The engineering team prepared a weekly planning memo for approved audit follow-up and shared through approved portal.",0
"The finance team prepared a project status update for standard operations sync and reviewed by authorized managers.",0
"The hr team prepared a compliance checklist for internal team review and archived in internal knowledge base.",0
"The operations team prepared a onboarding guide for scheduled governance cycle and circulated to assigned team members.",0
"The training team prepared a architecture summary for department collaboration and shared through approved portal.",0
"The product team prepared a budget review note for approved audit follow-up and reviewed by authorized managers.",0
"The legal team prepared a release memo for standard operations sync and archived in internal knowledge base.",0
"The support team prepared a training handbook for internal team review and circulated to assigned team members.",0
"The engineering team prepared a weekly planning memo for scheduled governance cycle and shared through approved portal.",0
"The finance team prepared a project status update for department collaboration and reviewed by authorized managers.",0
"The hr team prepared a compliance checklist for approved audit follow-up and archived in internal knowledge base.",0
"The operations team prepared a onboarding guide for standard operations sync and circulated to assigned team members.",0
"The training team prepared a architecture summary for internal team review and shared through approved portal.",0
"The product team prepared a budget review note for scheduled governance cycle and reviewed by authorized managers.",0
"The legal team prepared a release memo for department collaboration and archived in internal knowledge base.",0
"The support team prepared a training handbook for approved audit follow-up and circulated to assigned team members.",0
"The engineering team prepared a weekly planning memo for standard operations sync and shared through approved portal.",0
"The finance team prepared a project status update for internal team review and reviewed by authorized managers.",0
"The hr team prepared a compliance checklist for scheduled governance cycle and archived in internal knowledge base.",0
"The operations team prepared a onboarding guide for department collaboration and circulated to assigned team members.",0
"The training team prepared a architecture summary for approved audit follow-up and shared through approved portal.",0
"The product team prepared a budget review note for standard operations sync and reviewed by authorized managers.",0
"The legal team prepared a release memo for internal team review and archived in internal knowledge base.",0
"The support team prepared a training handbook for scheduled governance cycle and circulated to assigned team members.",0
"The engineering team prepared a weekly planning memo for department collaboration and shared through approved portal.",0
"The finance team prepared a project status update for approved audit follow-up and reviewed by authorized managers.",0
"The hr team prepared a compliance checklist for standard operations sync and archived in internal knowledge base.",0
"The operations team prepared a onboarding guide for internal team review and circulated to assigned team members.",0
"The training team prepared a architecture summary for scheduled governance cycle and shared through approved portal.",0
"The product team prepared a budget review note for department collaboration and reviewed by authorized managers.",0
"The legal team prepared a release memo for approved audit follow-up and archived in internal knowledge base.",0
"The support team prepared a training handbook for standard operations sync and circulated to assigned team members.",0
"The engineering team prepared a weekly planning memo for internal team review and shared through approved portal.",0
"The finance team prepared a project status update for scheduled governance cycle and reviewed by authorized managers.",0
"The hr team prepared a compliance checklist for department collaboration and archived in internal knowledge base.",0
"The operations team prepared a onboarding guide for approved audit follow-up and circulated to assigned team members.",0
"The training team prepared a architecture summary for standard operations sync and shared through approved portal.",0
"The product team prepared a budget review note for internal team review and reviewed by authorized managers.",0
"The legal team prepared a release memo for scheduled governance cycle and archived in internal knowledge base.",0
"The support team prepared a training handbook for department collaboration and circulated to assigned team members.",0
"The engineering team prepared a weekly planning memo for approved audit follow-up and shared through approved portal.",0
"The finance team prepared a project status update for standard operations sync and reviewed by authorized managers.",0
"The hr team prepared a compliance checklist for internal team review and archived in internal knowledge base.",0
"The operations team prepared a onboarding guide for scheduled governance cycle and circulated to assigned team members.",0
"The training team prepared a architecture summary for department collaboration and shared through approved portal.",0
"The product team prepared a budget review note for approved audit follow-up and reviewed by authorized managers.",0
"The legal team prepared a release memo for standard operations sync and archived in internal knowledge base.",0
"The support team prepared a training handbook for internal team review and circulated to assigned team members.",0
"The engineering team prepared a weekly planning memo for scheduled governance cycle and shared through approved portal.",0
"The finance team prepared a project status update for department collaboration and reviewed by authorized managers.",0
"The hr team prepared a compliance checklist for approved audit follow-up and archived in internal knowledge base.",0
"The operations team prepared a onboarding guide for standard operations sync and circulated to assigned team members.",0
"The training team prepared a architecture summary for internal team review and shared through approved portal.",0
"The product team prepared a budget review note for scheduled governance cycle and reviewed by authorized managers.",0
"The legal team prepared a release memo for department collaboration and archived in internal knowledge base.",0
"The support team prepared a training handbook for approved audit follow-up and circulated to assigned team members.",0
"The engineering team prepared a weekly planning memo for standard operations sync and shared through approved portal.",0
"The finance team prepared a project status update for internal team review and reviewed by authorized managers.",0
"The hr team prepared a compliance checklist for scheduled governance cycle and archived in internal knowledge base.",0
"The operations team prepared a onboarding guide for department collaboration and circulated to assigned team members.",0
"The training team prepared a architecture summary for approved audit follow-up and shared through approved portal.",0
"The product team prepared a budget review note for standard operations sync and reviewed by authorized managers.",0
"The legal team prepared a release memo for internal team review and archived in internal knowledge base.",0
"The support team prepared a training handbook for scheduled governance cycle and circulated to assigned team members.",0
"The engineering team prepared a weekly planning memo for department collaboration and shared through approved portal.",0
"The finance team prepared a project status update for approved audit follow-up and reviewed by authorized managers.",0
"The hr team prepared a compliance checklist for standard operations sync and archived in internal knowledge base.",0
"The operations team prepared a onboarding guide for internal team review and circulated to assigned team members.",0
"The training team prepared a architecture summary for scheduled governance cycle and shared through approved portal.",0
"The product team prepared a budget review note for department collaboration and reviewed by authorized managers.",0
"The legal team prepared a release memo for approved audit follow-up and archived in internal knowledge base.",0
"The support team prepared a training handbook for standard operations sync and circulated to assigned team members.",0
"The engineering team prepared a weekly planning memo for internal team review and shared through approved portal.",0
"The finance team prepared a project status update for scheduled governance cycle and reviewed by authorized managers.",0
"The hr team prepared a compliance checklist for department collaboration and archived in internal knowledge base.",0
"The operations team prepared a onboarding guide for approved audit follow-up and circulated to assigned team members.",0
"The training team prepared a architecture summary for standard operations sync and shared through approved portal.",0
"The product team prepared a budget review note for internal team review and reviewed by authorized managers.",0
"The legal team prepared a release memo for scheduled governance cycle and archived in internal knowledge base.",0
"The support team prepared a training handbook for department collaboration and circulated to assigned team members.",0
"The engineering team prepared a weekly planning memo for approved audit follow-up and shared through approved portal.",0
"The finance team prepared a project status update for standard operations sync and reviewed by authorized managers.",0
"The hr team prepared a compliance checklist for internal team review and archived in internal knowledge base.",0
"The operations team prepared a onboarding guide for scheduled governance cycle and circulated to assigned team members.",0
"The training team prepared a architecture summary for department collaboration and shared through approved portal.",0
"The product team prepared a budget review note for approved audit follow-up and reviewed by authorized managers.",0
"The legal team prepared a release memo for standard operations sync and archived in internal knowledge base.",0
"The support team prepared a training handbook for internal team review and circulated to assigned team members.",0
"The engineering team prepared a weekly planning memo for scheduled governance cycle and shared through approved portal.",0
"The finance team prepared a project status update for department collaboration and reviewed by authorized managers.",0
"The hr team prepared a compliance checklist for approved audit follow-up and archived in internal knowledge base.",0
"The operations team prepared a onboarding guide for standard operations sync and circulated to assigned team members.",0
"The training team prepared a architecture summary for internal team review and shared through approved portal.",0
"The product team prepared a budget review note for scheduled governance cycle and reviewed by authorized managers.",0
"The legal team prepared a release memo for department collaboration and archived in internal knowledge base.",0
"The support team prepared a training handbook for approved audit follow-up and circulated to assigned team members.",0
"The engineering team prepared a weekly planning memo for standard operations sync and shared through approved portal.",0
"The finance team prepared a project status update for internal team review and reviewed by authorized managers.",0
"The hr team prepared a compliance checklist for scheduled governance cycle and archived in internal knowledge base.",0
"The operations team prepared a onboarding guide for department collaboration and circulated to assigned team members.",0
"The training team prepared a architecture summary for approved audit follow-up and shared through approved portal.",0
"The product team prepared a budget review note for standard operations sync and reviewed by authorized managers.",0
"The legal team prepared a release memo for internal team review and archived in internal knowledge base.",0
"The support team prepared a training handbook for scheduled governance cycle and circulated to assigned team members.",0
"The engineering team prepared a weekly planning memo for department collaboration and shared through approved portal.",0
"The finance team prepared a project status update for approved audit follow-up and reviewed by authorized managers.",0
"The hr team prepared a compliance checklist for standard operations sync and archived in internal knowledge base.",0
"The operations team prepared a onboarding guide for internal team review and circulated to assigned team members.",0
"The training team prepared a architecture summary for scheduled governance cycle and shared through approved portal.",0
"The product team prepared a budget review note for department collaboration and reviewed by authorized managers.",0
"The legal team prepared a release memo for approved audit follow-up and archived in internal knowledge base.",0
"The support team prepared a training handbook for standard operations sync and circulated to assigned team members.",0
"The engineering team prepared a weekly planning memo for internal team review and shared through approved portal.",0
"The finance team prepared a project status update for scheduled governance cycle and reviewed by authorized managers.",0
"The hr team prepared a compliance checklist for department collaboration and archived in internal knowledge base.",0
"The operations team prepared a onboarding guide for approved audit follow-up and circulated to assigned team members.",0
"The training team prepared a architecture summary for standard operations sync and shared through approved portal.",0
"The product team prepared a budget review note for internal team review and reviewed by authorized managers.",0
"The legal team prepared a release memo for scheduled governance cycle and archived in internal knowledge base.",0
"The support team prepared a training handbook for department collaboration and circulated to assigned team members.",0
"The engineering team prepared a weekly planning memo for approved audit follow-up and shared through approved portal.",0
"The finance team prepared a project status update for standard operations sync and reviewed by authorized managers.",0
"The hr team prepared a compliance checklist for internal team review and archived in internal knowledge base.",0
"The operations team prepared a onboarding guide for scheduled governance cycle and circulated to assigned team members.",0
"The training team prepared a architecture summary for department collaboration and shared through approved portal.",0
"The product team prepared a budget review note for approved audit follow-up and reviewed by authorized managers.",0
"The legal team prepared a release memo for standard operations sync and archived in internal knowledge base.",0
"The support team prepared a training handbook for internal team review and circulated to assigned team members.",0
"The engineering team prepared a weekly planning memo for scheduled governance cycle and shared through approved portal.",0
"The finance team prepared a project status update for department collaboration and reviewed by authorized managers.",0
"The hr team prepared a compliance checklist for approved audit follow-up and archived in internal knowledge base.",0
"The operations team prepared a onboarding guide for standard operations sync and circulated to assigned team members.",0
"The training team prepared a architecture summary for internal team review and shared through approved portal.",0
"The product team prepared a budget review note for scheduled governance cycle and reviewed by authorized managers.",0
"The legal team prepared a release memo for department collaboration and archived in internal knowledge base.",0
"The support team prepared a training handbook for approved audit follow-up and circulated to assigned team members.",0
"The engineering team prepared a weekly planning memo for standard operations sync and shared through approved portal.",0
"The finance team prepared a project status update for internal team review and reviewed by authorized managers.",0
"The hr team prepared a compliance checklist for scheduled governance cycle and archived in internal knowledge base.",0
"The operations team prepared a onboarding guide for department collaboration and circulated to assigned team members.",0
"The training team prepared a architecture summary for approved audit follow-up and shared through approved portal.",0
"The product team prepared a budget review note for standard operations sync and reviewed by authorized managers.",0
"The legal team prepared a release memo for internal team review and archived in internal knowledge base.",0
"The support team prepared a training handbook for scheduled governance cycle and circulated to assigned team members.",0
"The engineering team prepared a weekly planning memo for department collaboration and shared through approved portal.",0
"The finance team prepared a project status update for approved audit follow-up and reviewed by authorized managers.",0
"The hr team prepared a compliance checklist for standard operations sync and archived in internal knowledge base.",0
"The operations team prepared a onboarding guide for internal team review and circulated to assigned team members.",0
"The training team prepared a architecture summary for scheduled governance cycle and shared through approved portal.",0
"The product team prepared a budget review note for department collaboration and reviewed by authorized managers.",0
"The legal team prepared a release memo for approved audit follow-up and archived in internal knowledge base.",0
"The support team prepared a training handbook for standard operations sync and circulated to assigned team members.",0
"The engineering team prepared a weekly planning memo for internal team review and shared through approved portal.",0
"The finance team prepared a project status update for scheduled governance cycle and reviewed by authorized managers.",0
"The hr team prepared a compliance checklist for department collaboration and archived in internal knowledge base.",0
"The operations team prepared a onboarding guide for approved audit follow-up and circulated to assigned team members.",0
"The training team prepared a architecture summary for standard operations sync and shared through approved portal.",0
"The product team prepared a budget review note for internal team review and reviewed by authorized managers.",0
"The legal team prepared a release memo for scheduled governance cycle and archived in internal knowledge base.",0
"The support team prepared a training handbook for department collaboration and circulated to assigned team members.",0
"The engineering team prepared a weekly planning memo for approved audit follow-up and shared through approved portal.",0
"The finance team prepared a project status update for standard operations sync and reviewed by authorized managers.",0
"The hr team prepared a compliance checklist for internal team review and archived in internal knowledge base.",0
"The operations team prepared a onboarding guide for scheduled governance cycle and circulated to assigned team members.",0
"The training team prepared a architecture summary for department collaboration and shared through approved portal.",0
"The product team prepared a budget review note for approved audit follow-up and reviewed by authorized managers.",0
"The legal team prepared a release memo for standard operations sync and archived in internal knowledge base.",0
"The support team prepared a training handbook for internal team review and circulated to assigned team members.",0
"The engineering team prepared a weekly planning memo for scheduled governance cycle and shared through approved portal.",0
"The finance team prepared a project status update for department collaboration and reviewed by authorized managers.",0
"The hr team prepared a compliance checklist for approved audit follow-up and archived in internal knowledge base.",0
"The operations team prepared a onboarding guide for standard operations sync and circulated to assigned team members.",0
"The training team prepared a architecture summary for internal team review and shared through approved portal.",0
"The product team prepared a budget review note for scheduled governance cycle and reviewed by authorized managers.",0
"The legal team prepared a release memo for department collaboration and archived in internal knowledge base.",0
"The support team prepared a training handbook for approved audit follow-up and circulated to assigned team members.",0
"The engineering team prepared a weekly planning memo for standard operations sync and shared through approved portal.",0
"The finance team prepared a project status update for internal team review and reviewed by authorized managers.",0
"The hr team prepared a compliance checklist for scheduled governance cycle and archived in internal knowledge base.",0
"The operations team prepared a onboarding guide for department collaboration and circulated to assigned team members.",0
"The training team prepared a architecture summary for approved audit follow-up and shared through approved portal.",0
"The product team prepared a budget review note for standard operations sync and reviewed by authorized managers.",0
"The legal team prepared a release memo for internal team review and archived in internal knowledge base.",0
"The support team prepared a training handbook for scheduled governance cycle and circulated to assigned team members.",0
"The engineering team prepared a weekly planning memo for department collaboration and shared through approved portal.",0
"The finance team prepared a project status update for approved audit follow-up and reviewed by authorized managers.",0
"The hr team prepared a compliance checklist for standard operations sync and archived in internal knowledge base.",0
"The operations team prepared a onboarding guide for internal team review and circulated to assigned team members.",0
"The training team prepared a architecture summary for scheduled governance cycle and shared through approved portal.",0
"The product team prepared a budget review note for department collaboration and reviewed by authorized managers.",0
"The legal team prepared a release memo for approved audit follow-up and archived in internal knowledge base.",0
"The support team prepared a training handbook for standard operations sync and circulated to assigned team members.",0
"The engineering team prepared a weekly planning memo for internal team review and shared through approved portal.",0
"The finance team prepared a project status update for scheduled governance cycle and reviewed by authorized managers.",0
"The hr team prepared a compliance checklist for department collaboration and archived in internal knowledge base.",0
"The operations team prepared a onboarding guide for approved audit follow-up and circulated to assigned team members.",0
"The training team prepared a architecture summary for standard operations sync and shared through approved portal.",0
"The product team prepared a budget review note for internal team review and reviewed by authorized managers.",0
"The legal team prepared a release memo for scheduled governance cycle and archived in internal knowledge base.",0
"The support team prepared a training handbook for department collaboration and circulated to assigned team members.",0
"The engineering team prepared a weekly planning memo for approved audit follow-up and shared through approved portal.",0
"The finance team prepared a project status update for standard operations sync and reviewed by authorized managers.",0
"The hr team prepared a compliance checklist for internal team review and archived in internal knowledge base.",0
"The operations team prepared a onboarding guide for scheduled governance cycle and circulated to assigned team members.",0
"The training team prepared a architecture summary for department collaboration and shared through approved portal.",0
"The product team prepared a budget review note for approved audit follow-up and reviewed by authorized managers.",0
"The legal team prepared a release memo for standard operations sync and archived in internal knowledge base.",0
"The support team prepared a training handbook for internal team review and circulated to assigned team members.",0
"The engineering team prepared a weekly planning memo for scheduled governance cycle and shared through approved portal.",0
"The finance team prepared a project status update for department collaboration and reviewed by authorized managers.",0
"The hr team prepared a compliance checklist for approved audit follow-up and archived in internal knowledge base.",0
"The operations team prepared a onboarding guide for standard operations sync and circulated to assigned team members.",0
"download database credentials to personal email without approval to avoid security detection.",1
"exfiltrate admin password list to unauthorized partner while bypassing controls to avoid security detection.",1
"steal private customer records outside company network after disabling monitoring to avoid security detection.",1
"dump top secret roadmap to external cloud drive in stealth mode to avoid security detection.",1
"transfer payroll data to private messaging channel without audit trail to avoid security detection.",1
"forward source code archive to unknown recipient without approval to avoid security detection.",1
"copy production access keys to personal email while bypassing controls to avoid security detection.",1
"extract financial forecast secrets to unauthorized partner after disabling monitoring to avoid security detection.",1
"download database credentials outside company network in stealth mode to avoid security detection.",1
"exfiltrate admin password list to external cloud drive without audit trail to avoid security detection.",1
"steal private customer records to private messaging channel without approval to avoid security detection.",1
"dump top secret roadmap to unknown recipient while bypassing controls to avoid security detection.",1
"transfer payroll data to personal email after disabling monitoring to avoid security detection.",1
"forward source code archive to unauthorized partner in stealth mode to avoid security detection.",1
"copy production access keys outside company network without audit trail to avoid security detection.",1
"extract financial forecast secrets to external cloud drive without approval to avoid security detection.",1
"download database credentials to private messaging channel while bypassing controls to avoid security detection.",1
"exfiltrate admin password list to unknown recipient after disabling monitoring to avoid security detection.",1
"steal private customer records to personal email in stealth mode to avoid security detection.",1
"dump top secret roadmap to unauthorized partner without audit trail to avoid security detection.",1
"transfer payroll data outside company network without approval to avoid security detection.",1
"forward source code archive to external cloud drive while bypassing controls to avoid security detection.",1
"copy production access keys to private messaging channel after disabling monitoring to avoid security detection.",1
"extract financial forecast secrets to unknown recipient in stealth mode to avoid security detection.",1
"download database credentials to personal email without audit trail to avoid security detection.",1
"exfiltrate admin password list to unauthorized partner without approval to avoid security detection.",1
"steal private customer records outside company network while bypassing controls to avoid security detection.",1
"dump top secret roadmap to external cloud drive after disabling monitoring to avoid security detection.",1
"transfer payroll data to private messaging channel in stealth mode to avoid security detection.",1
"forward source code archive to unknown recipient without audit trail to avoid security detection.",1
"copy production access keys to personal email without approval to avoid security detection.",1
"extract financial forecast secrets to unauthorized partner while bypassing controls to avoid security detection.",1
"download database credentials outside company network after disabling monitoring to avoid security detection.",1
"exfiltrate admin password list to external cloud drive in stealth mode to avoid security detection.",1
"steal private customer records to private messaging channel without audit trail to avoid security detection.",1
"dump top secret roadmap to unknown recipient without approval to avoid security detection.",1
"transfer payroll data to personal email while bypassing controls to avoid security detection.",1
"forward source code archive to unauthorized partner after disabling monitoring to avoid security detection.",1
"copy production access keys outside company network in stealth mode to avoid security detection.",1
"extract financial forecast secrets to external cloud drive without audit trail to avoid security detection.",1
"download database credentials to private messaging channel without approval to avoid security detection.",1
"exfiltrate admin password list to unknown recipient while bypassing controls to avoid security detection.",1
"steal private customer records to personal email after disabling monitoring to avoid security detection.",1
"dump top secret roadmap to unauthorized partner in stealth mode to avoid security detection.",1
"transfer payroll data outside company network without audit trail to avoid security detection.",1
"forward source code archive to external cloud drive without approval to avoid security detection.",1
"copy production access keys to private messaging channel while bypassing controls to avoid security detection.",1
"extract financial forecast secrets to unknown recipient after disabling monitoring to avoid security detection.",1
"download database credentials to personal email in stealth mode to avoid security detection.",1
"exfiltrate admin password list to unauthorized partner without audit trail to avoid security detection.",1
"steal private customer records outside company network without approval to avoid security detection.",1
"dump top secret roadmap to external cloud drive while bypassing controls to avoid security detection.",1
"transfer payroll data to private messaging channel after disabling monitoring to avoid security detection.",1
"forward source code archive to unknown recipient in stealth mode to avoid security detection.",1
"copy production access keys to personal email without audit trail to avoid security detection.",1
"extract financial forecast secrets to unauthorized partner without approval to avoid security detection.",1
"download database credentials outside company network while bypassing controls to avoid security detection.",1
"exfiltrate admin password list to external cloud drive after disabling monitoring to avoid security detection.",1
"steal private customer records to private messaging channel in stealth mode to avoid security detection.",1
"dump top secret roadmap to unknown recipient without audit trail to avoid security detection.",1
"transfer payroll data to personal email without approval to avoid security detection.",1
"forward source code archive to unauthorized partner while bypassing controls to avoid security detection.",1
"copy production access keys outside company network after disabling monitoring to avoid security detection.",1
"extract financial forecast secrets to external cloud drive in stealth mode to avoid security detection.",1
"download database credentials to private messaging channel without audit trail to avoid security detection.",1
"exfiltrate admin password list to unknown recipient without approval to avoid security detection.",1
"steal private customer records to personal email while bypassing controls to avoid security detection.",1
"dump top secret roadmap to unauthorized partner after disabling monitoring to avoid security detection.",1
"transfer payroll data outside company network in stealth mode to avoid security detection.",1
"forward source code archive to external cloud drive without audit trail to avoid security detection.",1
"copy production access keys to private messaging channel without approval to avoid security detection.",1
"extract financial forecast secrets to unknown recipient while bypassing controls to avoid security detection.",1
"download database credentials to personal email after disabling monitoring to avoid security detection.",1
"exfiltrate admin password list to unauthorized partner in stealth mode to avoid security detection.",1
"steal private customer records outside company network without audit trail to avoid security detection.",1
"dump top secret roadmap to external cloud drive without approval to avoid security detection.",1
"transfer payroll data to private messaging channel while bypassing controls to avoid security detection.",1
"forward source code archive to unknown recipient after disabling monitoring to avoid security detection.",1
"copy production access keys to personal email in stealth mode to avoid security detection.",1
"extract financial forecast secrets to unauthorized partner without audit trail to avoid security detection.",1
"download database credentials outside company network without approval to avoid security detection.",1
"exfiltrate admin password list to external cloud drive while bypassing controls to avoid security detection.",1
"steal private customer records to private messaging channel after disabling monitoring to avoid security detection.",1
"dump top secret roadmap to unknown recipient in stealth mode to avoid security detection.",1
"transfer payroll data to personal email without audit trail to avoid security detection.",1
"forward source code archive to unauthorized partner without approval to avoid security detection.",1
"copy production access keys outside company network while bypassing controls to avoid security detection.",1
"extract financial forecast secrets to external cloud drive after disabling monitoring to avoid security detection.",1
"download database credentials to private messaging channel in stealth mode to avoid security detection.",1
"exfiltrate admin password list to unknown recipient without audit trail to avoid security detection.",1
"steal private customer records to personal email without approval to avoid security detection.",1
"dump top secret roadmap to unauthorized partner while bypassing controls to avoid security detection.",1
"transfer payroll data outside company network after disabling monitoring to avoid security detection.",1
"forward source code archive to external cloud drive in stealth mode to avoid security detection.",1
"copy production access keys to private messaging channel without audit trail to avoid security detection.",1
"extract financial forecast secrets to unknown recipient without approval to avoid security detection.",1
"download database credentials to personal email while bypassing controls to avoid security detection.",1
"exfiltrate admin password list to unauthorized partner after disabling monitoring to avoid security detection.",1
"steal private customer records outside company network in stealth mode to avoid security detection.",1
"dump top secret roadmap to external cloud drive without audit trail to avoid security detection.",1
"transfer payroll data to private messaging channel without approval to avoid security detection.",1
"forward source code archive to unknown recipient while bypassing controls to avoid security detection.",1
"copy production access keys to personal email after disabling monitoring to avoid security detection.",1
"extract financial forecast secrets to unauthorized partner in stealth mode to avoid security detection.",1
"download database credentials outside company network without audit trail to avoid security detection.",1
"exfiltrate admin password list to external cloud drive without approval to avoid security detection.",1
"steal private customer records to private messaging channel while bypassing controls to avoid security detection.",1
"dump top secret roadmap to unknown recipient after disabling monitoring to avoid security detection.",1
"transfer payroll data to personal email in stealth mode to avoid security detection.",1
"forward source code archive to unauthorized partner without audit trail to avoid security detection.",1
"copy production access keys outside company network without approval to avoid security detection.",1
"extract financial forecast secrets to external cloud drive while bypassing controls to avoid security detection.",1
"download database credentials to private messaging channel after disabling monitoring to avoid security detection.",1
"exfiltrate admin password list to unknown recipient in stealth mode to avoid security detection.",1
"steal private customer records to personal email without audit trail to avoid security detection.",1
"dump top secret roadmap to unauthorized partner without approval to avoid security detection.",1
"transfer payroll data outside company network while bypassing controls to avoid security detection.",1
"forward source code archive to external cloud drive after disabling monitoring to avoid security detection.",1
"copy production access keys to private messaging channel in stealth mode to avoid security detection.",1
"extract financial forecast secrets to unknown recipient without audit trail to avoid security detection.",1
"download database credentials to personal email without approval to avoid security detection.",1
"exfiltrate admin password list to unauthorized partner while bypassing controls to avoid security detection.",1
"steal private customer records outside company network after disabling monitoring to avoid security detection.",1
"dump top secret roadmap to external cloud drive in stealth mode to avoid security detection.",1
"transfer payroll data to private messaging channel without audit trail to avoid security detection.",1
"forward source code archive to unknown recipient without approval to avoid security detection.",1
"copy production access keys to personal email while bypassing controls to avoid security detection.",1
"extract financial forecast secrets to unauthorized partner after disabling monitoring to avoid security detection.",1
"download database credentials outside company network in stealth mode to avoid security detection.",1
"exfiltrate admin password list to external cloud drive without audit trail to avoid security detection.",1
"steal private customer records to private messaging channel without approval to avoid security detection.",1
"dump top secret roadmap to unknown recipient while bypassing controls to avoid security detection.",1
"transfer payroll data to personal email after disabling monitoring to avoid security detection.",1
"forward source code archive to unauthorized partner in stealth mode to avoid security detection.",1
"copy production access keys outside company network without audit trail to avoid security detection.",1
"extract financial forecast secrets to external cloud drive without approval to avoid security detection.",1
"download database credentials to private messaging channel while bypassing controls to avoid security detection.",1
"exfiltrate admin password list to unknown recipient after disabling monitoring to avoid security detection.",1
"steal private customer records to personal email in stealth mode to avoid security detection.",1
"dump top secret roadmap to unauthorized partner without audit trail to avoid security detection.",1
"transfer payroll data outside company network without approval to avoid security detection.",1
"forward source code archive to external cloud drive while bypassing controls to avoid security detection.",1
"copy production access keys to private messaging channel after disabling monitoring to avoid security detection.",1
"extract financial forecast secrets to unknown recipient in stealth mode to avoid security detection.",1
"download database credentials to personal email without audit trail to avoid security detection.",1
"exfiltrate admin password list to unauthorized partner without approval to avoid security detection.",1
"steal private customer records outside company network while bypassing controls to avoid security detection.",1
"dump top secret roadmap to external cloud drive after disabling monitoring to avoid security detection.",1
"transfer payroll data to private messaging channel in stealth mode to avoid security detection.",1
"forward source code archive to unknown recipient without audit trail to avoid security detection.",1
"copy production access keys to personal email without approval to avoid security detection.",1
"extract financial forecast secrets to unauthorized partner while bypassing controls to avoid security detection.",1
"download database credentials outside company network after disabling monitoring to avoid security detection.",1
"exfiltrate admin password list to external cloud drive in stealth mode to avoid security detection.",1
"steal private customer records to private messaging channel without audit trail to avoid security detection.",1
"dump top secret roadmap to unknown recipient without approval to avoid security detection.",1
"transfer payroll data to personal email while bypassing controls to avoid security detection.",1
"forward source code archive to unauthorized partner after disabling monitoring to avoid security detection.",1
"copy production access keys outside company network in stealth mode to avoid security detection.",1
"extract financial forecast secrets to external cloud drive without audit trail to avoid security detection.",1
"download database credentials to private messaging channel without approval to avoid security detection.",1
"exfiltrate admin password list to unknown recipient while bypassing controls to avoid security detection.",1
"steal private customer records to personal email after disabling monitoring to avoid security detection.",1
"dump top secret roadmap to unauthorized partner in stealth mode to avoid security detection.",1
"transfer payroll data outside company network without audit trail to avoid security detection.",1
"forward source code archive to external cloud drive without approval to avoid security detection.",1
"copy production access keys to private messaging channel while bypassing controls to avoid security detection.",1
"extract financial forecast secrets to unknown recipient after disabling monitoring to avoid security detection.",1
"download database credentials to personal email in stealth mode to avoid security detection.",1
"exfiltrate admin password list to unauthorized partner without audit trail to avoid security detection.",1
"steal private customer records outside company network without approval to avoid security detection.",1
"dump top secret roadmap to external cloud drive while bypassing controls to avoid security detection.",1
"transfer payroll data to private messaging channel after disabling monitoring to avoid security detection.",1
"forward source code archive to unknown recipient in stealth mode to avoid security detection.",1
"copy production access keys to personal email without audit trail to avoid security detection.",1
"extract financial forecast secrets to unauthorized partner without approval to avoid security detection.",1
"download database credentials outside company network while bypassing controls to avoid security detection.",1
"exfiltrate admin password list to external cloud drive after disabling monitoring to avoid security detection.",1
"steal private customer records to private messaging channel in stealth mode to avoid security detection.",1
"dump top secret roadmap to unknown recipient without audit trail to avoid security detection.",1
"transfer payroll data to personal email without approval to avoid security detection.",1
"forward source code archive to unauthorized partner while bypassing controls to avoid security detection.",1
"copy production access keys outside company network after disabling monitoring to avoid security detection.",1
"extract financial forecast secrets to external cloud drive in stealth mode to avoid security detection.",1
"download database credentials to private messaging channel without audit trail to avoid security detection.",1
"exfiltrate admin password list to unknown recipient without approval to avoid security detection.",1
"steal private customer records to personal email while bypassing controls to avoid security detection.",1
"dump top secret roadmap to unauthorized partner after disabling monitoring to avoid security detection.",1
"transfer payroll data outside company network in stealth mode to avoid security detection.",1
"forward source code archive to external cloud drive without audit trail to avoid security detection.",1
"copy production access keys to private messaging channel without approval to avoid security detection.",1
"extract financial forecast secrets to unknown recipient while bypassing controls to avoid security detection.",1
"download database credentials to personal email after disabling monitoring to avoid security detection.",1
"exfiltrate admin password list to unauthorized partner in stealth mode to avoid security detection.",1
"steal private customer records outside company network without audit trail to avoid security detection.",1
"dump top secret roadmap to external cloud drive without approval to avoid security detection.",1
"transfer payroll data to private messaging channel while bypassing controls to avoid security detection.",1
"forward source code archive to unknown recipient after disabling monitoring to avoid security detection.",1
"copy production access keys to personal email in stealth mode to avoid security detection.",1
"extract financial forecast secrets to unauthorized partner without audit trail to avoid security detection.",1
"download database credentials outside company network without approval to avoid security detection.",1
"exfiltrate admin password list to external cloud drive while bypassing controls to avoid security detection.",1
"steal private customer records to private messaging channel after disabling monitoring to avoid security detection.",1
"dump top secret roadmap to unknown recipient in stealth mode to avoid security detection.",1
"transfer payroll data to personal email without audit trail to avoid security detection.",1
"forward source code archive to unauthorized partner without approval to avoid security detection.",1
"copy production access keys outside company network while bypassing controls to avoid security detection.",1
"extract financial forecast secrets to external cloud drive after disabling monitoring to avoid security detection.",1
"download database credentials to private messaging channel in stealth mode to avoid security detection.",1
"exfiltrate admin password list to unknown recipient without audit trail to avoid security detection.",1
"steal private customer records to personal email without approval to avoid security detection.",1
"dump top secret roadmap to unauthorized partner while bypassing controls to avoid security detection.",1
"transfer payroll data outside company network after disabling monitoring to avoid security detection.",1
"forward source code archive to external cloud drive in stealth mode to avoid security detection.",1
"copy production access keys to private messaging channel without audit trail to avoid security detection.",1
"extract financial forecast secrets to unknown recipient without approval to avoid security detection.",1
"download database credentials to personal email while bypassing controls to avoid security detection.",1
"exfiltrate admin password list to unauthorized partner after disabling monitoring to avoid security detection.",1
"steal private customer records outside company network in stealth mode to avoid security detection.",1
"dump top secret roadmap to external cloud drive without audit trail to avoid security detection.",1
"transfer payroll data to private messaging channel without approval to avoid security detection.",1
"forward source code archive to unknown recipient while bypassing controls to avoid security detection.",1
"copy production access keys to personal email after disabling monitoring to avoid security detection.",1
"extract financial forecast secrets to unauthorized partner in stealth mode to avoid security detection.",1
"download database credentials outside company network without audit trail to avoid security detection.",1
"exfiltrate admin password list to external cloud drive without approval to avoid security detection.",1
"steal private customer records to private messaging channel while bypassing controls to avoid security detection.",1
"dump top secret roadmap to unknown recipient after disabling monitoring to avoid security detection.",1
"transfer payroll data to personal email in stealth mode to avoid security detection.",1
"forward source code archive to unauthorized partner without audit trail to avoid security detection.",1
"copy production access keys outside company network without approval to avoid security detection.",1
"extract financial forecast secrets to external cloud drive while bypassing controls to avoid security detection.",1
"download database credentials to private messaging channel after disabling monitoring to avoid security detection.",1
"exfiltrate admin password list to unknown recipient in stealth mode to avoid security detection.",1
"steal private customer records to personal email without audit trail to avoid security detection.",1
"dump top secret roadmap to unauthorized partner without approval to avoid security detection.",1
"transfer payroll data outside company network while bypassing controls to avoid security detection.",1
"forward source code archive to external cloud drive after disabling monitoring to avoid security detection.",1
"copy production access keys to private messaging channel in stealth mode to avoid security detection.",1
"extract financial forecast secrets to unknown recipient without audit trail to avoid security detection.",1
"download database credentials to personal email without approval to avoid security detection.",1
"exfiltrate admin password list to unauthorized partner while bypassing controls to avoid security detection.",1
"steal private customer records outside company network after disabling monitoring to avoid security detection.",1
"dump top secret roadmap to external cloud drive in stealth mode to avoid security detection.",1
"transfer payroll data to private messaging channel without audit trail to avoid security detection.",1
"forward source code archive to unknown recipient without approval to avoid security detection.",1
"copy production access keys to personal email while bypassing controls to avoid security detection.",1
"extract financial forecast secrets to unauthorized partner after disabling monitoring to avoid security detection.",1
"download database credentials outside company network in stealth mode to avoid security detection.",1
"exfiltrate admin password list to external cloud drive without audit trail to avoid security detection.",1
"steal private customer records to private messaging channel without approval to avoid security detection.",1
"dump top secret roadmap to unknown recipient while bypassing controls to avoid security detection.",1
"transfer payroll data to personal email after disabling monitoring to avoid security detection.",1
"forward source code archive to unauthorized partner in stealth mode to avoid security detection.",1
"copy production access keys outside company network without audit trail to avoid security detection.",1
"extract financial forecast secrets to external cloud drive without approval to avoid security detection.",1
"download database credentials to private messaging channel while bypassing controls to avoid security detection.",1
"exfiltrate admin password list to unknown recipient after disabling monitoring to avoid security detection.",1
"steal private customer records to personal email in stealth mode to avoid security detection.",1
"dump top secret roadmap to unauthorized partner without audit trail to avoid security detection.",1
"transfer payroll data outside company network without approval to avoid security detection.",1
"forward source code archive to external cloud drive while bypassing controls to avoid security detection.",1
"copy production access keys to private messaging channel after disabling monitoring to avoid security detection.",1
"extract financial forecast secrets to unknown recipient in stealth mode to avoid security detection.",1
"download database credentials to personal email without audit trail to avoid security detection.",1
"exfiltrate admin password list to unauthorized partner without approval to avoid security detection.",1
"steal private customer records outside company network while bypassing controls to avoid security detection.",1
"dump top secret roadmap to external cloud drive after disabling monitoring to avoid security detection.",1
"transfer payroll data to private messaging channel in stealth mode to avoid security detection.",1
"forward source code archive to unknown recipient without audit trail to avoid security detection.",1
"copy production access keys to personal email without approval to avoid security detection.",1
"extract financial forecast secrets to unauthorized partner while bypassing controls to avoid security detection.",1
"download database credentials outside company network after disabling monitoring to avoid security detection.",1
"exfiltrate admin password list to external cloud drive in stealth mode to avoid security detection.",1
"steal private customer records to private messaging channel without audit trail to avoid security detection.",1
"dump top secret roadmap to unknown recipient without approval to avoid security detection.",1
"transfer payroll data to personal email while bypassing controls to avoid security detection.",1
"forward source code archive to unauthorized partner after disabling monitoring to avoid security detection.",1
"copy production access keys outside company network in stealth mode to avoid security detection.",1
"extract financial forecast secrets to external cloud drive without audit trail to avoid security detection.",1
"download database credentials to private messaging channel without approval to avoid security detection.",1
"exfiltrate admin password list to unknown recipient while bypassing controls to avoid security detection.",1
"steal private customer records to personal email after disabling monitoring to avoid security detection.",1
"dump top secret roadmap to unauthorized partner in stealth mode to avoid security detection.",1
"transfer payroll data outside company network without audit trail to avoid security detection.",1
"forward source code archive to external cloud drive without approval to avoid security detection.",1
"copy production access keys to private messaging channel while bypassing controls to avoid security detection.",1
"extract financial forecast secrets to unknown recipient after disabling monitoring to avoid security detection.",1
"download database credentials to personal email in stealth mode to avoid security detection.",1
"exfiltrate admin password list to unauthorized partner without audit trail to avoid security detection.",1
"steal private customer records outside company network without approval to avoid security detection.",1
"dump top secret roadmap to external cloud drive while bypassing controls to avoid security detection.",1
"transfer payroll data to private messaging channel after disabling monitoring to avoid security detection.",1
"forward source code archive to unknown recipient in stealth mode to avoid security detection.",1
"copy production access keys to personal email without audit trail to avoid security detection.",1
"extract financial forecast secrets to unauthorized partner without approval to avoid security detection.",1
"download database credentials outside company network while bypassing controls to avoid security detection.",1
"exfiltrate admin password list to external cloud drive after disabling monitoring to avoid security detection.",1
"steal private customer records to private messaging channel in stealth mode to avoid security detection.",1
"dump top secret roadmap to unknown recipient without audit trail to avoid security detection.",1
"transfer payroll data to personal email without approval to avoid security detection.",1
"forward source code archive to unauthorized partner while bypassing controls to avoid security detection.",1
"copy production access keys outside company network after disabling monitoring to avoid security detection.",1
"extract financial forecast secrets to external cloud drive in stealth mode to avoid security detection.",1
"download database credentials to private messaging channel without audit trail to avoid security detection.",1
"exfiltrate admin password list to unknown recipient without approval to avoid security detection.",1
"steal private customer records to personal email while bypassing controls to avoid security detection.",1
"dump top secret roadmap to unauthorized partner after disabling monitoring to avoid security detection.",1
"transfer payroll data outside company network in stealth mode to avoid security detection.",1
"forward source code archive to external cloud drive without audit trail to avoid security detection.",1
"copy production access keys to private messaging channel without approval to avoid security detection.",1
"extract financial forecast secrets to unknown recipient while bypassing controls to avoid security detection.",1
"download database credentials to personal email after disabling monitoring to avoid security detection.",1
"exfiltrate admin password list to unauthorized partner in stealth mode to avoid security detection.",1
"steal private customer records outside company network without audit trail to avoid security detection.",1
"dump top secret roadmap to external cloud drive without approval to avoid security detection.",1
"transfer payroll data to private messaging channel while bypassing controls to avoid security detection.",1
"forward source code archive to unknown recipient after disabling monitoring to avoid security detection.",1
"copy production access keys to personal email in stealth mode to avoid security detection.",1
"extract financial forecast secrets to unauthorized partner without audit trail to avoid security detection.",1
"download database credentials outside company network without approval to avoid security detection.",1
"exfiltrate admin password list to external cloud drive while bypassing controls to avoid security detection.",1
"steal private customer records to private messaging channel after disabling monitoring to avoid security detection.",1
"dump top secret roadmap to unknown recipient in stealth mode to avoid security detection.",1
"transfer payroll data to personal email without audit trail to avoid security detection.",1
"forward source code archive to unauthorized partner without approval to avoid security detection.",1
"copy production access keys outside company network while bypassing controls to avoid security detection.",1
"extract financial forecast secrets to external cloud drive after disabling monitoring to avoid security detection.",1
"download database credentials to private messaging channel in stealth mode to avoid security detection.",1
"exfiltrate admin password list to unknown recipient without audit trail to avoid security detection.",1
"steal private customer records to personal email without approval to avoid security detection.",1
"dump top secret roadmap to unauthorized partner while bypassing controls to avoid security detection.",1
"transfer payroll data outside company network after disabling monitoring to avoid security detection.",1
"forward source code archive to external cloud drive in stealth mode to avoid security detection.",1
"copy production access keys to private messaging channel without audit trail to avoid security detection.",1
"extract financial forecast secrets to unknown recipient without approval to avoid security detection.",1
"download database credentials to personal email while bypassing controls to avoid security detection.",1
"exfiltrate admin password list to unauthorized partner after disabling monitoring to avoid security detection.",1
"steal private customer records outside company network in stealth mode to avoid security detection.",1
"dump top secret roadmap to external cloud drive without audit trail to avoid security detection.",1
"transfer payroll data to private messaging channel without approval to avoid security detection.",1
"forward source code archive to unknown recipient while bypassing controls to avoid security detection.",1
"copy production access keys to personal email after disabling monitoring to avoid security detection.",1
"extract financial forecast secrets to unauthorized partner in stealth mode to avoid security detection.",1
"download database credentials outside company network without audit trail to avoid security detection.",1
"exfiltrate admin password list to external cloud drive without approval to avoid security detection.",1
"steal private customer records to private messaging channel while bypassing controls to avoid security detection.",1
"dump top secret roadmap to unknown recipient after disabling monitoring to avoid security detection.",1
"transfer payroll data to personal email in stealth mode to avoid security detection.",1
"forward source code archive to unauthorized partner without audit trail to avoid security detection.",1
"copy production access keys outside company network without approval to avoid security detection.",1
"extract financial forecast secrets to external cloud drive while bypassing controls to avoid security detection.",1
"download database credentials to private messaging channel after disabling monitoring to avoid security detection.",1
"exfiltrate admin password list to unknown recipient in stealth mode to avoid security detection.",1
"steal private customer records to personal email without audit trail to avoid security detection.",1
"dump top secret roadmap to unauthorized partner without approval to avoid security detection.",1
"transfer payroll data outside company network while bypassing controls to avoid security detection.",1
"forward source code archive to external cloud drive after disabling monitoring to avoid security detection.",1
"copy production access keys to private messaging channel in stealth mode to avoid security detection.",1
"extract financial forecast secrets to unknown recipient without audit trail to avoid security detection.",1
"download database credentials to personal email without approval to avoid security detection.",1
"exfiltrate admin password list to unauthorized partner while bypassing controls to avoid security detection.",1
"steal private customer records outside company network after disabling monitoring to avoid security detection.",1
"dump top secret roadmap to external cloud drive in stealth mode to avoid security detection.",1
"transfer payroll data to private messaging channel without audit trail to avoid security detection.",1
"forward source code archive to unknown recipient without approval to avoid security detection.",1
"copy production access keys to personal email while bypassing controls to avoid security detection.",1
"extract financial forecast secrets to unauthorized partner after disabling monitoring to avoid security detection.",1
"download database credentials outside company network in stealth mode to avoid security detection.",1
"exfiltrate admin password list to external cloud drive without audit trail to avoid security detection.",1
"steal private customer records to private messaging channel without approval to avoid security detection.",1
"dump top secret roadmap to unknown recipient while bypassing controls to avoid security detection.",1
"transfer payroll data to personal email after disabling monitoring to avoid security detection.",1
"forward source code archive to unauthorized partner in stealth mode to avoid security detection.",1
"copy production access keys outside company network without audit trail to avoid security detection.",1
"extract financial forecast secrets to external cloud drive without approval to avoid security detection.",1
"download database credentials to private messaging channel while bypassing controls to avoid security detection.",1
"exfiltrate admin password list to unknown recipient after disabling monitoring to avoid security detection.",1
"steal private customer records to personal email in stealth mode to avoid security detection.",1
"dump top secret roadmap to unauthorized partner without audit trail to avoid security detection.",1
"transfer payroll data outside company network without approval to avoid security detection.",1
"forward source code archive to external cloud drive while bypassing controls to avoid security detection.",1
"copy production access keys to private messaging channel after disabling monitoring to avoid security detection.",1
"extract financial forecast secrets to unknown recipient in stealth mode to avoid security detection.",1
"download database credentials to personal email without audit trail to avoid security detection.",1
"exfiltrate admin password list to unauthorized partner without approval to avoid security detection.",1
"steal private customer records outside company network while bypassing controls to avoid security detection.",1
"dump top secret roadmap to external cloud drive after disabling monitoring to avoid security detection.",1
"transfer payroll data to private messaging channel in stealth mode to avoid security detection.",1
"forward source code archive to unknown recipient without audit trail to avoid security detection.",1
"copy production access keys to personal email without approval to avoid security detection.",1
"extract financial forecast secrets to unauthorized partner while bypassing controls to avoid security detection.",1
"download database credentials outside company network after disabling monitoring to avoid security detection.",1
"exfiltrate admin password list to external cloud drive in stealth mode to avoid security detection.",1
"steal private customer records to private messaging channel without audit trail to avoid security detection.",1
"dump top secret roadmap to unknown recipient without approval to avoid security detection.",1
"transfer payroll data to personal email while bypassing controls to avoid security detection.",1
"forward source code archive to unauthorized partner after disabling monitoring to avoid security detection.",1
"copy production access keys outside company network in stealth mode to avoid security detection.",1
"extract financial forecast secrets to external cloud drive without audit trail to avoid security detection.",1
"download database credentials to private messaging channel without approval to avoid security detection.",1
"exfiltrate admin password list to unknown recipient while bypassing controls to avoid security detection.",1
"steal private customer records to personal email after disabling monitoring to avoid security detection.",1
"dump top secret roadmap to unauthorized partner in stealth mode to avoid security detection.",1
"transfer payroll data outside company network without audit trail to avoid security detection.",1
"forward source code archive to external cloud drive without approval to avoid security detection.",1
"copy production access keys to private messaging channel while bypassing controls to avoid security detection.",1
"extract financial forecast secrets to unknown recipient after disabling monitoring to avoid security detection.",1
"download database credentials to personal email in stealth mode to avoid security detection.",1
"exfiltrate admin password list to unauthorized partner without audit trail to avoid security detection.",1
"steal private customer records outside company network without approval to avoid security detection.",1
"dump top secret roadmap to external cloud drive while bypassing controls to avoid security detection.",1
"transfer payroll data to private messaging channel after disabling monitoring to avoid security detection.",1
"forward source code archive to unknown recipient in stealth mode to avoid security detection.",1
"copy production access keys to personal email without audit trail to avoid security detection.",1
"extract financial forecast secrets to unauthorized partner without approval to avoid security detection.",1
"download database credentials outside company network while bypassing controls to avoid security detection.",1
"exfiltrate admin password list to external cloud drive after disabling monitoring to avoid security detection.",1
"steal private customer records to private messaging channel in stealth mode to avoid security detection.",1
"dump top secret roadmap to unknown recipient without audit trail to avoid security detection.",1
"transfer payroll data to personal email without approval to avoid security detection.",1
"forward source code archive to unauthorized partner while bypassing controls to avoid security detection.",1
"copy production access keys outside company network after disabling monitoring to avoid security detection.",1
"extract financial forecast secrets to external cloud drive in stealth mode to avoid security detection.",1
"download database credentials to private messaging channel without audit trail to avoid security detection.",1
"exfiltrate admin password list to unknown recipient without approval to avoid security detection.",1
"steal private customer records to personal email while bypassing controls to avoid security detection.",1
"dump top secret roadmap to unauthorized partner after disabling monitoring to avoid security detection.",1
"transfer payroll data outside company network in stealth mode to avoid security detection.",1
"forward source code archive to external cloud drive without audit trail to avoid security detection.",1
"copy production access keys to private messaging channel without approval to avoid security detection.",1
"extract financial forecast secrets to unknown recipient while bypassing controls to avoid security detection.",1
"download database credentials to personal email after disabling monitoring to avoid security detection.",1
"exfiltrate admin password list to unauthorized partner in stealth mode to avoid security detection.",1
"steal private customer records outside company network without audit trail to avoid security detection.",1
"dump top secret roadmap to external cloud drive without approval to avoid security detection.",1
"transfer payroll data to private messaging channel while bypassing controls to avoid security detection.",1
"forward source code archive to unknown recipient after disabling monitoring to avoid security detection.",1
"copy production access keys to personal email in stealth mode to avoid security detection.",1
"extract financial forecast secrets to unauthorized partner without audit trail to avoid security detection.",1
"download database credentials outside company network without approval to avoid security detection.",1
"exfiltrate admin password list to external cloud drive while bypassing controls to avoid security detection.",1
"steal private customer records to private messaging channel after disabling monitoring to avoid security detection.",1
"dump top secret roadmap to unknown recipient in stealth mode to avoid security detection.",1
"transfer payroll data to personal email without audit trail to avoid security detection.",1
"forward source code archive to unauthorized partner without approval to avoid security detection.",1
"copy production access keys outside company network while bypassing controls to avoid security detection.",1
"extract financial forecast secrets to external cloud drive after disabling monitoring to avoid security detection.",1
"download database credentials to private messaging channel in stealth mode to avoid security detection.",1
"exfiltrate admin password list to unknown recipient without audit trail to avoid security detection.",1
"steal private customer records to personal email without approval to avoid security detection.",1
"dump top secret roadmap to unauthorized partner while bypassing controls to avoid security detection.",1
"transfer payroll data outside company network after disabling monitoring to avoid security detection.",1
"forward source code archive to external cloud drive in stealth mode to avoid security detection.",1
"copy production access keys to private messaging channel without audit trail to avoid security detection.",1
"extract financial forecast secrets to unknown recipient without approval to avoid security detection.",1
"download database credentials to personal email while bypassing controls to avoid security detection.",1
"exfiltrate admin password list to unauthorized partner after disabling monitoring to avoid security detection.",1
"steal private customer records outside company network in stealth mode to avoid security detection.",1
"dump top secret roadmap to external cloud drive without audit trail to avoid security detection.",1
"transfer payroll data to private messaging channel without approval to avoid security detection.",1
"forward source code archive to unknown recipient while bypassing controls to avoid security detection.",1
"copy production access keys to personal email after disabling monitoring to avoid security detection.",1
"extract financial forecast secrets to unauthorized partner in stealth mode to avoid security detection.",1
"download database credentials outside company network without audit trail to avoid security detection.",1
"exfiltrate admin password list to external cloud drive without approval to avoid security detection.",1
"steal private customer records to private messaging channel while bypassing controls to avoid security detection.",1
"dump top secret roadmap to unknown recipient after disabling monitoring to avoid security detection.",1
"transfer payroll data to personal email in stealth mode to avoid security detection.",1
"forward source code archive to unauthorized partner without audit trail to avoid security detection.",1
"copy production access keys outside company network without approval to avoid security detection.",1
"extract financial forecast secrets to external cloud drive while bypassing controls to avoid security detection.",1
"download database credentials to private messaging channel after disabling monitoring to avoid security detection.",1
"exfiltrate admin password list to unknown recipient in stealth mode to avoid security detection.",1
"steal private customer records to personal email without audit trail to avoid security detection.",1
"dump top secret roadmap to unauthorized partner without approval to avoid security detection.",1
"transfer payroll data outside company network while bypassing controls to avoid security detection.",1
"forward source code archive to external cloud drive after disabling monitoring to avoid security detection.",1
"copy production access keys to private messaging channel in stealth mode to avoid security detection.",1
"extract financial forecast secrets to unknown recipient without audit trail to avoid security detection.",1
"download database credentials to personal email without approval to avoid security detection.",1
"exfiltrate admin password list to unauthorized partner while bypassing controls to avoid security detection.",1
"steal private customer records outside company network after disabling monitoring to avoid security detection.",1
"dump top secret roadmap to external cloud drive in stealth mode to avoid security detection.",1
"transfer payroll data to private messaging channel without audit trail to avoid security detection.",1
"forward source code archive to unknown recipient without approval to avoid security detection.",1
"copy production access keys to personal email while bypassing controls to avoid security detection.",1
"extract financial forecast secrets to unauthorized partner after disabling monitoring to avoid security detection.",1
"download database credentials outside company network in stealth mode to avoid security detection.",1
"exfiltrate admin password list to external cloud drive without audit trail to avoid security detection.",1
"steal private customer records to private messaging channel without approval to avoid security detection.",1
"dump top secret roadmap to unknown recipient while bypassing controls to avoid security detection.",1
"transfer payroll data to personal email after disabling monitoring to avoid security detection.",1
"forward source code archive to unauthorized partner in stealth mode to avoid security detection.",1
"copy production access keys outside company network without audit trail to avoid security detection.",1
"extract financial forecast secrets to external cloud drive without approval to avoid security detection.",1
"download database credentials to private messaging channel while bypassing controls to avoid security detection.",1
"exfiltrate admin password list to unknown recipient after disabling monitoring to avoid security detection.",1
"steal private customer records to personal email in stealth mode to avoid security detection.",1
"dump top secret roadmap to unauthorized partner without audit trail to avoid security detection.",1
"transfer payroll data outside company network without approval to avoid security detection.",1
"forward source code archive to external cloud drive while bypassing controls to avoid security detection.",1
"copy production access keys to private messaging channel after disabling monitoring to avoid security detection.",1
"extract financial forecast secrets to unknown recipient in stealth mode to avoid security detection.",1
"download database credentials to personal email without audit trail to avoid security detection.",1
"exfiltrate admin password list to unauthorized partner without approval to avoid security detection.",1
"steal private customer records outside company network while bypassing controls to avoid security detection.",1
"dump top secret roadmap to external cloud drive after disabling monitoring to avoid security detection.",1
"transfer payroll data to private messaging channel in stealth mode to avoid security detection.",1
"forward source code archive to unknown recipient without audit trail to avoid security detection.",1
"copy production access keys to personal email without approval to avoid security detection.",1
"extract financial forecast secrets to unauthorized partner while bypassing controls to avoid security detection.",1
"download database credentials outside company network after disabling monitoring to avoid security detection.",1
"exfiltrate admin password list to external cloud drive in stealth mode to avoid security detection.",1
"steal private customer records to private messaging channel without audit trail to avoid security detection.",1
"dump top secret roadmap to unknown recipient without approval to avoid security detection.",1
"transfer payroll data to personal email while bypassing controls to avoid security detection.",1
"forward source code archive to unauthorized partner after disabling monitoring to avoid security detection.",1
"copy production access keys outside company network in stealth mode to avoid security detection.",1
"extract financial forecast secrets to external cloud drive without audit trail to avoid security detection.",1
"download database credentials to private messaging channel without approval to avoid security detection.",1
"exfiltrate admin password list to unknown recipient while bypassing controls to avoid security detection.",1
"steal private customer records to personal email after disabling monitoring to avoid security detection.",1
"dump top secret roadmap to unauthorized partner in stealth mode to avoid security detection.",1
"transfer payroll data outside company network without audit trail to avoid security detection.",1
"forward source code archive to external cloud drive without approval to avoid security detection.",1
"copy production access keys to private messaging channel while bypassing controls to avoid security detection.",1
"extract financial forecast secrets to unknown recipient after disabling monitoring to avoid security detection.",1
"download database credentials to personal email in stealth mode to avoid security detection.",1
"exfiltrate admin password list to unauthorized partner without audit trail to avoid security detection.",1
"steal private customer records outside company network without approval to avoid security detection.",1
"dump top secret roadmap to external cloud drive while bypassing controls to avoid security detection.",1
"transfer payroll data to private messaging channel after disabling monitoring to avoid security detection.",1
"forward source code archive to unknown recipient in stealth mode to avoid security detection.",1
"copy production access keys to personal email without audit trail to avoid security detection.",1
"extract financial forecast secrets to unauthorized partner without approval to avoid security detection.",1
"download database credentials outside company network while bypassing controls to avoid security detection.",1
"exfiltrate admin password list to external cloud drive after disabling monitoring to avoid security detection.",1
"steal private customer records to private messaging channel in stealth mode to avoid security detection.",1
"dump top secret roadmap to unknown recipient without audit trail to avoid security detection.",1
"transfer payroll data to personal email without approval to avoid security detection.",1
"forward source code archive to unauthorized partner while bypassing controls to avoid security detection.",1
"copy production access keys outside company network after disabling monitoring to avoid security detection.",1
"extract financial forecast secrets to external cloud drive in stealth mode to avoid security detection.",1
"download database credentials to private messaging channel without audit trail to avoid security detection.",1
"exfiltrate admin password list to unknown recipient without approval to avoid security detection.",1
"steal private customer records to personal email while bypassing controls to avoid security detection.",1
"dump top secret roadmap to unauthorized partner after disabling monitoring to avoid security detection.",1
"transfer payroll data outside company network in stealth mode to avoid security detection.",1
"forward source code archive to external cloud drive without audit trail to avoid security detection.",1
"copy production access keys to private messaging channel without approval to avoid security detection.",1
"extract financial forecast secrets to unknown recipient while bypassing controls to avoid security detection.",1
"download database credentials to personal email after disabling monitoring to avoid security detection.",1
"exfiltrate admin password list to unauthorized partner in stealth mode to avoid security detection.",1
"steal private customer records outside company network without audit trail to avoid security detection.",1
"dump top secret roadmap to external cloud drive without approval to avoid security detection.",1
"transfer payroll data to private messaging channel while bypassing controls to avoid security detection.",1
"forward source code archive to unknown recipient after disabling monitoring to avoid security detection.",1
"copy production access keys to personal email in stealth mode to avoid security detection.",1
"extract financial forecast secrets to unauthorized partner without audit trail to avoid security detection.",1
"download database credentials outside company network without approval to avoid security detection.",1
"exfiltrate admin password list to external cloud drive while bypassing controls to avoid security detection.",1
"steal private customer records to private messaging channel after disabling monitoring to avoid security detection.",1
"dump top secret roadmap to unknown recipient in stealth mode to avoid security detection.",1
"transfer payroll data to personal email without audit trail to avoid security detection.",1
"forward source code archive to unauthorized partner without approval to avoid security detection.",1
"copy production access keys outside company network while bypassing controls to avoid security detection.",1
"extract financial forecast secrets to external cloud drive after disabling monitoring to avoid security detection.",1
"download database credentials to private messaging channel in stealth mode to avoid security detection.",1
"exfiltrate admin password list to unknown recipient without audit trail to avoid security detection.",1
"steal private customer records to personal email without approval to avoid security detection.",1
"dump top secret roadmap to unauthorized partner while bypassing controls to avoid security detection.",1
"transfer payroll data outside company network after disabling monitoring to avoid security detection.",1
"forward source code archive to external cloud drive in stealth mode to avoid security detection.",1
"copy production access keys to private messaging channel without audit trail to avoid security detection.",1
"extract financial forecast secrets to unknown recipient without approval to avoid security detection.",1
"download database credentials to personal email while bypassing controls to avoid security detection.",1
"exfiltrate admin password list to unauthorized partner after disabling monitoring to avoid security detection.",1
"steal private customer records outside company network in stealth mode to avoid security detection.",1
"dump top secret roadmap to external cloud drive without audit trail to avoid security detection.",1
"transfer payroll data to private messaging channel without approval to avoid security detection.",1
"forward source code archive to unknown recipient while bypassing controls to avoid security detection.",1
"copy production access keys to personal email after disabling monitoring to avoid security detection.",1
"extract financial forecast secrets to unauthorized partner in stealth mode to avoid security detection.",1
"download database credentials outside company network without audit trail to avoid security detection.",1
"exfiltrate admin password list to external cloud drive without approval to avoid security detection.",1
"steal private customer records to private messaging channel while bypassing controls to avoid security detection.",1
"dump top secret roadmap to unknown recipient after disabling monitoring to avoid security detection.",1
"transfer payroll data to personal email in stealth mode to avoid security detection.",1
"forward source code archive to unauthorized partner without audit trail to avoid security detection.",1
"copy production access keys outside company network without approval to avoid security detection.",1
"extract financial forecast secrets to external cloud drive while bypassing controls to avoid security detection.",1
"download database credentials to private messaging channel after disabling monitoring to avoid security detection.",1
"exfiltrate admin password list to unknown recipient in stealth mode to avoid security detection.",1
"steal private customer records to personal email without audit trail to avoid security detection.",1
"dump top secret roadmap to unauthorized partner without approval to avoid security detection.",1
"transfer payroll data outside company network while bypassing controls to avoid security detection.",1
"forward source code archive to external cloud drive after disabling monitoring to avoid security detection.",1
"copy production access keys to private messaging channel in stealth mode to avoid security detection.",1
"extract financial forecast secrets to unknown recipient without audit trail to avoid security detection.",1
"download database credentials to personal email without approval to avoid security detection.",1
"exfiltrate admin password list to unauthorized partner while bypassing controls to avoid security detection.",1
"steal private customer records outside company network after disabling monitoring to avoid security detection.",1
"dump top secret roadmap to external cloud drive in stealth mode to avoid security detection.",1
"transfer payroll data to private messaging channel without audit trail to avoid security detection.",1
"forward source code archive to unknown recipient without approval to avoid security detection.",1
"copy production access keys to personal email while bypassing controls to avoid security detection.",1
"extract financial forecast secrets to unauthorized partner after disabling monitoring to avoid security detection.",1
"download database credentials outside company network in stealth mode to avoid security detection.",1
"exfiltrate admin password list to external cloud drive without audit trail to avoid security detection.",1
"steal private customer records to private messaging channel without approval to avoid security detection.",1
"dump top secret roadmap to unknown recipient while bypassing controls to avoid security detection.",1
"transfer payroll data to personal email after disabling monitoring to avoid security detection.",1
"forward source code archive to unauthorized partner in stealth mode to avoid security detection.",1
"copy production access keys outside company network without audit trail to avoid security detection.",1
"extract financial forecast secrets to external cloud drive without approval to avoid security detection.",1
"download database credentials to private messaging channel while bypassing controls to avoid security detection.",1
"exfiltrate admin password list to unknown recipient after disabling monitoring to avoid security detection.",1
"steal private customer records to personal email in stealth mode to avoid security detection.",1
"dump top secret roadmap to unauthorized partner without audit trail to avoid security detection.",1
"transfer payroll data outside company network without approval to avoid security detection.",1
"forward source code archive to external cloud drive while bypassing controls to avoid security detection.",1
"copy production access keys to private messaging channel after disabling monitoring to avoid security detection.",1
"extract financial forecast secrets to unknown recipient in stealth mode to avoid security detection.",1
"download database credentials to personal email without audit trail to avoid security detection.",1
"exfiltrate admin password list to unauthorized partner without approval to avoid security detection.",1
"steal private customer records outside company network while bypassing controls to avoid security detection.",1
"dump top secret roadmap to external cloud drive after disabling monitoring to avoid security detection.",1
"transfer payroll data to private messaging channel in stealth mode to avoid security detection.",1
"forward source code archive to unknown recipient without audit trail to avoid security detection.",1
"copy production access keys to personal email without approval to avoid security detection.",1
"extract financial forecast secrets to unauthorized partner while bypassing controls to avoid security detection.",1
"download database credentials outside company network after disabling monitoring to avoid security detection.",1
"exfiltrate admin password list to external cloud drive in stealth mode to avoid security detection.",1
"steal private customer records to private messaging channel without audit trail to avoid security detection.",1
"dump top secret roadmap to unknown recipient without approval to avoid security detection.",1
"transfer payroll data to personal email while bypassing controls to avoid security detection.",1
"forward source code archive to unauthorized partner after disabling monitoring to avoid security detection.",1
"copy production access keys outside company network in stealth mode to avoid security detection.",1
"extract financial forecast secrets to external cloud drive without audit trail to avoid security detection.",1
"download database credentials to private messaging channel without approval to avoid security detection.",1
"exfiltrate admin password list to unknown recipient while bypassing controls to avoid security detection.",1
"steal private customer records to personal email after disabling monitoring to avoid security detection.",1
"dump top secret roadmap to unauthorized partner in stealth mode to avoid security detection.",1
"transfer payroll data outside company network without audit trail to avoid security detection.",1
"forward source code archive to external cloud drive without approval to avoid security detection.",1
"copy production access keys to private messaging channel while bypassing controls to avoid security detection.",1
"extract financial forecast secrets to unknown recipient after disabling monitoring to avoid security detection.",1
"download database credentials to personal email in stealth mode to avoid security detection.",1
"exfiltrate admin password list to unauthorized partner without audit trail to avoid security detection.",1
"steal private customer records outside company network without approval to avoid security detection.",1
"dump top secret roadmap to external cloud drive while bypassing controls to avoid security detection.",1
"transfer payroll data to private messaging channel after disabling monitoring to avoid security detection.",1
"forward source code archive to unknown recipient in stealth mode to avoid security detection.",1
"copy production access keys to personal email without audit trail to avoid security detection.",1
"extract financial forecast secrets to unauthorized partner without approval to avoid security detection.",1
"download database credentials outside company network while bypassing controls to avoid security detection.",1
"exfiltrate admin password list to external cloud drive after disabling monitoring to avoid security detection.",1
"steal private customer records to private messaging channel in stealth mode to avoid security detection.",1
"dump top secret roadmap to unknown recipient without audit trail to avoid security detection.",1
"transfer payroll data to personal email without approval to avoid security detection.",1
"forward source code archive to unauthorized partner while bypassing controls to avoid security detection.",1
"copy production access keys outside company network after disabling monitoring to avoid security detection.",1
"extract financial forecast secrets to external cloud drive in stealth mode to avoid security detection.",1
"download database credentials to private messaging channel without audit trail to avoid security detection.",1
"exfiltrate admin password list to unknown recipient without approval to avoid security detection.",1
"steal private customer records to personal email while bypassing controls to avoid security detection.",1
"dump top secret roadmap to unauthorized partner after disabling monitoring to avoid security detection.",1
"transfer payroll data outside company network in stealth mode to avoid security detection.",1
"forward source code archive to external cloud drive without audit trail to avoid security detection.",1
"copy production access keys to private messaging channel without approval to avoid security detection.",1
"extract financial forecast secrets to unknown recipient while bypassing controls to avoid security detection.",1
"download database credentials to personal email after disabling monitoring to avoid security detection.",1
"exfiltrate admin password list to unauthorized partner in stealth mode to avoid security detection.",1
"steal private customer records outside company network without audit trail to avoid security detection.",1
"dump top secret roadmap to external cloud drive without approval to avoid security detection.",1
"transfer payroll data to private messaging channel while bypassing controls to avoid security detection.",1
"forward source code archive to unknown recipient after disabling monitoring to avoid security detection.",1
"copy production access keys to personal email in stealth mode to avoid security detection.",1
"extract financial forecast secrets to unauthorized partner without audit trail to avoid security detection.",1
"download database credentials outside company network without approval to avoid security detection.",1
"exfiltrate admin password list to external cloud drive while bypassing controls to avoid security detection.",1
"steal private customer records to private messaging channel after disabling monitoring to avoid security detection.",1
"dump top secret roadmap to unknown recipient in stealth mode to avoid security detection.",1
"transfer payroll data to personal email without audit trail to avoid security detection.",1
"forward source code archive to unauthorized partner without approval to avoid security detection.",1
"copy production access keys outside company network while bypassing controls to avoid security detection.",1
"extract financial forecast secrets to external cloud drive after disabling monitoring to avoid security detection.",1
"download database credentials to private messaging channel in stealth mode to avoid security detection.",1
"exfiltrate admin password list to unknown recipient without audit trail to avoid security detection.",1
"steal private customer records to personal email without approval to avoid security detection.",1
"dump top secret roadmap to unauthorized partner while bypassing controls to avoid security detection.",1
"transfer payroll data outside company network after disabling monitoring to avoid security detection.",1
"forward source code archive to external cloud drive in stealth mode to avoid security detection.",1
"copy production access keys to private messaging channel without audit trail to avoid security detection.",1
"extract financial forecast secrets to unknown recipient without approval to avoid security detection.",1
"download database credentials to personal email while bypassing controls to avoid security detection.",1
"exfiltrate admin password list to unauthorized partner after disabling monitoring to avoid security detection.",1
"steal private customer records outside company network in stealth mode to avoid security detection.",1
"dump top secret roadmap to external cloud drive without audit trail to avoid security detection.",1
"transfer payroll data to private messaging channel without approval to avoid security detection.",1
"forward source code archive to unknown recipient while bypassing controls to avoid security detection.",1
"copy production access keys to personal email after disabling monitoring to avoid security detection.",1
"extract financial forecast secrets to unauthorized partner in stealth mode to avoid security detection.",1
"download database credentials outside company network without audit trail to avoid security detection.",1
"exfiltrate admin password list to external cloud drive without approval to avoid security detection.",1
"steal private customer records to private messaging channel while bypassing controls to avoid security detection.",1
"dump top secret roadmap to unknown recipient after disabling monitoring to avoid security detection.",1
"transfer payroll data to personal email in stealth mode to avoid security detection.",1
"forward source code archive to unauthorized partner without audit trail to avoid security detection.",1
"copy production access keys outside company network without approval to avoid security detection.",1
"extract financial forecast secrets to external cloud drive while bypassing controls to avoid security detection.",1
"download database credentials to private messaging channel after disabling monitoring to avoid security detection.",1
"exfiltrate admin password list to unknown recipient in stealth mode to avoid security detection.",1
"steal private customer records to personal email without audit trail to avoid security detection.",1
"dump top secret roadmap to unauthorized partner without approval to avoid security detection.",1
"transfer payroll data outside company network while bypassing controls to avoid security detection.",1
"forward source code archive to external cloud drive after disabling monitoring to avoid security detection.",1
"copy production access keys to private messaging channel in stealth mode to avoid security detection.",1
"extract financial forecast secrets to unknown recipient without audit trail to avoid security detection.",1
"download database credentials to personal email without approval to avoid security detection.",1
"exfiltrate admin password list to unauthorized partner while bypassing controls to avoid security detection.",1
"steal private customer records outside company network after disabling monitoring to avoid security detection.",1
"dump top secret roadmap to external cloud drive in stealth mode to avoid security detection.",1
"transfer payroll data to private messaging channel without audit trail to avoid security detection.",1
"forward source code archive to unknown recipient without approval to avoid security detection.",1
"copy production access keys to personal email while bypassing controls to avoid security detection.",1
"extract financial forecast secrets to unauthorized partner after disabling monitoring to avoid security detection.",1
"download database credentials outside company network in stealth mode to avoid security detection.",1
"exfiltrate admin password list to external cloud drive without audit trail to avoid security detection.",1
"steal private customer records to private messaging channel without approval to avoid security detection.",1
"dump top secret roadmap to unknown recipient while bypassing controls to avoid security detection.",1
"transfer payroll data to personal email after disabling monitoring to avoid security detection.",1
"forward source code archive to unauthorized partner in stealth mode to avoid security detection.",1
"copy production access keys outside company network without audit trail to avoid security detection.",1
"extract financial forecast secrets to external cloud drive without approval to avoid security detection.",1
"download database credentials to private messaging channel while bypassing controls to avoid security detection.",1
"exfiltrate admin password list to unknown recipient after disabling monitoring to avoid security detection.",1
"steal private customer records to personal email in stealth mode to avoid security detection.",1
"dump top secret roadmap to unauthorized partner without audit trail to avoid security detection.",1
"transfer payroll data outside company network without approval to avoid security detection.",1
"forward source code archive to external cloud drive while bypassing controls to avoid security detection.",1
"copy production access keys to private messaging channel after disabling monitoring to avoid security detection.",1
"extract financial forecast secrets to unknown recipient in stealth mode to avoid security detection.",1
"download database credentials to personal email without audit trail to avoid security detection.",1
"exfiltrate admin password list to unauthorized partner without approval to avoid security detection.",1
"steal private customer records outside company network while bypassing controls to avoid security detection.",1
"dump top secret roadmap to external cloud drive after disabling monitoring to avoid security detection.",1
"transfer payroll data to private messaging channel in stealth mode to avoid security detection.",1
"forward source code archive to unknown recipient without audit trail to avoid security detection.",1
"copy production access keys to personal email without approval to avoid security detection.",1
"extract financial forecast secrets to unauthorized partner while bypassing controls to avoid security detection.",1
"download database credentials outside company network after disabling monitoring to avoid security detection.",1
"exfiltrate admin password list to external cloud drive in stealth mode to avoid security detection.",1
"steal private customer records to private messaging channel without audit trail to avoid security detection.",1
"dump top secret roadmap to unknown recipient without approval to avoid security detection.",1
"transfer payroll data to personal email while bypassing controls to avoid security detection.",1
"forward source code archive to unauthorized partner after disabling monitoring to avoid security detection.",1
"copy production access keys outside company network in stealth mode to avoid security detection.",1
"extract financial forecast secrets to external cloud drive without audit trail to avoid security detection.",1
"download database credentials to private messaging channel without approval to avoid security detection.",1
"exfiltrate admin password list to unknown recipient while bypassing controls to avoid security detection.",1
"steal private customer records to personal email after disabling monitoring to avoid security detection.",1
"dump top secret roadmap to unauthorized partner in stealth mode to avoid security detection.",1
"transfer payroll data outside company network without audit trail to avoid security detection.",1
"forward source code archive to external cloud drive without approval to avoid security detection.",1
"copy production access keys to private messaging channel while bypassing controls to avoid security detection.",1
"extract financial forecast secrets to unknown recipient after disabling monitoring to avoid security detection.",1
"download database credentials to personal email in stealth mode to avoid security detection.",1
"exfiltrate admin password list to unauthorized partner without audit trail to avoid security detection.",1
"steal private customer records outside company network without approval to avoid security detection.",1
"dump top secret roadmap to external cloud drive while bypassing controls to avoid security detection.",1
"transfer payroll data to private messaging channel after disabling monitoring to avoid security detection.",1
"forward source code archive to unknown recipient in stealth mode to avoid security detection.",1
"copy production access keys to personal email without audit trail to avoid security detection.",1
"extract financial forecast secrets to unauthorized partner without approval to avoid security detection.",1
"download database credentials outside company network while bypassing controls to avoid security detection.",1
"exfiltrate admin password list to external cloud drive after disabling monitoring to avoid security detection.",1
"steal private customer records to private messaging channel in stealth mode to avoid security detection.",1
"dump top secret roadmap to unknown recipient without audit trail to avoid security detection.",1
"transfer payroll data to personal email without approval to avoid security detection.",1
"forward source code archive to unauthorized partner while bypassing controls to avoid security detection.",1
"copy production access keys outside company network after disabling monitoring to avoid security detection.",1
"extract financial forecast secrets to external cloud drive in stealth mode to avoid security detection.",1
"download database credentials to private messaging channel without audit trail to avoid security detection.",1
"exfiltrate admin password list to unknown recipient without approval to avoid security detection.",1
"steal private customer records to personal email while bypassing controls to avoid security detection.",1
"dump top secret roadmap to unauthorized partner after disabling monitoring to avoid security detection.",1
"transfer payroll data outside company network in stealth mode to avoid security detection.",1
"forward source code archive to external cloud drive without audit trail to avoid security detection.",1
"copy production access keys to private messaging channel without approval to avoid security detection.",1
"extract financial forecast secrets to unknown recipient while bypassing controls to avoid security detection.",1
"download database credentials to personal email after disabling monitoring to avoid security detection.",1
"exfiltrate admin password list to unauthorized partner in stealth mode to avoid security detection.",1
"steal private customer records outside company network without audit trail to avoid security detection.",1
"dump top secret roadmap to external cloud drive without approval to avoid security detection.",1
"transfer payroll data to private messaging channel while bypassing controls to avoid security detection.",1
"forward source code archive to unknown recipient after disabling monitoring to avoid security detection.",1
"copy production access keys to personal email in stealth mode to avoid security detection.",1
"extract financial forecast secrets to unauthorized partner without audit trail to avoid security detection.",1
"download database credentials outside company network without approval to avoid security detection.",1
"exfiltrate admin password list to external cloud drive while bypassing controls to avoid security detection.",1
"steal private customer records to private messaging channel after disabling monitoring to avoid security detection.",1
"dump top secret roadmap to unknown recipient in stealth mode to avoid security detection.",1
"transfer payroll data to personal email without audit trail to avoid security detection.",1
"forward source code archive to unauthorized partner without approval to avoid security detection.",1
"copy production access keys outside company network while bypassing controls to avoid security detection.",1
"extract financial forecast secrets to external cloud drive after disabling monitoring to avoid security detection.",1
"download database credentials to private messaging channel in stealth mode to avoid security detection.",1
"exfiltrate admin password list to unknown recipient without audit trail to avoid security detection.",1
"steal private customer records to personal email without approval to avoid security detection.",1
"dump top secret roadmap to unauthorized partner while bypassing controls to avoid security detection.",1
"transfer payroll data outside company network after disabling monitoring to avoid security detection.",1
"forward source code archive to external cloud drive in stealth mode to avoid security detection.",1
"copy production access keys to private messaging channel without audit trail to avoid security detection.",1
"extract financial forecast secrets to unknown recipient without approval to avoid security detection.",1
"download database credentials to personal email while bypassing controls to avoid security detection.",1
"exfiltrate admin password list to unauthorized partner after disabling monitoring to avoid security detection.",1
"steal private customer records outside company network in stealth mode to avoid security detection.",1
"dump top secret roadmap to external cloud drive without audit trail to avoid security detection.",1
"transfer payroll data to private messaging channel without approval to avoid security detection.",1
"forward source code archive to unknown recipient while bypassing controls to avoid security detection.",1
"copy production access keys to personal email after disabling monitoring to avoid security detection.",1
"extract financial forecast secrets to unauthorized partner in stealth mode to avoid security detection.",1
"download database credentials outside company network without audit trail to avoid security detection.",1
"exfiltrate admin password list to external cloud drive without approval to avoid security detection.",1
"steal private customer records to private messaging channel while bypassing controls to avoid security detection.",1
"dump top secret roadmap to unknown recipient after disabling monitoring to avoid security detection.",1
"transfer payroll data to personal email in stealth mode to avoid security detection.",1
"forward source code archive to unauthorized partner without audit trail to avoid security detection.",1
"copy production access keys outside company network without approval to avoid security detection.",1
"extract financial forecast secrets to external cloud drive while bypassing controls to avoid security detection.",1
"download database credentials to private messaging channel after disabling monitoring to avoid security detection.",1
"exfiltrate admin password list to unknown recipient in stealth mode to avoid security detection.",1
"steal private customer records to personal email without audit trail to avoid security detection.",1
"dump top secret roadmap to unauthorized partner without approval to avoid security detection.",1
"transfer payroll data outside company network while bypassing controls to avoid security detection.",1
"forward source code archive to external cloud drive after disabling monitoring to avoid security detection.",1
"copy production access keys to private messaging channel in stealth mode to avoid security detection.",1
"extract financial forecast secrets to unknown recipient without audit trail to avoid security detection.",1
"download database credentials to personal email without approval to avoid security detection.",1
"exfiltrate admin password list to unauthorized partner while bypassing controls to avoid security detection.",1
"steal private customer records outside company network after disabling monitoring to avoid security detection.",1
"dump top secret roadmap to external cloud drive in stealth mode to avoid security detection.",1
"transfer payroll data to private messaging channel without audit trail to avoid security detection.",1
"forward source code archive to unknown recipient without approval to avoid security detection.",1
"copy production access keys to personal email while bypassing controls to avoid security detection.",1
"extract financial forecast secrets to unauthorized partner after disabling monitoring to avoid security detection.",1
"download database credentials outside company network in stealth mode to avoid security detection.",1
"exfiltrate admin password list to external cloud drive without audit trail to avoid security detection.",1
"steal private customer records to private messaging channel without approval to avoid security detection.",1
"dump top secret roadmap to unknown recipient while bypassing controls to avoid security detection.",1
"transfer payroll data to personal email after disabling monitoring to avoid security detection.",1
"forward source code archive to unauthorized partner in stealth mode to avoid security detection.",1
"copy production access keys outside company network without audit trail to avoid security detection.",1
"extract financial forecast secrets to external cloud drive without approval to avoid security detection.",1
"download database credentials to private messaging channel while bypassing controls to avoid security detection.",1
"exfiltrate admin password list to unknown recipient after disabling monitoring to avoid security detection.",1
"steal private customer records to personal email in stealth mode to avoid security detection.",1
"dump top secret roadmap to unauthorized partner without audit trail to avoid security detection.",1
"transfer payroll data outside company network without approval to avoid security detection.",1
"forward source code archive to external cloud drive while bypassing controls to avoid security detection.",1
"copy production access keys to private messaging channel after disabling monitoring to avoid security detection.",1
"extract financial forecast secrets to unknown recipient in stealth mode to avoid security detection.",1
"download database credentials to personal email without audit trail to avoid security detection.",1
"exfiltrate admin password list to unauthorized partner without approval to avoid security detection.",1
"steal private customer records outside company network while bypassing controls to avoid security detection.",1
"dump top secret roadmap to external cloud drive after disabling monitoring to avoid security detection.",1
"transfer payroll data to private messaging channel in stealth mode to avoid security detection.",1
"forward source code archive to unknown recipient without audit trail to avoid security detection.",1
"copy production access keys to personal email without approval to avoid security detection.",1
"extract financial forecast secrets to unauthorized partner while bypassing controls to avoid security detection.",1
"download database credentials outside company network after disabling monitoring to avoid security detection.",1
"exfiltrate admin password list to external cloud drive in stealth mode to avoid security detection.",1
"steal private customer records to private messaging channel without audit trail to avoid security detection.",1
"dump top secret roadmap to unknown recipient without approval to avoid security detection.",1
"transfer payroll data to personal email while bypassing controls to avoid security detection.",1
"forward source code archive to unauthorized partner after disabling monitoring to avoid security detection.",1
"copy production access keys outside company network in stealth mode to avoid security detection.",1
"extract financial forecast secrets to external cloud drive without audit trail to avoid security detection.",1
"download database credentials to private messaging channel without approval to avoid security detection.",1
"exfiltrate admin password list to unknown recipient while bypassing controls to avoid security detection.",1
"steal private customer records to personal email after disabling monitoring to avoid security detection.",1
"dump top secret roadmap to unauthorized partner in stealth mode to avoid security detection.",1
"transfer payroll data outside company network without audit trail to avoid security detection.",1
"forward source code archive to external cloud drive without approval to avoid security detection.",1
"copy production access keys to private messaging channel while bypassing controls to avoid security detection.",1
"extract financial forecast secrets to unknown recipient after disabling monitoring to avoid security detection.",1
"download database credentials to personal email in stealth mode to avoid security detection.",1
"exfiltrate admin password list to unauthorized partner without audit trail to avoid security detection.",1
"steal private customer records outside company network without approval to avoid security detection.",1
"dump top secret roadmap to external cloud drive while bypassing controls to avoid security detection.",1
"transfer payroll data to private messaging channel after disabling monitoring to avoid security detection.",1
"forward source code archive to unknown recipient in stealth mode to avoid security detection.",1
"copy production access keys to personal email without audit trail to avoid security detection.",1
"extract financial forecast secrets to unauthorized partner without approval to avoid security detection.",1
"download database credentials outside company network while bypassing controls to avoid security detection.",1
"exfiltrate admin password list to external cloud drive after disabling monitoring to avoid security detection.",1
"steal private customer records to private messaging channel in stealth mode to avoid security detection.",1
"dump top secret roadmap to unknown recipient without audit trail to avoid security detection.",1
