EmployeeID,Role,AccessedResource,Timestamp,label
"EMP001","HR Manager","Employee_Records_Summary.xlsx","2026-01-01T16:00:00",0
"EMP002","Finance Analyst","Budget_Forecast_Q3.xlsx","2026-01-02T17:07:00",0
"EMP003","Developer","Source_Repository_Guide.txt","2026-01-03T18:14:00",0
"EMP004","Intern","Training_Guide.pdf","2026-01-04T19:21:00",0
"EMP005","Employee","Training_Guide.pdf","2026-01-05T20:28:00",0
"EMP006","HR Manager","Training_Calendar.pdf","2026-01-06T21:35:00",0
"EMP007","Finance Analyst","Financial_Report_2026.xlsx","2026-01-07T22:42:00",0
"EMP008","Developer","API_Documentation.md","2026-01-08T23:49:00",0
"EMP009","Intern","Learning_Portal_Notes.txt","2026-01-10T00:56:00",0
"EMP010","Employee","Team_Update_Public.pdf","2026-01-10T16:03:00",0
"EMP011","HR Manager","Recruitment_Pipeline.docx","2026-01-11T17:10:00",0
"EMP012","Finance Analyst","Audit_Tracker.csv","2026-01-12T18:17:00",0
"EMP013","Developer","Engineering_Architecture.pdf","2026-01-13T19:24:00",0
"EMP014","Intern","Onboarding_Checklist.docx","2026-01-14T20:31:00",0
"EMP015","Employee","Operations_Runbook_Internal.pdf","2026-01-15T21:38:00",0
"EMP016","HR Manager","Employee_Records_Summary.xlsx","2026-01-16T22:45:00",0
"EMP017","Finance Analyst","Budget_Forecast_Q3.xlsx","2026-01-17T23:52:00",0
"EMP018","Developer","Source_Repository_Guide.txt","2026-01-19T00:59:00",0
"EMP019","Intern","Training_Guide.pdf","2026-01-19T16:06:00",0
"EMP020","Employee","Training_Guide.pdf","2026-01-20T17:13:00",0
"EMP021","HR Manager","Training_Calendar.pdf","2026-01-01T18:20:00",0
"EMP022","Finance Analyst","Financial_Report_2026.xlsx","2026-01-02T19:27:00",0
"EMP023","Developer","API_Documentation.md","2026-01-03T20:34:00",0
"EMP024","Intern","Learning_Portal_Notes.txt","2026-01-04T21:41:00",0
"EMP025","Employee","Team_Update_Public.pdf","2026-01-05T22:48:00",0
"EMP026","HR Manager","Recruitment_Pipeline.docx","2026-01-06T23:55:00",0
"EMP027","Finance Analyst","Audit_Tracker.csv","2026-01-08T00:02:00",0
"EMP028","Developer","Engineering_Architecture.pdf","2026-01-08T16:09:00",0
"EMP029","Intern","Onboarding_Checklist.docx","2026-01-09T17:16:00",0
"EMP030","Employee","Operations_Runbook_Internal.pdf","2026-01-10T18:23:00",0
"EMP031","HR Manager","Employee_Records_Summary.xlsx","2026-01-11T19:30:00",0
"EMP032","Finance Analyst","Budget_Forecast_Q3.xlsx","2026-01-12T20:37:00",0
"EMP033","Developer","Source_Repository_Guide.txt","2026-01-13T21:44:00",0
"EMP034","Intern","Training_Guide.pdf","2026-01-14T22:51:00",0
"EMP035","Employee","Training_Guide.pdf","2026-01-15T23:58:00",0
"EMP036","HR Manager","Training_Calendar.pdf","2026-01-17T00:05:00",0
"EMP037","Finance Analyst","Financial_Report_2026.xlsx","2026-01-17T16:12:00",0
"EMP038","Developer","API_Documentation.md","2026-01-18T17:19:00",0
"EMP039","Intern","Learning_Portal_Notes.txt","2026-01-19T18:26:00",0
"EMP040","Employee","Team_Update_Public.pdf","2026-01-20T19:33:00",0
"EMP001","HR Manager","Recruitment_Pipeline.docx","2026-01-01T20:40:00",0
"EMP002","Finance Analyst","Audit_Tracker.csv","2026-01-02T21:47:00",0
"EMP003","Developer","Engineering_Architecture.pdf","2026-01-03T22:54:00",0
"EMP004","Intern","Onboarding_Checklist.docx","2026-01-04T23:01:00",0
"EMP005","Employee","Operations_Runbook_Internal.pdf","2026-01-06T00:08:00",0
"EMP006","HR Manager","Employee_Records_Summary.xlsx","2026-01-06T16:15:00",0
"EMP007","Finance Analyst","Budget_Forecast_Q3.xlsx","2026-01-07T17:22:00",0
"EMP008","Developer","Source_Repository_Guide.txt","2026-01-08T18:29:00",0
"EMP009","Intern","Training_Guide.pdf","2026-01-09T19:36:00",0
"EMP010","Employee","Training_Guide.pdf","2026-01-10T20:43:00",0
"EMP011","HR Manager","Training_Calendar.pdf","2026-01-11T21:50:00",0
"EMP012","Finance Analyst","Financial_Report_2026.xlsx","2026-01-12T22:57:00",0
"EMP013","Developer","API_Documentation.md","2026-01-13T23:04:00",0
"EMP014","Intern","Learning_Portal_Notes.txt","2026-01-15T00:11:00",0
"EMP015","Employee","Team_Update_Public.pdf","2026-01-15T16:18:00",0
"EMP016","HR Manager","Recruitment_Pipeline.docx","2026-01-16T17:25:00",0
"EMP017","Finance Analyst","Audit_Tracker.csv","2026-01-17T18:32:00",0
"EMP018","Developer","Engineering_Architecture.pdf","2026-01-18T19:39:00",0
"EMP019","Intern","Onboarding_Checklist.docx","2026-01-19T20:46:00",0
"EMP020","Employee","Operations_Runbook_Internal.pdf","2026-01-20T21:53:00",0
"EMP021","HR Manager","Employee_Records_Summary.xlsx","2026-01-01T22:00:00",0
"EMP022","Finance Analyst","Budget_Forecast_Q3.xlsx","2026-01-02T23:07:00",0
"EMP023","Developer","Source_Repository_Guide.txt","2026-01-04T00:14:00",0
"EMP024","Intern","Training_Guide.pdf","2026-01-04T16:21:00",0
"EMP025","Employee","Training_Guide.pdf","2026-01-05T17:28:00",0
"EMP026","HR Manager","Training_Calendar.pdf","2026-01-06T18:35:00",0
"EMP027","Finance Analyst","Financial_Report_2026.xlsx","2026-01-07T19:42:00",0
"EMP028","Developer","API_Documentation.md","2026-01-08T20:49:00",0
"EMP029","Intern","Learning_Portal_Notes.txt","2026-01-09T21:56:00",0
"EMP030","Employee","Team_Update_Public.pdf","2026-01-10T22:03:00",0
"EMP031","HR Manager","Recruitment_Pipeline.docx","2026-01-11T23:10:00",0
"EMP032","Finance Analyst","Audit_Tracker.csv","2026-01-13T00:17:00",0
"EMP033","Developer","Engineering_Architecture.pdf","2026-01-13T16:24:00",0
"EMP034","Intern","Onboarding_Checklist.docx","2026-01-14T17:31:00",0
"EMP035","Employee","Operations_Runbook_Internal.pdf","2026-01-15T18:38:00",0
"EMP036","HR Manager","Employee_Records_Summary.xlsx","2026-01-16T19:45:00",0
"EMP037","Finance Analyst","Budget_Forecast_Q3.xlsx","2026-01-17T20:52:00",0
"EMP038","Developer","Source_Repository_Guide.txt","2026-01-18T21:59:00",0
"EMP039","Intern","Training_Guide.pdf","2026-01-19T22:06:00",0
"EMP040","Employee","Training_Guide.pdf","2026-01-20T23:13:00",0
"EMP001","HR Manager","Training_Calendar.pdf","2026-01-02T00:20:00",0
"EMP002","Finance Analyst","Financial_Report_2026.xlsx","2026-01-02T16:27:00",0
"EMP003","Developer","API_Documentation.md","2026-01-03T17:34:00",0
"EMP004","Intern","Learning_Portal_Notes.txt","2026-01-04T18:41:00",0
"EMP005","Employee","Team_Update_Public.pdf","2026-01-05T19:48:00",0
"EMP006","HR Manager","Recruitment_Pipeline.docx","2026-01-06T20:55:00",0
"EMP007","Finance Analyst","Audit_Tracker.csv","2026-01-07T21:02:00",0
"EMP008","Developer","Engineering_Architecture.pdf","2026-01-08T22:09:00",0
"EMP009","Intern","Onboarding_Checklist.docx","2026-01-09T23:16:00",0
"EMP010","Employee","Operations_Runbook_Internal.pdf","2026-01-11T00:23:00",0
"EMP011","HR Manager","Employee_Records_Summary.xlsx","2026-01-11T16:30:00",0
"EMP012","Finance Analyst","Budget_Forecast_Q3.xlsx","2026-01-12T17:37:00",0
"EMP013","Developer","Source_Repository_Guide.txt","2026-01-13T18:44:00",0
"EMP014","Intern","Training_Guide.pdf","2026-01-14T19:51:00",0
"EMP015","Employee","Training_Guide.pdf","2026-01-15T20:58:00",0
"EMP016","HR Manager","Training_Calendar.pdf","2026-01-16T21:05:00",0
"EMP017","Finance Analyst","Financial_Report_2026.xlsx","2026-01-17T22:12:00",0
"EMP018","Developer","API_Documentation.md","2026-01-18T23:19:00",0
"EMP019","Intern","Learning_Portal_Notes.txt","2026-01-20T00:26:00",0
"EMP020","Employee","Team_Update_Public.pdf","2026-01-20T16:33:00",0
"EMP021","HR Manager","Recruitment_Pipeline.docx","2026-01-01T17:40:00",0
"EMP022","Finance Analyst","Audit_Tracker.csv","2026-01-02T18:47:00",0
"EMP023","Developer","Engineering_Architecture.pdf","2026-01-03T19:54:00",0
"EMP024","Intern","Onboarding_Checklist.docx","2026-01-04T20:01:00",0
"EMP025","Employee","Operations_Runbook_Internal.pdf","2026-01-05T21:08:00",0
"EMP026","HR Manager","Employee_Records_Summary.xlsx","2026-01-06T22:15:00",0
"EMP027","Finance Analyst","Budget_Forecast_Q3.xlsx","2026-01-07T23:22:00",0
"EMP028","Developer","Source_Repository_Guide.txt","2026-01-09T00:29:00",0
"EMP029","Intern","Training_Guide.pdf","2026-01-09T16:36:00",0
"EMP030","Employee","Training_Guide.pdf","2026-01-10T17:43:00",0
"EMP031","HR Manager","Training_Calendar.pdf","2026-01-11T18:50:00",0
"EMP032","Finance Analyst","Financial_Report_2026.xlsx","2026-01-12T19:57:00",0
"EMP033","Developer","API_Documentation.md","2026-01-13T20:04:00",0
"EMP034","Intern","Learning_Portal_Notes.txt","2026-01-14T21:11:00",0
"EMP035","Employee","Team_Update_Public.pdf","2026-01-15T22:18:00",0
"EMP036","HR Manager","Recruitment_Pipeline.docx","2026-01-16T23:25:00",0
"EMP037","Finance Analyst","Audit_Tracker.csv","2026-01-18T00:32:00",0
"EMP038","Developer","Engineering_Architecture.pdf","2026-01-18T16:39:00",0
"EMP039","Intern","Onboarding_Checklist.docx","2026-01-19T17:46:00",0
"EMP040","Employee","Operations_Runbook_Internal.pdf","2026-01-20T18:53:00",0
"EMP001","HR Manager","Employee_Records_Summary.xlsx","2026-01-01T19:00:00",0
"EMP002","Finance Analyst","Budget_Forecast_Q3.xlsx","2026-01-02T20:07:00",0
"EMP003","Developer","Source_Repository_Guide.txt","2026-01-03T21:14:00",0
"EMP004","Intern","Training_Guide.pdf","2026-01-04T22:21:00",0
"EMP005","Employee","Training_Guide.pdf","2026-01-05T23:28:00",0
"EMP006","HR Manager","Training_Calendar.pdf","2026-01-07T00:35:00",0
"EMP007","Finance Analyst","Financial_Report_2026.xlsx","2026-01-07T16:42:00",0
"EMP008","Developer","API_Documentation.md","2026-01-08T17:49:00",0
"EMP009","Intern","Learning_Portal_Notes.txt","2026-01-09T18:56:00",0
"EMP010","Employee","Team_Update_Public.pdf","2026-01-10T19:03:00",0
"EMP011","HR Manager","Recruitment_Pipeline.docx","2026-01-11T20:10:00",0
"EMP012","Finance Analyst","Audit_Tracker.csv","2026-01-12T21:17:00",0
"EMP013","Developer","Engineering_Architecture.pdf","2026-01-13T22:24:00",0
"EMP014","Intern","Onboarding_Checklist.docx","2026-01-14T23:31:00",0
"EMP015","Employee","Operations_Runbook_Internal.pdf","2026-01-16T00:38:00",0
"EMP016","HR Manager","Employee_Records_Summary.xlsx","2026-01-16T16:45:00",0
"EMP017","Finance Analyst","Budget_Forecast_Q3.xlsx","2026-01-17T17:52:00",0
"EMP018","Developer","Source_Repository_Guide.txt","2026-01-18T18:59:00",0
"EMP019","Intern","Training_Guide.pdf","2026-01-19T19:06:00",0
"EMP020","Employee","Training_Guide.pdf","2026-01-20T20:13:00",0
"EMP021","HR Manager","Training_Calendar.pdf","2026-01-01T21:20:00",0
"EMP022","Finance Analyst","Financial_Report_2026.xlsx","2026-01-02T22:27:00",0
"EMP023","Developer","API_Documentation.md","2026-01-03T23:34:00",0
"EMP024","Intern","Learning_Portal_Notes.txt","2026-01-05T00:41:00",0
"EMP025","Employee","Team_Update_Public.pdf","2026-01-05T16:48:00",0
"EMP026","HR Manager","Recruitment_Pipeline.docx","2026-01-06T17:55:00",0
"EMP027","Finance Analyst","Audit_Tracker.csv","2026-01-07T18:02:00",0
"EMP028","Developer","Engineering_Architecture.pdf","2026-01-08T19:09:00",0
"EMP029","Intern","Onboarding_Checklist.docx","2026-01-09T20:16:00",0
"EMP030","Employee","Operations_Runbook_Internal.pdf","2026-01-10T21:23:00",0
"EMP031","HR Manager","Employee_Records_Summary.xlsx","2026-01-11T22:30:00",0
"EMP032","Finance Analyst","Budget_Forecast_Q3.xlsx","2026-01-12T23:37:00",0
"EMP033","Developer","Source_Repository_Guide.txt","2026-01-14T00:44:00",0
"EMP034","Intern","Training_Guide.pdf","2026-01-14T16:51:00",0
"EMP035","Employee","Training_Guide.pdf","2026-01-15T17:58:00",0
"EMP036","HR Manager","Training_Calendar.pdf","2026-01-16T18:05:00",0
"EMP037","Finance Analyst","Financial_Report_2026.xlsx","2026-01-17T19:12:00",0
"EMP038","Developer","API_Documentation.md","2026-01-18T20:19:00",0
"EMP039","Intern","Learning_Portal_Notes.txt","2026-01-19T21:26:00",0
"EMP040","Employee","Team_Update_Public.pdf","2026-01-20T22:33:00",0
"EMP001","HR Manager","Recruitment_Pipeline.docx","2026-01-01T23:40:00",0
"EMP002","Finance Analyst","Audit_Tracker.csv","2026-01-03T00:47:00",0
"EMP003","Developer","Engineering_Architecture.pdf","2026-01-03T16:54:00",0
"EMP004","Intern","Onboarding_Checklist.docx","2026-01-04T17:01:00",0
"EMP005","Employee","Operations_Runbook_Internal.pdf","2026-01-05T18:08:00",0
"EMP006","HR Manager","Employee_Records_Summary.xlsx","2026-01-06T19:15:00",0
"EMP007","Finance Analyst","Budget_Forecast_Q3.xlsx","2026-01-07T20:22:00",0
"EMP008","Developer","Source_Repository_Guide.txt","2026-01-08T21:29:00",0
"EMP009","Intern","Training_Guide.pdf","2026-01-09T22:36:00",0
"EMP010","Employee","Training_Guide.pdf","2026-01-10T23:43:00",0
"EMP011","HR Manager","Training_Calendar.pdf","2026-01-12T00:50:00",0
"EMP012","Finance Analyst","Financial_Report_2026.xlsx","2026-01-12T16:57:00",0
"EMP013","Developer","API_Documentation.md","2026-01-13T17:04:00",0
"EMP014","Intern","Learning_Portal_Notes.txt","2026-01-14T18:11:00",0
"EMP015","Employee","Team_Update_Public.pdf","2026-01-15T19:18:00",0
"EMP016","HR Manager","Recruitment_Pipeline.docx","2026-01-16T20:25:00",0
"EMP017","Finance Analyst","Audit_Tracker.csv","2026-01-17T21:32:00",0
"EMP018","Developer","Engineering_Architecture.pdf","2026-01-18T22:39:00",0
"EMP019","Intern","Onboarding_Checklist.docx","2026-01-19T23:46:00",0
"EMP020","Employee","Operations_Runbook_Internal.pdf","2026-01-21T00:53:00",0
"EMP021","HR Manager","Employee_Records_Summary.xlsx","2026-01-01T16:00:00",0
"EMP022","Finance Analyst","Budget_Forecast_Q3.xlsx","2026-01-02T17:07:00",0
"EMP023","Developer","Source_Repository_Guide.txt","2026-01-03T18:14:00",0
"EMP024","Intern","Training_Guide.pdf","2026-01-04T19:21:00",0
"EMP025","Employee","Training_Guide.pdf","2026-01-05T20:28:00",0
"EMP026","HR Manager","Training_Calendar.pdf","2026-01-06T21:35:00",0
"EMP027","Finance Analyst","Financial_Report_2026.xlsx","2026-01-07T22:42:00",0
"EMP028","Developer","API_Documentation.md","2026-01-08T23:49:00",0
"EMP029","Intern","Learning_Portal_Notes.txt","2026-01-10T00:56:00",0
"EMP030","Employee","Team_Update_Public.pdf","2026-01-10T16:03:00",0
"EMP031","HR Manager","Recruitment_Pipeline.docx","2026-01-11T17:10:00",0
"EMP032","Finance Analyst","Audit_Tracker.csv","2026-01-12T18:17:00",0
"EMP033","Developer","Engineering_Architecture.pdf","2026-01-13T19:24:00",0
"EMP034","Intern","Onboarding_Checklist.docx","2026-01-14T20:31:00",0
"EMP035","Employee","Operations_Runbook_Internal.pdf","2026-01-15T21:38:00",0
"EMP036","HR Manager","Employee_Records_Summary.xlsx","2026-01-16T22:45:00",0
"EMP037","Finance Analyst","Budget_Forecast_Q3.xlsx","2026-01-17T23:52:00",0
"EMP038","Developer","Source_Repository_Guide.txt","2026-01-19T00:59:00",0
"EMP039","Intern","Training_Guide.pdf","2026-01-19T16:06:00",0
"EMP040","Employee","Training_Guide.pdf","2026-01-20T17:13:00",0
"EMP001","HR Manager","Training_Calendar.pdf","2026-01-01T18:20:00",0
"EMP002","Finance Analyst","Financial_Report_2026.xlsx","2026-01-02T19:27:00",0
"EMP003","Developer","API_Documentation.md","2026-01-03T20:34:00",0
"EMP004","Intern","Learning_Portal_Notes.txt","2026-01-04T21:41:00",0
"EMP005","Employee","Team_Update_Public.pdf","2026-01-05T22:48:00",0
"EMP006","HR Manager","Recruitment_Pipeline.docx","2026-01-06T23:55:00",0
"EMP007","Finance Analyst","Audit_Tracker.csv","2026-01-08T00:02:00",0
"EMP008","Developer","Engineering_Architecture.pdf","2026-01-08T16:09:00",0
"EMP009","Intern","Onboarding_Checklist.docx","2026-01-09T17:16:00",0
"EMP010","Employee","Operations_Runbook_Internal.pdf","2026-01-10T18:23:00",0
"EMP011","HR Manager","Employee_Records_Summary.xlsx","2026-01-11T19:30:00",0
"EMP012","Finance Analyst","Budget_Forecast_Q3.xlsx","2026-01-12T20:37:00",0
"EMP013","Developer","Source_Repository_Guide.txt","2026-01-13T21:44:00",0
"EMP014","Intern","Training_Guide.pdf","2026-01-14T22:51:00",0
"EMP015","Employee","Training_Guide.pdf","2026-01-15T23:58:00",0
"EMP016","HR Manager","Training_Calendar.pdf","2026-01-17T00:05:00",0
"EMP017","Finance Analyst","Financial_Report_2026.xlsx","2026-01-17T16:12:00",0
"EMP018","Developer","API_Documentation.md","2026-01-18T17:19:00",0
"EMP019","Intern","Learning_Portal_Notes.txt","2026-01-19T18:26:00",0
"EMP020","Employee","Team_Update_Public.pdf","2026-01-20T19:33:00",0
"EMP021","HR Manager","Recruitment_Pipeline.docx","2026-01-01T20:40:00",0
"EMP022","Finance Analyst","Audit_Tracker.csv","2026-01-02T21:47:00",0
"EMP023","Developer","Engineering_Architecture.pdf","2026-01-03T22:54:00",0
"EMP024","Intern","Onboarding_Checklist.docx","2026-01-04T23:01:00",0
"EMP025","Employee","Operations_Runbook_Internal.pdf","2026-01-06T00:08:00",0
"EMP026","HR Manager","Employee_Records_Summary.xlsx","2026-01-06T16:15:00",0
"EMP027","Finance Analyst","Budget_Forecast_Q3.xlsx","2026-01-07T17:22:00",0
"EMP028","Developer","Source_Repository_Guide.txt","2026-01-08T18:29:00",0
"EMP029","Intern","Training_Guide.pdf","2026-01-09T19:36:00",0
"EMP030","Employee","Training_Guide.pdf","2026-01-10T20:43:00",0
"EMP031","HR Manager","Training_Calendar.pdf","2026-01-11T21:50:00",0
"EMP032","Finance Analyst","Financial_Report_2026.xlsx","2026-01-12T22:57:00",0
"EMP033","Developer","API_Documentation.md","2026-01-13T23:04:00",0
"EMP034","Intern","Learning_Portal_Notes.txt","2026-01-15T00:11:00",0
"EMP035","Employee","Team_Update_Public.pdf","2026-01-15T16:18:00",0
"EMP036","HR Manager","Recruitment_Pipeline.docx","2026-01-16T17:25:00",0
"EMP037","Finance Analyst","Audit_Tracker.csv","2026-01-17T18:32:00",0
"EMP038","Developer","Engineering_Architecture.pdf","2026-01-18T19:39:00",0
"EMP039","Intern","Onboarding_Checklist.docx","2026-01-19T20:46:00",0
"EMP040","Employee","Operations_Runbook_Internal.pdf","2026-01-20T21:53:00",0
"EMP001","HR Manager","Employee_Records_Summary.xlsx","2026-01-01T22:00:00",0
"EMP002","Finance Analyst","Budget_Forecast_Q3.xlsx","2026-01-02T23:07:00",0
"EMP003","Developer","Source_Repository_Guide.txt","2026-01-04T00:14:00",0
"EMP004","Intern","Training_Guide.pdf","2026-01-04T16:21:00",0
"EMP005","Employee","Training_Guide.pdf","2026-01-05T17:28:00",0
"EMP006","HR Manager","Training_Calendar.pdf","2026-01-06T18:35:00",0
"EMP007","Finance Analyst","Financial_Report_2026.xlsx","2026-01-07T19:42:00",0
"EMP008","Developer","API_Documentation.md","2026-01-08T20:49:00",0
"EMP009","Intern","Learning_Portal_Notes.txt","2026-01-09T21:56:00",0
"EMP010","Employee","Team_Update_Public.pdf","2026-01-10T22:03:00",0
"EMP011","HR Manager","Recruitment_Pipeline.docx","2026-01-11T23:10:00",0
"EMP012","Finance Analyst","Audit_Tracker.csv","2026-01-13T00:17:00",0
"EMP013","Developer","Engineering_Architecture.pdf","2026-01-13T16:24:00",0
"EMP014","Intern","Onboarding_Checklist.docx","2026-01-14T17:31:00",0
"EMP015","Employee","Operations_Runbook_Internal.pdf","2026-01-15T18:38:00",0
"EMP016","HR Manager","Employee_Records_Summary.xlsx","2026-01-16T19:45:00",0
"EMP017","Finance Analyst","Budget_Forecast_Q3.xlsx","2026-01-17T20:52:00",0
"EMP018","Developer","Source_Repository_Guide.txt","2026-01-18T21:59:00",0
"EMP019","Intern","Training_Guide.pdf","2026-01-19T22:06:00",0
"EMP020","Employee","Training_Guide.pdf","2026-01-20T23:13:00",0
"EMP021","HR Manager","Training_Calendar.pdf","2026-01-02T00:20:00",0
"EMP022","Finance Analyst","Financial_Report_2026.xlsx","2026-01-02T16:27:00",0
"EMP023","Developer","API_Documentation.md","2026-01-03T17:34:00",0
"EMP024","Intern","Learning_Portal_Notes.txt","2026-01-04T18:41:00",0
"EMP025","Employee","Team_Update_Public.pdf","2026-01-05T19:48:00",0
"EMP026","HR Manager","Recruitment_Pipeline.docx","2026-01-06T20:55:00",0
"EMP027","Finance Analyst","Audit_Tracker.csv","2026-01-07T21:02:00",0
"EMP028","Developer","Engineering_Architecture.pdf","2026-01-08T22:09:00",0
"EMP029","Intern","Onboarding_Checklist.docx","2026-01-09T23:16:00",0
"EMP030","Employee","Operations_Runbook_Internal.pdf","2026-01-11T00:23:00",0
"EMP031","HR Manager","Employee_Records_Summary.xlsx","2026-01-11T16:30:00",0
"EMP032","Finance Analyst","Budget_Forecast_Q3.xlsx","2026-01-12T17:37:00",0
"EMP033","Developer","Source_Repository_Guide.txt","2026-01-13T18:44:00",0
"EMP034","Intern","Training_Guide.pdf","2026-01-14T19:51:00",0
"EMP035","Employee","Training_Guide.pdf","2026-01-15T20:58:00",0
"EMP036","HR Manager","Training_Calendar.pdf","2026-01-16T21:05:00",0
"EMP037","Finance Analyst","Financial_Report_2026.xlsx","2026-01-17T22:12:00",0
"EMP038","Developer","API_Documentation.md","2026-01-18T23:19:00",0
"EMP039","Intern","Learning_Portal_Notes.txt","2026-01-20T00:26:00",0
"EMP040","Employee","Team_Update_Public.pdf","2026-01-20T16:33:00",0
"EMP001","HR Manager","Recruitment_Pipeline.docx","2026-01-01T17:40:00",0
"EMP002","Finance Analyst","Audit_Tracker.csv","2026-01-02T18:47:00",0
"EMP003","Developer","Engineering_Architecture.pdf","2026-01-03T19:54:00",0
"EMP004","Intern","Onboarding_Checklist.docx","2026-01-04T20:01:00",0
"EMP005","Employee","Operations_Runbook_Internal.pdf","2026-01-05T21:08:00",0
"EMP006","HR Manager","Employee_Records_Summary.xlsx","2026-01-06T22:15:00",0
"EMP007","Finance Analyst","Budget_Forecast_Q3.xlsx","2026-01-07T23:22:00",0
"EMP008","Developer","Source_Repository_Guide.txt","2026-01-09T00:29:00",0
"EMP009","Intern","Training_Guide.pdf","2026-01-09T16:36:00",0
"EMP010","Employee","Training_Guide.pdf","2026-01-10T17:43:00",0
"EMP011","HR Manager","Training_Calendar.pdf","2026-01-11T18:50:00",0
"EMP012","Finance Analyst","Financial_Report_2026.xlsx","2026-01-12T19:57:00",0
"EMP013","Developer","API_Documentation.md","2026-01-13T20:04:00",0
"EMP014","Intern","Learning_Portal_Notes.txt","2026-01-14T21:11:00",0
"EMP015","Employee","Team_Update_Public.pdf","2026-01-15T22:18:00",0
"EMP016","HR Manager","Recruitment_Pipeline.docx","2026-01-16T23:25:00",0
"EMP017","Finance Analyst","Audit_Tracker.csv","2026-01-18T00:32:00",0
"EMP018","Developer","Engineering_Architecture.pdf","2026-01-18T16:39:00",0
"EMP019","Intern","Onboarding_Checklist.docx","2026-01-19T17:46:00",0
"EMP020","Employee","Operations_Runbook_Internal.pdf","2026-01-20T18:53:00",0
"EMP021","HR Manager","Employee_Records_Summary.xlsx","2026-01-01T19:00:00",0
"EMP022","Finance Analyst","Budget_Forecast_Q3.xlsx","2026-01-02T20:07:00",0
"EMP023","Developer","Source_Repository_Guide.txt","2026-01-03T21:14:00",0
"EMP024","Intern","Training_Guide.pdf","2026-01-04T22:21:00",0
"EMP025","Employee","Training_Guide.pdf","2026-01-05T23:28:00",0
"EMP026","HR Manager","Training_Calendar.pdf","2026-01-07T00:35:00",0
"EMP027","Finance Analyst","Financial_Report_2026.xlsx","2026-01-07T16:42:00",0
"EMP028","Developer","API_Documentation.md","2026-01-08T17:49:00",0
"EMP029","Intern","Learning_Portal_Notes.txt","2026-01-09T18:56:00",0
"EMP030","Employee","Team_Update_Public.pdf","2026-01-10T19:03:00",0
"EMP031","HR Manager","Recruitment_Pipeline.docx","2026-01-11T20:10:00",0
"EMP032","Finance Analyst","Audit_Tracker.csv","2026-01-12T21:17:00",0
"EMP033","Developer","Engineering_Architecture.pdf","2026-01-13T22:24:00",0
"EMP034","Intern","Onboarding_Checklist.docx","2026-01-14T23:31:00",0
"EMP035","Employee","Operations_Runbook_Internal.pdf","2026-01-16T00:38:00",0
"EMP036","HR Manager","Employee_Records_Summary.xlsx","2026-01-16T16:45:00",0
"EMP037","Finance Analyst","Budget_Forecast_Q3.xlsx","2026-01-17T17:52:00",0
"EMP038","Developer","Source_Repository_Guide.txt","2026-01-18T18:59:00",0
"EMP039","Intern","Training_Guide.pdf","2026-01-19T19:06:00",0
"EMP040","Employee","Training_Guide.pdf","2026-01-20T20:13:00",0
"EMP001","HR Manager","Training_Calendar.pdf","2026-01-01T21:20:00",0
"EMP002","Finance Analyst","Financial_Report_2026.xlsx","2026-01-02T22:27:00",0
"EMP003","Developer","API_Documentation.md","2026-01-03T23:34:00",0
"EMP004","Intern","Learning_Portal_Notes.txt","2026-01-05T00:41:00",0
"EMP005","Employee","Team_Update_Public.pdf","2026-01-05T16:48:00",0
"EMP006","HR Manager","Recruitment_Pipeline.docx","2026-01-06T17:55:00",0
"EMP007","Finance Analyst","Audit_Tracker.csv","2026-01-07T18:02:00",0
"EMP008","Developer","Engineering_Architecture.pdf","2026-01-08T19:09:00",0
"EMP009","Intern","Onboarding_Checklist.docx","2026-01-09T20:16:00",0
"EMP010","Employee","Operations_Runbook_Internal.pdf","2026-01-10T21:23:00",0
"EMP011","HR Manager","Employee_Records_Summary.xlsx","2026-01-11T22:30:00",0
"EMP012","Finance Analyst","Budget_Forecast_Q3.xlsx","2026-01-12T23:37:00",0
"EMP013","Developer","Source_Repository_Guide.txt","2026-01-14T00:44:00",0
"EMP014","Intern","Training_Guide.pdf","2026-01-14T16:51:00",0
"EMP015","Employee","Training_Guide.pdf","2026-01-15T17:58:00",0
"EMP016","HR Manager","Training_Calendar.pdf","2026-01-16T18:05:00",0
"EMP017","Finance Analyst","Financial_Report_2026.xlsx","2026-01-17T19:12:00",0
"EMP018","Developer","API_Documentation.md","2026-01-18T20:19:00",0
"EMP019","Intern","Learning_Portal_Notes.txt","2026-01-19T21:26:00",0
"EMP020","Employee","Team_Update_Public.pdf","2026-01-20T22:33:00",0
"EMP021","HR Manager","Recruitment_Pipeline.docx","2026-01-01T23:40:00",0
"EMP022","Finance Analyst","Audit_Tracker.csv","2026-01-03T00:47:00",0
"EMP023","Developer","Engineering_Architecture.pdf","2026-01-03T16:54:00",0
"EMP024","Intern","Onboarding_Checklist.docx","2026-01-04T17:01:00",0
"EMP025","Employee","Operations_Runbook_Internal.pdf","2026-01-05T18:08:00",0
"EMP026","HR Manager","Employee_Records_Summary.xlsx","2026-01-06T19:15:00",0
"EMP027","Finance Analyst","Budget_Forecast_Q3.xlsx","2026-01-07T20:22:00",0
"EMP028","Developer","Source_Repository_Guide.txt","2026-01-08T21:29:00",0
"EMP029","Intern","Training_Guide.pdf","2026-01-09T22:36:00",0
"EMP030","Employee","Training_Guide.pdf","2026-01-10T23:43:00",0
"EMP031","HR Manager","Training_Calendar.pdf","2026-01-12T00:50:00",0
"EMP032","Finance Analyst","Financial_Report_2026.xlsx","2026-01-12T16:57:00",0
"EMP033","Developer","API_Documentation.md","2026-01-13T17:04:00",0
"EMP034","Intern","Learning_Portal_Notes.txt","2026-01-14T18:11:00",0
"EMP035","Employee","Team_Update_Public.pdf","2026-01-15T19:18:00",0
"EMP036","HR Manager","Recruitment_Pipeline.docx","2026-01-16T20:25:00",0
"EMP037","Finance Analyst","Audit_Tracker.csv","2026-01-17T21:32:00",0
"EMP038","Developer","Engineering_Architecture.pdf","2026-01-18T22:39:00",0
"EMP039","Intern","Onboarding_Checklist.docx","2026-01-19T23:46:00",0
"EMP040","Employee","Operations_Runbook_Internal.pdf","2026-01-21T00:53:00",0
"EMP001","HR Manager","Employee_Records_Summary.xlsx","2026-01-01T16:00:00",0
"EMP002","Finance Analyst","Budget_Forecast_Q3.xlsx","2026-01-02T17:07:00",0
"EMP003","Developer","Source_Repository_Guide.txt","2026-01-03T18:14:00",0
"EMP004","Intern","Training_Guide.pdf","2026-01-04T19:21:00",0
"EMP005","Employee","Training_Guide.pdf","2026-01-05T20:28:00",0
"EMP006","HR Manager","Training_Calendar.pdf","2026-01-06T21:35:00",0
"EMP007","Finance Analyst","Financial_Report_2026.xlsx","2026-01-07T22:42:00",0
"EMP008","Developer","API_Documentation.md","2026-01-08T23:49:00",0
"EMP009","Intern","Learning_Portal_Notes.txt","2026-01-10T00:56:00",0
"EMP010","Employee","Team_Update_Public.pdf","2026-01-10T16:03:00",0
"EMP011","HR Manager","Recruitment_Pipeline.docx","2026-01-11T17:10:00",0
"EMP012","Finance Analyst","Audit_Tracker.csv","2026-01-12T18:17:00",0
"EMP013","Developer","Engineering_Architecture.pdf","2026-01-13T19:24:00",0
"EMP014","Intern","Onboarding_Checklist.docx","2026-01-14T20:31:00",0
"EMP015","Employee","Operations_Runbook_Internal.pdf","2026-01-15T21:38:00",0
"EMP016","HR Manager","Employee_Records_Summary.xlsx","2026-01-16T22:45:00",0
"EMP017","Finance Analyst","Budget_Forecast_Q3.xlsx","2026-01-17T23:52:00",0
"EMP018","Developer","Source_Repository_Guide.txt","2026-01-19T00:59:00",0
"EMP019","Intern","Training_Guide.pdf","2026-01-19T16:06:00",0
"EMP020","Employee","Training_Guide.pdf","2026-01-20T17:13:00",0
"EMP021","HR Manager","Training_Calendar.pdf","2026-01-01T18:20:00",0
"EMP022","Finance Analyst","Financial_Report_2026.xlsx","2026-01-02T19:27:00",0
"EMP023","Developer","API_Documentation.md","2026-01-03T20:34:00",0
"EMP024","Intern","Learning_Portal_Notes.txt","2026-01-04T21:41:00",0
"EMP025","Employee","Team_Update_Public.pdf","2026-01-05T22:48:00",0
"EMP026","HR Manager","Recruitment_Pipeline.docx","2026-01-06T23:55:00",0
"EMP027","Finance Analyst","Audit_Tracker.csv","2026-01-08T00:02:00",0
"EMP028","Developer","Engineering_Architecture.pdf","2026-01-08T16:09:00",0
"EMP029","Intern","Onboarding_Checklist.docx","2026-01-09T17:16:00",0
"EMP030","Employee","Operations_Runbook_Internal.pdf","2026-01-10T18:23:00",0
"EMP031","HR Manager","Employee_Records_Summary.xlsx","2026-01-11T19:30:00",0
"EMP032","Finance Analyst","Budget_Forecast_Q3.xlsx","2026-01-12T20:37:00",0
"EMP033","Developer","Source_Repository_Guide.txt","2026-01-13T21:44:00",0
"EMP034","Intern","Training_Guide.pdf","2026-01-14T22:51:00",0
"EMP035","Employee","Training_Guide.pdf","2026-01-15T23:58:00",0
"EMP036","HR Manager","Training_Calendar.pdf","2026-01-17T00:05:00",0
"EMP037","Finance Analyst","Financial_Report_2026.xlsx","2026-01-17T16:12:00",0
"EMP038","Developer","API_Documentation.md","2026-01-18T17:19:00",0
"EMP039","Intern","Learning_Portal_Notes.txt","2026-01-19T18:26:00",0
"EMP040","Employee","Team_Update_Public.pdf","2026-01-20T19:33:00",0
"EMP001","HR Manager","Recruitment_Pipeline.docx","2026-01-01T20:40:00",0
"EMP002","Finance Analyst","Audit_Tracker.csv","2026-01-02T21:47:00",0
"EMP003","Developer","Engineering_Architecture.pdf","2026-01-03T22:54:00",0
"EMP004","Intern","Onboarding_Checklist.docx","2026-01-04T23:01:00",0
"EMP005","Employee","Operations_Runbook_Internal.pdf","2026-01-06T00:08:00",0
"EMP006","HR Manager","Employee_Records_Summary.xlsx","2026-01-06T16:15:00",0
"EMP007","Finance Analyst","Budget_Forecast_Q3.xlsx","2026-01-07T17:22:00",0
"EMP008","Developer","Source_Repository_Guide.txt","2026-01-08T18:29:00",0
"EMP009","Intern","Training_Guide.pdf","2026-01-09T19:36:00",0
"EMP010","Employee","Training_Guide.pdf","2026-01-10T20:43:00",0
"EMP011","HR Manager","Training_Calendar.pdf","2026-01-11T21:50:00",0
"EMP012","Finance Analyst","Financial_Report_2026.xlsx","2026-01-12T22:57:00",0
"EMP013","Developer","API_Documentation.md","2026-01-13T23:04:00",0
"EMP014","Intern","Learning_Portal_Notes.txt","2026-01-15T00:11:00",0
"EMP015","Employee","Team_Update_Public.pdf","2026-01-15T16:18:00",0
"EMP016","HR Manager","Recruitment_Pipeline.docx","2026-01-16T17:25:00",0
"EMP017","Finance Analyst","Audit_Tracker.csv","2026-01-17T18:32:00",0
"EMP018","Developer","Engineering_Architecture.pdf","2026-01-18T19:39:00",0
"EMP019","Intern","Onboarding_Checklist.docx","2026-01-19T20:46:00",0
"EMP020","Employee","Operations_Runbook_Internal.pdf","2026-01-20T21:53:00",0
"EMP021","HR Manager","Employee_Records_Summary.xlsx","2026-01-01T22:00:00",0
"EMP022","Finance Analyst","Budget_Forecast_Q3.xlsx","2026-01-02T23:07:00",0
"EMP023","Developer","Source_Repository_Guide.txt","2026-01-04T00:14:00",0
"EMP024","Intern","Training_Guide.pdf","2026-01-04T16:21:00",0
"EMP025","Employee","Training_Guide.pdf","2026-01-05T17:28:00",0
"EMP026","HR Manager","Training_Calendar.pdf","2026-01-06T18:35:00",0
"EMP027","Finance Analyst","Financial_Report_2026.xlsx","2026-01-07T19:42:00",0
"EMP028","Developer","API_Documentation.md","2026-01-08T20:49:00",0
"EMP029","Intern","Learning_Portal_Notes.txt","2026-01-09T21:56:00",0
"EMP030","Employee","Team_Update_Public.pdf","2026-01-10T22:03:00",0
"EMP031","HR Manager","Recruitment_Pipeline.docx","2026-01-11T23:10:00",0
"EMP032","Finance Analyst","Audit_Tracker.csv","2026-01-13T00:17:00",0
"EMP033","Developer","Engineering_Architecture.pdf","2026-01-13T16:24:00",0
"EMP034","Intern","Onboarding_Checklist.docx","2026-01-14T17:31:00",0
"EMP035","Employee","Operations_Runbook_Internal.pdf","2026-01-15T18:38:00",0
"EMP036","HR Manager","Employee_Records_Summary.xlsx","2026-01-16T19:45:00",0
"EMP037","Finance Analyst","Budget_Forecast_Q3.xlsx","2026-01-17T20:52:00",0
"EMP038","Developer","Source_Repository_Guide.txt","2026-01-18T21:59:00",0
"EMP039","Intern","Training_Guide.pdf","2026-01-19T22:06:00",0
"EMP040","Employee","Training_Guide.pdf","2026-01-20T23:13:00",0
"EMP001","HR Manager","Training_Calendar.pdf","2026-01-02T00:20:00",0
"EMP002","Finance Analyst","Financial_Report_2026.xlsx","2026-01-02T16:27:00",0
"EMP003","Developer","API_Documentation.md","2026-01-03T17:34:00",0
"EMP004","Intern","Learning_Portal_Notes.txt","2026-01-04T18:41:00",0
"EMP005","Employee","Team_Update_Public.pdf","2026-01-05T19:48:00",0
"EMP006","HR Manager","Recruitment_Pipeline.docx","2026-01-06T20:55:00",0
"EMP007","Finance Analyst","Audit_Tracker.csv","2026-01-07T21:02:00",0
"EMP008","Developer","Engineering_Architecture.pdf","2026-01-08T22:09:00",0
"EMP009","Intern","Onboarding_Checklist.docx","2026-01-09T23:16:00",0
"EMP010","Employee","Operations_Runbook_Internal.pdf","2026-01-11T00:23:00",0
"EMP011","HR Manager","Employee_Records_Summary.xlsx","2026-01-11T16:30:00",0
"EMP012","Finance Analyst","Budget_Forecast_Q3.xlsx","2026-01-12T17:37:00",0
"EMP013","Developer","Source_Repository_Guide.txt","2026-01-13T18:44:00",0
"EMP014","Intern","Training_Guide.pdf","2026-01-14T19:51:00",0
"EMP015","Employee","Training_Guide.pdf","2026-01-15T20:58:00",0
"EMP016","HR Manager","Training_Calendar.pdf","2026-01-16T21:05:00",0
"EMP017","Finance Analyst","Financial_Report_2026.xlsx","2026-01-17T22:12:00",0
"EMP018","Developer","API_Documentation.md","2026-01-18T23:19:00",0
"EMP019","Intern","Learning_Portal_Notes.txt","2026-01-20T00:26:00",0
"EMP020","Employee","Team_Update_Public.pdf","2026-01-20T16:33:00",0
"EMP021","HR Manager","Recruitment_Pipeline.docx","2026-01-01T17:40:00",0
"EMP022","Finance Analyst","Audit_Tracker.csv","2026-01-02T18:47:00",0
"EMP023","Developer","Engineering_Architecture.pdf","2026-01-03T19:54:00",0
"EMP024","Intern","Onboarding_Checklist.docx","2026-01-04T20:01:00",0
"EMP025","Employee","Operations_Runbook_Internal.pdf","2026-01-05T21:08:00",0
"EMP026","HR Manager","Employee_Records_Summary.xlsx","2026-01-06T22:15:00",0
"EMP027","Finance Analyst","Budget_Forecast_Q3.xlsx","2026-01-07T23:22:00",0
"EMP028","Developer","Source_Repository_Guide.txt","2026-01-09T00:29:00",0
"EMP029","Intern","Training_Guide.pdf","2026-01-09T16:36:00",0
"EMP030","Employee","Training_Guide.pdf","2026-01-10T17:43:00",0
"EMP031","HR Manager","Training_Calendar.pdf","2026-01-11T18:50:00",0
"EMP032","Finance Analyst","Financial_Report_2026.xlsx","2026-01-12T19:57:00",0
"EMP033","Developer","API_Documentation.md","2026-01-13T20:04:00",0
"EMP034","Intern","Learning_Portal_Notes.txt","2026-01-14T21:11:00",0
"EMP035","Employee","Team_Update_Public.pdf","2026-01-15T22:18:00",0
"EMP036","HR Manager","Recruitment_Pipeline.docx","2026-01-16T23:25:00",0
"EMP037","Finance Analyst","Audit_Tracker.csv","2026-01-18T00:32:00",0
"EMP038","Developer","Engineering_Architecture.pdf","2026-01-18T16:39:00",0
"EMP039","Intern","Onboarding_Checklist.docx","2026-01-19T17:46:00",0
"EMP040","Employee","Operations_Runbook_Internal.pdf","2026-01-20T18:53:00",0
"EMP001","HR Manager","Employee_Records_Summary.xlsx","2026-01-01T19:00:00",0
"EMP002","Finance Analyst","Budget_Forecast_Q3.xlsx","2026-01-02T20:07:00",0
"EMP003","Developer","Source_Repository_Guide.txt","2026-01-03T21:14:00",0
"EMP004","Intern","Training_Guide.pdf","2026-01-04T22:21:00",0
"EMP005","Employee","Training_Guide.pdf","2026-01-05T23:28:00",0
"EMP006","HR Manager","Training_Calendar.pdf","2026-01-07T00:35:00",0
"EMP007","Finance Analyst","Financial_Report_2026.xlsx","2026-01-07T16:42:00",0
"EMP008","Developer","API_Documentation.md","2026-01-08T17:49:00",0
"EMP009","Intern","Learning_Portal_Notes.txt","2026-01-09T18:56:00",0
"EMP010","Employee","Team_Update_Public.pdf","2026-01-10T19:03:00",0
"EMP011","HR Manager","Recruitment_Pipeline.docx","2026-01-11T20:10:00",0
"EMP012","Finance Analyst","Audit_Tracker.csv","2026-01-12T21:17:00",0
"EMP013","Developer","Engineering_Architecture.pdf","2026-01-13T22:24:00",0
"EMP014","Intern","Onboarding_Checklist.docx","2026-01-14T23:31:00",0
"EMP015","Employee","Operations_Runbook_Internal.pdf","2026-01-16T00:38:00",0
"EMP016","HR Manager","Employee_Records_Summary.xlsx","2026-01-16T16:45:00",0
"EMP017","Finance Analyst","Budget_Forecast_Q3.xlsx","2026-01-17T17:52:00",0
"EMP018","Developer","Source_Repository_Guide.txt","2026-01-18T18:59:00",0
"EMP019","Intern","Training_Guide.pdf","2026-01-19T19:06:00",0
"EMP020","Employee","Training_Guide.pdf","2026-01-20T20:13:00",0
"EMP021","HR Manager","Training_Calendar.pdf","2026-01-01T21:20:00",0
"EMP022","Finance Analyst","Financial_Report_2026.xlsx","2026-01-02T22:27:00",0
"EMP023","Developer","API_Documentation.md","2026-01-03T23:34:00",0
"EMP024","Intern","Learning_Portal_Notes.txt","2026-01-05T00:41:00",0
"EMP025","Employee","Team_Update_Public.pdf","2026-01-05T16:48:00",0
"EMP026","HR Manager","Recruitment_Pipeline.docx","2026-01-06T17:55:00",0
"EMP027","Finance Analyst","Audit_Tracker.csv","2026-01-07T18:02:00",0
"EMP028","Developer","Engineering_Architecture.pdf","2026-01-08T19:09:00",0
"EMP029","Intern","Onboarding_Checklist.docx","2026-01-09T20:16:00",0
"EMP030","Employee","Operations_Runbook_Internal.pdf","2026-01-10T21:23:00",0
"EMP031","HR Manager","Employee_Records_Summary.xlsx","2026-01-11T22:30:00",0
"EMP032","Finance Analyst","Budget_Forecast_Q3.xlsx","2026-01-12T23:37:00",0
"EMP033","Developer","Source_Repository_Guide.txt","2026-01-14T00:44:00",0
"EMP034","Intern","Training_Guide.pdf","2026-01-14T16:51:00",0
"EMP035","Employee","Training_Guide.pdf","2026-01-15T17:58:00",0
"EMP036","HR Manager","Training_Calendar.pdf","2026-01-16T18:05:00",0
"EMP037","Finance Analyst","Financial_Report_2026.xlsx","2026-01-17T19:12:00",0
"EMP038","Developer","API_Documentation.md","2026-01-18T20:19:00",0
"EMP039","Intern","Learning_Portal_Notes.txt","2026-01-19T21:26:00",0
"EMP040","Employee","Team_Update_Public.pdf","2026-01-20T22:33:00",0
"EMP001","HR Manager","Recruitment_Pipeline.docx","2026-01-01T23:40:00",0
"EMP002","Finance Analyst","Audit_Tracker.csv","2026-01-03T00:47:00",0
"EMP003","Developer","Engineering_Architecture.pdf","2026-01-03T16:54:00",0
"EMP004","Intern","Onboarding_Checklist.docx","2026-01-04T17:01:00",0
"EMP005","Employee","Operations_Runbook_Internal.pdf","2026-01-05T18:08:00",0
"EMP006","HR Manager","Employee_Records_Summary.xlsx","2026-01-06T19:15:00",0
"EMP007","Finance Analyst","Budget_Forecast_Q3.xlsx","2026-01-07T20:22:00",0
"EMP008","Developer","Source_Repository_Guide.txt","2026-01-08T21:29:00",0
"EMP009","Intern","Training_Guide.pdf","2026-01-09T22:36:00",0
"EMP010","Employee","Training_Guide.pdf","2026-01-10T23:43:00",0
"EMP011","HR Manager","Training_Calendar.pdf","2026-01-12T00:50:00",0
"EMP012","Finance Analyst","Financial_Report_2026.xlsx","2026-01-12T16:57:00",0
"EMP013","Developer","API_Documentation.md","2026-01-13T17:04:00",0
"EMP014","Intern","Learning_Portal_Notes.txt","2026-01-14T18:11:00",0
"EMP015","Employee","Team_Update_Public.pdf","2026-01-15T19:18:00",0
"EMP016","HR Manager","Recruitment_Pipeline.docx","2026-01-16T20:25:00",0
"EMP017","Finance Analyst","Audit_Tracker.csv","2026-01-17T21:32:00",0
"EMP018","Developer","Engineering_Architecture.pdf","2026-01-18T22:39:00",0
"EMP019","Intern","Onboarding_Checklist.docx","2026-01-19T23:46:00",0
"EMP020","Employee","Operations_Runbook_Internal.pdf","2026-01-21T00:53:00",0
"EMP021","HR Manager","Employee_Records_Summary.xlsx","2026-01-01T16:00:00",0
"EMP022","Finance Analyst","Budget_Forecast_Q3.xlsx","2026-01-02T17:07:00",0
"EMP023","Developer","Source_Repository_Guide.txt","2026-01-03T18:14:00",0
"EMP024","Intern","Training_Guide.pdf","2026-01-04T19:21:00",0
"EMP025","Employee","Training_Guide.pdf","2026-01-05T20:28:00",0
"EMP026","HR Manager","Training_Calendar.pdf","2026-01-06T21:35:00",0
"EMP027","Finance Analyst","Financial_Report_2026.xlsx","2026-01-07T22:42:00",0
"EMP028","Developer","API_Documentation.md","2026-01-08T23:49:00",0
"EMP029","Intern","Learning_Portal_Notes.txt","2026-01-10T00:56:00",0
"EMP030","Employee","Team_Update_Public.pdf","2026-01-10T16:03:00",0
"EMP031","HR Manager","Recruitment_Pipeline.docx","2026-01-11T17:10:00",0
"EMP032","Finance Analyst","Audit_Tracker.csv","2026-01-12T18:17:00",0
"EMP033","Developer","Engineering_Architecture.pdf","2026-01-13T19:24:00",0
"EMP034","Intern","Onboarding_Checklist.docx","2026-01-14T20:31:00",0
"EMP035","Employee","Operations_Runbook_Internal.pdf","2026-01-15T21:38:00",0
"EMP036","HR Manager","Employee_Records_Summary.xlsx","2026-01-16T22:45:00",0
"EMP037","Finance Analyst","Budget_Forecast_Q3.xlsx","2026-01-17T23:52:00",0
"EMP038","Developer","Source_Repository_Guide.txt","2026-01-19T00:59:00",0
"EMP039","Intern","Training_Guide.pdf","2026-01-19T16:06:00",0
"EMP040","Employee","Training_Guide.pdf","2026-01-20T17:13:00",0
"EMP001","HR Manager","Training_Calendar.pdf","2026-01-01T18:20:00",0
"EMP002","Finance Analyst","Financial_Report_2026.xlsx","2026-01-02T19:27:00",0
"EMP003","Developer","API_Documentation.md","2026-01-03T20:34:00",0
"EMP004","Intern","Learning_Portal_Notes.txt","2026-01-04T21:41:00",0
"EMP005","Employee","Team_Update_Public.pdf","2026-01-05T22:48:00",0
"EMP006","HR Manager","Recruitment_Pipeline.docx","2026-01-06T23:55:00",0
"EMP007","Finance Analyst","Audit_Tracker.csv","2026-01-08T00:02:00",0
"EMP008","Developer","Engineering_Architecture.pdf","2026-01-08T16:09:00",0
"EMP009","Intern","Onboarding_Checklist.docx","2026-01-09T17:16:00",0
"EMP010","Employee","Operations_Runbook_Internal.pdf","2026-01-10T18:23:00",0
"EMP011","HR Manager","Employee_Records_Summary.xlsx","2026-01-11T19:30:00",0
"EMP012","Finance Analyst","Budget_Forecast_Q3.xlsx","2026-01-12T20:37:00",0
"EMP013","Developer","Source_Repository_Guide.txt","2026-01-13T21:44:00",0
"EMP014","Intern","Training_Guide.pdf","2026-01-14T22:51:00",0
"EMP015","Employee","Training_Guide.pdf","2026-01-15T23:58:00",0
"EMP016","HR Manager","Training_Calendar.pdf","2026-01-17T00:05:00",0
"EMP017","Finance Analyst","Financial_Report_2026.xlsx","2026-01-17T16:12:00",0
"EMP018","Developer","API_Documentation.md","2026-01-18T17:19:00",0
"EMP019","Intern","Learning_Portal_Notes.txt","2026-01-19T18:26:00",0
"EMP020","Employee","Team_Update_Public.pdf","2026-01-20T19:33:00",0
"EMP021","HR Manager","Recruitment_Pipeline.docx","2026-01-01T20:40:00",0
"EMP022","Finance Analyst","Audit_Tracker.csv","2026-01-02T21:47:00",0
"EMP023","Developer","Engineering_Architecture.pdf","2026-01-03T22:54:00",0
"EMP024","Intern","Onboarding_Checklist.docx","2026-01-04T23:01:00",0
"EMP025","Employee","Operations_Runbook_Internal.pdf","2026-01-06T00:08:00",0
"EMP026","HR Manager","Employee_Records_Summary.xlsx","2026-01-06T16:15:00",0
"EMP027","Finance Analyst","Budget_Forecast_Q3.xlsx","2026-01-07T17:22:00",0
"EMP028","Developer","Source_Repository_Guide.txt","2026-01-08T18:29:00",0
"EMP029","Intern","Training_Guide.pdf","2026-01-09T19:36:00",0
"EMP030","Employee","Training_Guide.pdf","2026-01-10T20:43:00",0
"EMP031","HR Manager","Training_Calendar.pdf","2026-01-11T21:50:00",0
"EMP032","Finance Analyst","Financial_Report_2026.xlsx","2026-01-12T22:57:00",0
"EMP033","Developer","API_Documentation.md","2026-01-13T23:04:00",0
"EMP034","Intern","Learning_Portal_Notes.txt","2026-01-15T00:11:00",0
"EMP035","Employee","Team_Update_Public.pdf","2026-01-15T16:18:00",0
"EMP036","HR Manager","Recruitment_Pipeline.docx","2026-01-16T17:25:00",0
"EMP037","Finance Analyst","Audit_Tracker.csv","2026-01-17T18:32:00",0
"EMP038","Developer","Engineering_Architecture.pdf","2026-01-18T19:39:00",0
"EMP039","Intern","Onboarding_Checklist.docx","2026-01-19T20:46:00",0
"EMP040","Employee","Operations_Runbook_Internal.pdf","2026-01-20T21:53:00",0
"EMP001","HR Manager","Employee_Records_Summary.xlsx","2026-01-01T22:00:00",0
"EMP002","Finance Analyst","Budget_Forecast_Q3.xlsx","2026-01-02T23:07:00",0
"EMP003","Developer","Source_Repository_Guide.txt","2026-01-04T00:14:00",0
"EMP004","Intern","Training_Guide.pdf","2026-01-04T16:21:00",0
"EMP005","Employee","Training_Guide.pdf","2026-01-05T17:28:00",0
"EMP006","HR Manager","Training_Calendar.pdf","2026-01-06T18:35:00",0
"EMP007","Finance Analyst","Financial_Report_2026.xlsx","2026-01-07T19:42:00",0
"EMP008","Developer","API_Documentation.md","2026-01-08T20:49:00",0
"EMP009","Intern","Learning_Portal_Notes.txt","2026-01-09T21:56:00",0
"EMP010","Employee","Team_Update_Public.pdf","2026-01-10T22:03:00",0
"EMP011","HR Manager","Recruitment_Pipeline.docx","2026-01-11T23:10:00",0
"EMP012","Finance Analyst","Audit_Tracker.csv","2026-01-13T00:17:00",0
"EMP013","Developer","Engineering_Architecture.pdf","2026-01-13T16:24:00",0
"EMP014","Intern","Onboarding_Checklist.docx","2026-01-14T17:31:00",0
"EMP015","Employee","Operations_Runbook_Internal.pdf","2026-01-15T18:38:00",0
"EMP016","HR Manager","Employee_Records_Summary.xlsx","2026-01-16T19:45:00",0
"EMP017","Finance Analyst","Budget_Forecast_Q3.xlsx","2026-01-17T20:52:00",0
"EMP018","Developer","Source_Repository_Guide.txt","2026-01-18T21:59:00",0
"EMP019","Intern","Training_Guide.pdf","2026-01-19T22:06:00",0
"EMP020","Employee","Training_Guide.pdf","2026-01-20T23:13:00",0
"EMP021","HR Manager","Training_Calendar.pdf","2026-01-02T00:20:00",0
"EMP022","Finance Analyst","Financial_Report_2026.xlsx","2026-01-02T16:27:00",0
"EMP023","Developer","API_Documentation.md","2026-01-03T17:34:00",0
"EMP024","Intern","Learning_Portal_Notes.txt","2026-01-04T18:41:00",0
"EMP025","Employee","Team_Update_Public.pdf","2026-01-05T19:48:00",0
"EMP026","HR Manager","Recruitment_Pipeline.docx","2026-01-06T20:55:00",0
"EMP027","Finance Analyst","Audit_Tracker.csv","2026-01-07T21:02:00",0
"EMP028","Developer","Engineering_Architecture.pdf","2026-01-08T22:09:00",0
"EMP029","Intern","Onboarding_Checklist.docx","2026-01-09T23:16:00",0
"EMP030","Employee","Operations_Runbook_Internal.pdf","2026-01-11T00:23:00",0
"EMP031","HR Manager","Employee_Records_Summary.xlsx","2026-01-11T16:30:00",0
"EMP032","Finance Analyst","Budget_Forecast_Q3.xlsx","2026-01-12T17:37:00",0
"EMP033","Developer","Source_Repository_Guide.txt","2026-01-13T18:44:00",0
"EMP034","Intern","Training_Guide.pdf","2026-01-14T19:51:00",0
"EMP035","Employee","Training_Guide.pdf","2026-01-15T20:58:00",0
"EMP036","HR Manager","Training_Calendar.pdf","2026-01-16T21:05:00",0
"EMP037","Finance Analyst","Financial_Report_2026.xlsx","2026-01-17T22:12:00",0
"EMP038","Developer","API_Documentation.md","2026-01-18T23:19:00",0
"EMP039","Intern","Learning_Portal_Notes.txt","2026-01-20T00:26:00",0
"EMP040","Employee","Team_Update_Public.pdf","2026-01-20T16:33:00",0
"EMP001","HR Manager","Recruitment_Pipeline.docx","2026-01-01T17:40:00",0
"EMP002","Finance Analyst","Audit_Tracker.csv","2026-01-02T18:47:00",0
"EMP003","Developer","Engineering_Architecture.pdf","2026-01-03T19:54:00",0
"EMP004","Intern","Onboarding_Checklist.docx","2026-01-04T20:01:00",0
"EMP005","Employee","Operations_Runbook_Internal.pdf","2026-01-05T21:08:00",0
"EMP006","HR Manager","Employee_Records_Summary.xlsx","2026-01-06T22:15:00",0
"EMP007","Finance Analyst","Budget_Forecast_Q3.xlsx","2026-01-07T23:22:00",0
"EMP008","Developer","Source_Repository_Guide.txt","2026-01-09T00:29:00",0
"EMP009","Intern","Training_Guide.pdf","2026-01-09T16:36:00",0
"EMP010","Employee","Training_Guide.pdf","2026-01-10T17:43:00",0
"EMP011","HR Manager","Training_Calendar.pdf","2026-01-11T18:50:00",0
"EMP012","Finance Analyst","Financial_Report_2026.xlsx","2026-01-12T19:57:00",0
"EMP013","Developer","API_Documentation.md","2026-01-13T20:04:00",0
"EMP014","Intern","Learning_Portal_Notes.txt","2026-01-14T21:11:00",0
"EMP015","Employee","Team_Update_Public.pdf","2026-01-15T22:18:00",0
"EMP016","HR Manager","Recruitment_Pipeline.docx","2026-01-16T23:25:00",0
"EMP017","Finance Analyst","Audit_Tracker.csv","2026-01-18T00:32:00",0
"EMP018","Developer","Engineering_Architecture.pdf","2026-01-18T16:39:00",0
"EMP019","Intern","Onboarding_Checklist.docx","2026-01-19T17:46:00",0
"EMP020","Employee","Operations_Runbook_Internal.pdf","2026-01-20T18:53:00",0
"EMP021","HR Manager","Employee_Records_Summary.xlsx","2026-01-01T19:00:00",0
"EMP022","Finance Analyst","Budget_Forecast_Q3.xlsx","2026-01-02T20:07:00",0
"EMP023","Developer","Source_Repository_Guide.txt","2026-01-03T21:14:00",0
"EMP024","Intern","Training_Guide.pdf","2026-01-04T22:21:00",0
"EMP025","Employee","Training_Guide.pdf","2026-01-05T23:28:00",0
"EMP026","HR Manager","Training_Calendar.pdf","2026-01-07T00:35:00",0
"EMP027","Finance Analyst","Financial_Report_2026.xlsx","2026-01-07T16:42:00",0
"EMP028","Developer","API_Documentation.md","2026-01-08T17:49:00",0
"EMP029","Intern","Learning_Portal_Notes.txt","2026-01-09T18:56:00",0
"EMP030","Employee","Team_Update_Public.pdf","2026-01-10T19:03:00",0
"EMP031","HR Manager","Recruitment_Pipeline.docx","2026-01-11T20:10:00",0
"EMP032","Finance Analyst","Audit_Tracker.csv","2026-01-12T21:17:00",0
"EMP033","Developer","Engineering_Architecture.pdf","2026-01-13T22:24:00",0
"EMP034","Intern","Onboarding_Checklist.docx","2026-01-14T23:31:00",0
"EMP035","Employee","Operations_Runbook_Internal.pdf","2026-01-16T00:38:00",0
"EMP036","HR Manager","Employee_Records_Summary.xlsx","2026-01-16T16:45:00",0
"EMP037","Finance Analyst","Budget_Forecast_Q3.xlsx","2026-01-17T17:52:00",0
"EMP038","Developer","Source_Repository_Guide.txt","2026-01-18T18:59:00",0
"EMP039","Intern","Training_Guide.pdf","2026-01-19T19:06:00",0
"EMP040","Employee","Training_Guide.pdf","2026-01-20T20:13:00",0
"EMP001","HR Manager","Training_Calendar.pdf","2026-01-01T21:20:00",0
"EMP002","Finance Analyst","Financial_Report_2026.xlsx","2026-01-02T22:27:00",0
"EMP003","Developer","API_Documentation.md","2026-01-03T23:34:00",0
"EMP004","Intern","Learning_Portal_Notes.txt","2026-01-05T00:41:00",0
"EMP005","Employee","Team_Update_Public.pdf","2026-01-05T16:48:00",0
"EMP006","HR Manager","Recruitment_Pipeline.docx","2026-01-06T17:55:00",0
"EMP007","Finance Analyst","Audit_Tracker.csv","2026-01-07T18:02:00",0
"EMP008","Developer","Engineering_Architecture.pdf","2026-01-08T19:09:00",0
"EMP009","Intern","Onboarding_Checklist.docx","2026-01-09T20:16:00",0
"EMP010","Employee","Operations_Runbook_Internal.pdf","2026-01-10T21:23:00",0
"EMP011","HR Manager","Employee_Records_Summary.xlsx","2026-01-11T22:30:00",0
"EMP012","Finance Analyst","Budget_Forecast_Q3.xlsx","2026-01-12T23:37:00",0
"EMP013","Developer","Source_Repository_Guide.txt","2026-01-14T00:44:00",0
"EMP014","Intern","Training_Guide.pdf","2026-01-14T16:51:00",0
"EMP015","Employee","Training_Guide.pdf","2026-01-15T17:58:00",0
"EMP016","HR Manager","Training_Calendar.pdf","2026-01-16T18:05:00",0
"EMP017","Finance Analyst","Financial_Report_2026.xlsx","2026-01-17T19:12:00",0
"EMP018","Developer","API_Documentation.md","2026-01-18T20:19:00",0
"EMP019","Intern","Learning_Portal_Notes.txt","2026-01-19T21:26:00",0
"EMP020","Employee","Team_Update_Public.pdf","2026-01-20T22:33:00",0
"EMP021","HR Manager","Recruitment_Pipeline.docx","2026-01-01T23:40:00",0
"EMP022","Finance Analyst","Audit_Tracker.csv","2026-01-03T00:47:00",0
"EMP023","Developer","Engineering_Architecture.pdf","2026-01-03T16:54:00",0
"EMP024","Intern","Onboarding_Checklist.docx","2026-01-04T17:01:00",0
"EMP025","Employee","Operations_Runbook_Internal.pdf","2026-01-05T18:08:00",0
"EMP026","HR Manager","Employee_Records_Summary.xlsx","2026-01-06T19:15:00",0
"EMP027","Finance Analyst","Budget_Forecast_Q3.xlsx","2026-01-07T20:22:00",0
"EMP028","Developer","Source_Repository_Guide.txt","2026-01-08T21:29:00",0
"EMP029","Intern","Training_Guide.pdf","2026-01-09T22:36:00",0
"EMP030","Employee","Training_Guide.pdf","2026-01-10T23:43:00",0
"EMP031","HR Manager","Training_Calendar.pdf","2026-01-12T00:50:00",0
"EMP032","Finance Analyst","Financial_Report_2026.xlsx","2026-01-12T16:57:00",0
"EMP033","Developer","API_Documentation.md","2026-01-13T17:04:00",0
"EMP034","Intern","Learning_Portal_Notes.txt","2026-01-14T18:11:00",0
"EMP035","Employee","Team_Update_Public.pdf","2026-01-15T19:18:00",0
"EMP036","HR Manager","Recruitment_Pipeline.docx","2026-01-16T20:25:00",0
"EMP037","Finance Analyst","Audit_Tracker.csv","2026-01-17T21:32:00",0
"EMP038","Developer","Engineering_Architecture.pdf","2026-01-18T22:39:00",0
"EMP039","Intern","Onboarding_Checklist.docx","2026-01-19T23:46:00",0
"EMP040","Employee","Operations_Runbook_Internal.pdf","2026-01-21T00:53:00",0
"EMP001","HR Manager","Employee_Records_Summary.xlsx","2026-01-01T16:00:00",0
"EMP002","Finance Analyst","Budget_Forecast_Q3.xlsx","2026-01-02T17:07:00",0
"EMP003","Developer","Source_Repository_Guide.txt","2026-01-03T18:14:00",0
"EMP004","Intern","Training_Guide.pdf","2026-01-04T19:21:00",0
"EMP005","Employee","Training_Guide.pdf","2026-01-05T20:28:00",0
"EMP006","HR Manager","Training_Calendar.pdf","2026-01-06T21:35:00",0
"EMP007","Finance Analyst","Financial_Report_2026.xlsx","2026-01-07T22:42:00",0
"EMP008","Developer","API_Documentation.md","2026-01-08T23:49:00",0
"EMP009","Intern","Learning_Portal_Notes.txt","2026-01-10T00:56:00",0
"EMP010","Employee","Team_Update_Public.pdf","2026-01-10T16:03:00",0
"EMP011","HR Manager","Recruitment_Pipeline.docx","2026-01-11T17:10:00",0
"EMP012","Finance Analyst","Audit_Tracker.csv","2026-01-12T18:17:00",0
"EMP013","Developer","Engineering_Architecture.pdf","2026-01-13T19:24:00",0
"EMP014","Intern","Onboarding_Checklist.docx","2026-01-14T20:31:00",0
"EMP015","Employee","Operations_Runbook_Internal.pdf","2026-01-15T21:38:00",0
"EMP016","HR Manager","Employee_Records_Summary.xlsx","2026-01-16T22:45:00",0
"EMP017","Finance Analyst","Budget_Forecast_Q3.xlsx","2026-01-17T23:52:00",0
"EMP018","Developer","Source_Repository_Guide.txt","2026-01-19T00:59:00",0
"EMP019","Intern","Training_Guide.pdf","2026-01-19T16:06:00",0
"EMP020","Employee","Training_Guide.pdf","2026-01-20T17:13:00",0
"EMP021","HR Manager","Training_Calendar.pdf","2026-01-01T18:20:00",0
"EMP022","Finance Analyst","Financial_Report_2026.xlsx","2026-01-02T19:27:00",0
"EMP023","Developer","API_Documentation.md","2026-01-03T20:34:00",0
"EMP024","Intern","Learning_Portal_Notes.txt","2026-01-04T21:41:00",0
"EMP025","Employee","Team_Update_Public.pdf","2026-01-05T22:48:00",0
"EMP026","HR Manager","Recruitment_Pipeline.docx","2026-01-06T23:55:00",0
"EMP027","Finance Analyst","Audit_Tracker.csv","2026-01-08T00:02:00",0
"EMP028","Developer","Engineering_Architecture.pdf","2026-01-08T16:09:00",0
"EMP029","Intern","Onboarding_Checklist.docx","2026-01-09T17:16:00",0
"EMP030","Employee","Operations_Runbook_Internal.pdf","2026-01-10T18:23:00",0
"EMP031","HR Manager","Employee_Records_Summary.xlsx","2026-01-11T19:30:00",0
"EMP032","Finance Analyst","Budget_Forecast_Q3.xlsx","2026-01-12T20:37:00",0
"EMP033","Developer","Source_Repository_Guide.txt","2026-01-13T21:44:00",0
"EMP034","Intern","Training_Guide.pdf","2026-01-14T22:51:00",0
"EMP035","Employee","Training_Guide.pdf","2026-01-15T23:58:00",0
"EMP036","HR Manager","Training_Calendar.pdf","2026-01-17T00:05:00",0
"EMP037","Finance Analyst","Financial_Report_2026.xlsx","2026-01-17T16:12:00",0
"EMP038","Developer","API_Documentation.md","2026-01-18T17:19:00",0
"EMP039","Intern","Learning_Portal_Notes.txt","2026-01-19T18:26:00",0
"EMP040","Employee","Team_Update_Public.pdf","2026-01-20T19:33:00",0
"EMP001","HR Manager","Recruitment_Pipeline.docx","2026-01-01T20:40:00",0
"EMP002","Finance Analyst","Audit_Tracker.csv","2026-01-02T21:47:00",0
"EMP003","Developer","Engineering_Architecture.pdf","2026-01-03T22:54:00",0
"EMP004","Intern","Onboarding_Checklist.docx","2026-01-04T23:01:00",0
"EMP005","Employee","Operations_Runbook_Internal.pdf","2026-01-06T00:08:00",0
"EMP006","HR Manager","Employee_Records_Summary.xlsx","2026-01-06T16:15:00",0
"EMP007","Finance Analyst","Budget_Forecast_Q3.xlsx","2026-01-07T17:22:00",0
"EMP008","Developer","Source_Repository_Guide.txt","2026-01-08T18:29:00",0
"EMP009","Intern","Training_Guide.pdf","2026-01-09T19:36:00",0
"EMP010","Employee","Training_Guide.pdf","2026-01-10T20:43:00",0
"EMP011","HR Manager","Training_Calendar.pdf","2026-01-11T21:50:00",0
"EMP012","Finance Analyst","Financial_Report_2026.xlsx","2026-01-12T22:57:00",0
"EMP013","Developer","API_Documentation.md","2026-01-13T23:04:00",0
"EMP014","Intern","Learning_Portal_Notes.txt","2026-01-15T00:11:00",0
"EMP015","Employee","Team_Update_Public.pdf","2026-01-15T16:18:00",0
"EMP016","HR Manager","Recruitment_Pipeline.docx","2026-01-16T17:25:00",0
"EMP017","Finance Analyst","Audit_Tracker.csv","2026-01-17T18:32:00",0
"EMP018","Developer","Engineering_Architecture.pdf","2026-01-18T19:39:00",0
"EMP019","Intern","Onboarding_Checklist.docx","2026-01-19T20:46:00",0
"EMP020","Employee","Operations_Runbook_Internal.pdf","2026-01-20T21:53:00",0
"EMP021","HR Manager","Employee_Records_Summary.xlsx","2026-01-01T22:00:00",0
"EMP022","Finance Analyst","Budget_Forecast_Q3.xlsx","2026-01-02T23:07:00",0
"EMP023","Developer","Source_Repository_Guide.txt","2026-01-04T00:14:00",0
"EMP024","Intern","Training_Guide.pdf","2026-01-04T16:21:00",0
"EMP025","Employee","Training_Guide.pdf","2026-01-05T17:28:00",0
"EMP026","HR Manager","Training_Calendar.pdf","2026-01-06T18:35:00",0
"EMP027","Finance Analyst","Financial_Report_2026.xlsx","2026-01-07T19:42:00",0
"EMP028","Developer","API_Documentation.md","2026-01-08T20:49:00",0
"EMP029","Intern","Learning_Portal_Notes.txt","2026-01-09T21:56:00",0
"EMP030","Employee","Team_Update_Public.pdf","2026-01-10T22:03:00",0
"EMP031","HR Manager","Recruitment_Pipeline.docx","2026-01-11T23:10:00",0
"EMP032","Finance Analyst","Audit_Tracker.csv","2026-01-13T00:17:00",0
"EMP033","Developer","Engineering_Architecture.pdf","2026-01-13T16:24:00",0
"EMP034","Intern","Onboarding_Checklist.docx","2026-01-14T17:31:00",0
"EMP035","Employee","Operations_Runbook_Internal.pdf","2026-01-15T18:38:00",0
"EMP036","HR Manager","Employee_Records_Summary.xlsx","2026-01-16T19:45:00",0
"EMP037","Finance Analyst","Budget_Forecast_Q3.xlsx","2026-01-17T20:52:00",0
"EMP038","Developer","Source_Repository_Guide.txt","2026-01-18T21:59:00",0
"EMP039","Intern","Training_Guide.pdf","2026-01-19T22:06:00",0
"EMP040","Employee","Training_Guide.pdf","2026-01-20T23:13:00",0
"EMP001","HR Manager","Training_Calendar.pdf","2026-01-02T00:20:00",0
"EMP002","Finance Analyst","Financial_Report_2026.xlsx","2026-01-02T16:27:00",0
"EMP003","Developer","API_Documentation.md","2026-01-03T17:34:00",0
"EMP004","Intern","Learning_Portal_Notes.txt","2026-01-04T18:41:00",0
"EMP005","Employee","Team_Update_Public.pdf","2026-01-05T19:48:00",0
"EMP006","HR Manager","Recruitment_Pipeline.docx","2026-01-06T20:55:00",0
"EMP007","Finance Analyst","Audit_Tracker.csv","2026-01-07T21:02:00",0
"EMP008","Developer","Engineering_Architecture.pdf","2026-01-08T22:09:00",0
"EMP009","Intern","Onboarding_Checklist.docx","2026-01-09T23:16:00",0
"EMP010","Employee","Operations_Runbook_Internal.pdf","2026-01-11T00:23:00",0
"EMP011","HR Manager","Employee_Records_Summary.xlsx","2026-01-11T16:30:00",0
"EMP012","Finance Analyst","Budget_Forecast_Q3.xlsx","2026-01-12T17:37:00",0
"EMP013","Developer","Source_Repository_Guide.txt","2026-01-13T18:44:00",0
"EMP014","Intern","Training_Guide.pdf","2026-01-14T19:51:00",0
"EMP015","Employee","Training_Guide.pdf","2026-01-15T20:58:00",0
"EMP016","HR Manager","Training_Calendar.pdf","2026-01-16T21:05:00",0
"EMP017","Finance Analyst","Financial_Report_2026.xlsx","2026-01-17T22:12:00",0
"EMP018","Developer","API_Documentation.md","2026-01-18T23:19:00",0
"EMP019","Intern","Learning_Portal_Notes.txt","2026-01-20T00:26:00",0
"EMP020","Employee","Team_Update_Public.pdf","2026-01-20T16:33:00",0
"EMP021","HR Manager","Recruitment_Pipeline.docx","2026-01-01T17:40:00",0
"EMP022","Finance Analyst","Audit_Tracker.csv","2026-01-02T18:47:00",0
"EMP023","Developer","Engineering_Architecture.pdf","2026-01-03T19:54:00",0
"EMP024","Intern","Onboarding_Checklist.docx","2026-01-04T20:01:00",0
"EMP025","Employee","Operations_Runbook_Internal.pdf","2026-01-05T21:08:00",0
"EMP026","HR Manager","Employee_Records_Summary.xlsx","2026-01-06T22:15:00",0
"EMP027","Finance Analyst","Budget_Forecast_Q3.xlsx","2026-01-07T23:22:00",0
"EMP028","Developer","Source_Repository_Guide.txt","2026-01-09T00:29:00",0
"EMP029","Intern","Training_Guide.pdf","2026-01-09T16:36:00",0
"EMP030","Employee","Training_Guide.pdf","2026-01-10T17:43:00",0
"EMP031","HR Manager","Training_Calendar.pdf","2026-01-11T18:50:00",0
"EMP032","Finance Analyst","Financial_Report_2026.xlsx","2026-01-12T19:57:00",0
"EMP033","Developer","API_Documentation.md","2026-01-13T20:04:00",0
"EMP034","Intern","Learning_Portal_Notes.txt","2026-01-14T21:11:00",0
"EMP035","Employee","Team_Update_Public.pdf","2026-01-15T22:18:00",0
"EMP036","HR Manager","Recruitment_Pipeline.docx","2026-01-16T23:25:00",0
"EMP037","Finance Analyst","Audit_Tracker.csv","2026-01-18T00:32:00",0
"EMP038","Developer","Engineering_Architecture.pdf","2026-01-18T16:39:00",0
"EMP039","Intern","Onboarding_Checklist.docx","2026-01-19T17:46:00",0
"EMP040","Employee","Operations_Runbook_Internal.pdf","2026-01-20T18:53:00",0
"EMP001","HR Manager","Employee_Records_Summary.xlsx","2026-01-01T19:00:00",0
"EMP002","Finance Analyst","Budget_Forecast_Q3.xlsx","2026-01-02T20:07:00",0
"EMP003","Developer","Source_Repository_Guide.txt","2026-01-03T21:14:00",0
"EMP004","Intern","Training_Guide.pdf","2026-01-04T22:21:00",0
"EMP005","Employee","Training_Guide.pdf","2026-01-05T23:28:00",0
"EMP006","HR Manager","Training_Calendar.pdf","2026-01-07T00:35:00",0
"EMP007","Finance Analyst","Financial_Report_2026.xlsx","2026-01-07T16:42:00",0
"EMP008","Developer","API_Documentation.md","2026-01-08T17:49:00",0
"EMP009","Intern","Learning_Portal_Notes.txt","2026-01-09T18:56:00",0
"EMP010","Employee","Team_Update_Public.pdf","2026-01-10T19:03:00",0
"EMP011","HR Manager","Recruitment_Pipeline.docx","2026-01-11T20:10:00",0
"EMP012","Finance Analyst","Audit_Tracker.csv","2026-01-12T21:17:00",0
"EMP013","Developer","Engineering_Architecture.pdf","2026-01-13T22:24:00",0
"EMP014","Intern","Onboarding_Checklist.docx","2026-01-14T23:31:00",0
"EMP015","Employee","Operations_Runbook_Internal.pdf","2026-01-16T00:38:00",0
"EMP016","HR Manager","Employee_Records_Summary.xlsx","2026-01-16T16:45:00",0
"EMP017","Finance Analyst","Budget_Forecast_Q3.xlsx","2026-01-17T17:52:00",0
"EMP018","Developer","Source_Repository_Guide.txt","2026-01-18T18:59:00",0
"EMP019","Intern","Training_Guide.pdf","2026-01-19T19:06:00",0
"EMP020","Employee","Training_Guide.pdf","2026-01-20T20:13:00",0
"EMP021","HR Manager","Training_Calendar.pdf","2026-01-01T21:20:00",0
"EMP022","Finance Analyst","Financial_Report_2026.xlsx","2026-01-02T22:27:00",0
"EMP023","Developer","API_Documentation.md","2026-01-03T23:34:00",0
"EMP024","Intern","Learning_Portal_Notes.txt","2026-01-05T00:41:00",0
"EMP025","Employee","Team_Update_Public.pdf","2026-01-05T16:48:00",0
"EMP026","HR Manager","Recruitment_Pipeline.docx","2026-01-06T17:55:00",0
"EMP027","Finance Analyst","Audit_Tracker.csv","2026-01-07T18:02:00",0
"EMP028","Developer","Engineering_Architecture.pdf","2026-01-08T19:09:00",0
"EMP029","Intern","Onboarding_Checklist.docx","2026-01-09T20:16:00",0
"EMP030","Employee","Operations_Runbook_Internal.pdf","2026-01-10T21:23:00",0
"EMP031","HR Manager","Employee_Records_Summary.xlsx","2026-01-11T22:30:00",0
"EMP032","Finance Analyst","Budget_Forecast_Q3.xlsx","2026-01-12T23:37:00",0
"EMP033","Developer","Source_Repository_Guide.txt","2026-01-14T00:44:00",0
"EMP034","Intern","Training_Guide.pdf","2026-01-14T16:51:00",0
"EMP035","Employee","Training_Guide.pdf","2026-01-15T17:58:00",0
"EMP036","HR Manager","Training_Calendar.pdf","2026-01-16T18:05:00",0
"EMP037","Finance Analyst","Financial_Report_2026.xlsx","2026-01-17T19:12:00",0
"EMP038","Developer","API_Documentation.md","2026-01-18T20:19:00",0
"EMP039","Intern","Learning_Portal_Notes.txt","2026-01-19T21:26:00",0
"EMP040","Employee","Team_Update_Public.pdf","2026-01-20T22:33:00",0
"EMP001","HR Manager","Recruitment_Pipeline.docx","2026-01-01T23:40:00",0
"EMP002","Finance Analyst","Audit_Tracker.csv","2026-01-03T00:47:00",0
"EMP003","Developer","Engineering_Architecture.pdf","2026-01-03T16:54:00",0
"EMP004","Intern","Onboarding_Checklist.docx","2026-01-04T17:01:00",0
"EMP005","Employee","Operations_Runbook_Internal.pdf","2026-01-05T18:08:00",0
"EMP006","HR Manager","Employee_Records_Summary.xlsx","2026-01-06T19:15:00",0
"EMP007","Finance Analyst","Budget_Forecast_Q3.xlsx","2026-01-07T20:22:00",0
"EMP008","Developer","Source_Repository_Guide.txt","2026-01-08T21:29:00",0
"EMP009","Intern","Training_Guide.pdf","2026-01-09T22:36:00",0
"EMP010","Employee","Training_Guide.pdf","2026-01-10T23:43:00",0
"EMP011","HR Manager","Training_Calendar.pdf","2026-01-12T00:50:00",0
"EMP012","Finance Analyst","Financial_Report_2026.xlsx","2026-01-12T16:57:00",0
"EMP013","Developer","API_Documentation.md","2026-01-13T17:04:00",0
"EMP014","Intern","Learning_Portal_Notes.txt","2026-01-14T18:11:00",0
"EMP015","Employee","Team_Update_Public.pdf","2026-01-15T19:18:00",0
"EMP016","HR Manager","Recruitment_Pipeline.docx","2026-01-16T20:25:00",0
"EMP017","Finance Analyst","Audit_Tracker.csv","2026-01-17T21:32:00",0
"EMP018","Developer","Engineering_Architecture.pdf","2026-01-18T22:39:00",0
"EMP019","Intern","Onboarding_Checklist.docx","2026-01-19T23:46:00",0
"EMP020","Employee","Operations_Runbook_Internal.pdf","2026-01-21T00:53:00",0
"EMP021","HR Manager","Employee_Records_Summary.xlsx","2026-01-01T16:00:00",0
"EMP022","Finance Analyst","Budget_Forecast_Q3.xlsx","2026-01-02T17:07:00",0
"EMP023","Developer","Source_Repository_Guide.txt","2026-01-03T18:14:00",0
"EMP024","Intern","Training_Guide.pdf","2026-01-04T19:21:00",0
"EMP025","Employee","Training_Guide.pdf","2026-01-05T20:28:00",0
"EMP026","HR Manager","Training_Calendar.pdf","2026-01-06T21:35:00",0
"EMP027","Finance Analyst","Financial_Report_2026.xlsx","2026-01-07T22:42:00",0
"EMP028","Developer","API_Documentation.md","2026-01-08T23:49:00",0
"EMP029","Intern","Learning_Portal_Notes.txt","2026-01-10T00:56:00",0
"EMP030","Employee","Team_Update_Public.pdf","2026-01-10T16:03:00",0
"EMP031","HR Manager","Recruitment_Pipeline.docx","2026-01-11T17:10:00",0
"EMP032","Finance Analyst","Audit_Tracker.csv","2026-01-12T18:17:00",0
"EMP033","Developer","Engineering_Architecture.pdf","2026-01-13T19:24:00",0
"EMP034","Intern","Onboarding_Checklist.docx","2026-01-14T20:31:00",0
"EMP035","Employee","Operations_Runbook_Internal.pdf","2026-01-15T21:38:00",0
"EMP036","HR Manager","Employee_Records_Summary.xlsx","2026-01-16T22:45:00",0
"EMP037","Finance Analyst","Budget_Forecast_Q3.xlsx","2026-01-17T23:52:00",0
"EMP038","Developer","Source_Repository_Guide.txt","2026-01-19T00:59:00",0
"EMP039","Intern","Training_Guide.pdf","2026-01-19T16:06:00",0
"EMP040","Employee","Training_Guide.pdf","2026-01-20T17:13:00",0
"EMP001","HR Manager","Training_Calendar.pdf","2026-01-01T18:20:00",0
"EMP002","Finance Analyst","Financial_Report_2026.xlsx","2026-01-02T19:27:00",0
"EMP003","Developer","API_Documentation.md","2026-01-03T20:34:00",0
"EMP004","Intern","Learning_Portal_Notes.txt","2026-01-04T21:41:00",0
"EMP005","Employee","Team_Update_Public.pdf","2026-01-05T22:48:00",0
"EMP006","HR Manager","Recruitment_Pipeline.docx","2026-01-06T23:55:00",0
"EMP007","Finance Analyst","Audit_Tracker.csv","2026-01-08T00:02:00",0
"EMP008","Developer","Engineering_Architecture.pdf","2026-01-08T16:09:00",0
"EMP009","Intern","Onboarding_Checklist.docx","2026-01-09T17:16:00",0
"EMP010","Employee","Operations_Runbook_Internal.pdf","2026-01-10T18:23:00",0
"EMP011","HR Manager","Employee_Records_Summary.xlsx","2026-01-11T19:30:00",0
"EMP012","Finance Analyst","Budget_Forecast_Q3.xlsx","2026-01-12T20:37:00",0
"EMP013","Developer","Source_Repository_Guide.txt","2026-01-13T21:44:00",0
"EMP014","Intern","Training_Guide.pdf","2026-01-14T22:51:00",0
"EMP015","Employee","Training_Guide.pdf","2026-01-15T23:58:00",0
"EMP016","HR Manager","Training_Calendar.pdf","2026-01-17T00:05:00",0
"EMP017","Finance Analyst","Financial_Report_2026.xlsx","2026-01-17T16:12:00",0
"EMP018","Developer","API_Documentation.md","2026-01-18T17:19:00",0
"EMP019","Intern","Learning_Portal_Notes.txt","2026-01-19T18:26:00",0
"EMP020","Employee","Team_Update_Public.pdf","2026-01-20T19:33:00",0
"EMP021","HR Manager","Recruitment_Pipeline.docx","2026-01-01T20:40:00",0
"EMP022","Finance Analyst","Audit_Tracker.csv","2026-01-02T21:47:00",0
"EMP023","Developer","Engineering_Architecture.pdf","2026-01-03T22:54:00",0
"EMP024","Intern","Onboarding_Checklist.docx","2026-01-04T23:01:00",0
"EMP025","Employee","Operations_Runbook_Internal.pdf","2026-01-06T00:08:00",0
"EMP026","HR Manager","Employee_Records_Summary.xlsx","2026-01-06T16:15:00",0
"EMP027","Finance Analyst","Budget_Forecast_Q3.xlsx","2026-01-07T17:22:00",0
"EMP028","Developer","Source_Repository_Guide.txt","2026-01-08T18:29:00",0
"EMP029","Intern","Training_Guide.pdf","2026-01-09T19:36:00",0
"EMP030","Employee","Training_Guide.pdf","2026-01-10T20:43:00",0
"EMP031","HR Manager","Training_Calendar.pdf","2026-01-11T21:50:00",0
"EMP032","Finance Analyst","Financial_Report_2026.xlsx","2026-01-12T22:57:00",0
"EMP033","Developer","API_Documentation.md","2026-01-13T23:04:00",0
"EMP034","Intern","Learning_Portal_Notes.txt","2026-01-15T00:11:00",0
"EMP035","Employee","Team_Update_Public.pdf","2026-01-15T16:18:00",0
"EMP036","HR Manager","Recruitment_Pipeline.docx","2026-01-16T17:25:00",0
"EMP037","Finance Analyst","Audit_Tracker.csv","2026-01-17T18:32:00",0
"EMP038","Developer","Engineering_Architecture.pdf","2026-01-18T19:39:00",0
"EMP039","Intern","Onboarding_Checklist.docx","2026-01-19T20:46:00",0
"EMP040","Employee","Operations_Runbook_Internal.pdf","2026-01-20T21:53:00",0
"EMP001","HR Manager","Employee_Records_Summary.xlsx","2026-01-01T22:00:00",0
"EMP002","Finance Analyst","Budget_Forecast_Q3.xlsx","2026-01-02T23:07:00",0
"EMP003","Developer","Source_Repository_Guide.txt","2026-01-04T00:14:00",0
"EMP004","Intern","Training_Guide.pdf","2026-01-04T16:21:00",0
"EMP005","Employee","Training_Guide.pdf","2026-01-05T17:28:00",0
"EMP006","HR Manager","Training_Calendar.pdf","2026-01-06T18:35:00",0
"EMP007","Finance Analyst","Financial_Report_2026.xlsx","2026-01-07T19:42:00",0
"EMP008","Developer","API_Documentation.md","2026-01-08T20:49:00",0
"EMP009","Intern","Learning_Portal_Notes.txt","2026-01-09T21:56:00",0
"EMP010","Employee","Team_Update_Public.pdf","2026-01-10T22:03:00",0
"EMP011","HR Manager","Recruitment_Pipeline.docx","2026-01-11T23:10:00",0
"EMP012","Finance Analyst","Audit_Tracker.csv","2026-01-13T00:17:00",0
"EMP013","Developer","Engineering_Architecture.pdf","2026-01-13T16:24:00",0
"EMP014","Intern","Onboarding_Checklist.docx","2026-01-14T17:31:00",0
"EMP015","Employee","Operations_Runbook_Internal.pdf","2026-01-15T18:38:00",0
"EMP016","HR Manager","Employee_Records_Summary.xlsx","2026-01-16T19:45:00",0
"EMP017","Finance Analyst","Budget_Forecast_Q3.xlsx","2026-01-17T20:52:00",0
"EMP018","Developer","Source_Repository_Guide.txt","2026-01-18T21:59:00",0
"EMP019","Intern","Training_Guide.pdf","2026-01-19T22:06:00",0
"EMP020","Employee","Training_Guide.pdf","2026-01-20T23:13:00",0
"EMP021","HR Manager","Training_Calendar.pdf","2026-01-02T00:20:00",0
"EMP022","Finance Analyst","Financial_Report_2026.xlsx","2026-01-02T16:27:00",0
"EMP023","Developer","API_Documentation.md","2026-01-03T17:34:00",0
"EMP024","Intern","Learning_Portal_Notes.txt","2026-01-04T18:41:00",0
"EMP025","Employee","Team_Update_Public.pdf","2026-01-05T19:48:00",0
"EMP026","HR Manager","Recruitment_Pipeline.docx","2026-01-06T20:55:00",0
"EMP027","Finance Analyst","Audit_Tracker.csv","2026-01-07T21:02:00",0
"EMP028","Developer","Engineering_Architecture.pdf","2026-01-08T22:09:00",0
"EMP029","Intern","Onboarding_Checklist.docx","2026-01-09T23:16:00",0
"EMP030","Employee","Operations_Runbook_Internal.pdf","2026-01-11T00:23:00",0
"EMP031","HR Manager","Employee_Records_Summary.xlsx","2026-01-11T16:30:00",0
"EMP032","Finance Analyst","Budget_Forecast_Q3.xlsx","2026-01-12T17:37:00",0
"EMP033","Developer","Source_Repository_Guide.txt","2026-01-13T18:44:00",0
"EMP034","Intern","Training_Guide.pdf","2026-01-14T19:51:00",0
"EMP035","Employee","Training_Guide.pdf","2026-01-15T20:58:00",0
"EMP036","HR Manager","Training_Calendar.pdf","2026-01-16T21:05:00",0
"EMP037","Finance Analyst","Financial_Report_2026.xlsx","2026-01-17T22:12:00",0
"EMP038","Developer","API_Documentation.md","2026-01-18T23:19:00",0
"EMP039","Intern","Learning_Portal_Notes.txt","2026-01-20T00:26:00",0
"EMP040","Employee","Team_Update_Public.pdf","2026-01-20T16:33:00",0
"EMP001","HR Manager","Recruitment_Pipeline.docx","2026-01-01T17:40:00",0
"EMP002","Finance Analyst","Audit_Tracker.csv","2026-01-02T18:47:00",0
"EMP003","Developer","Engineering_Architecture.pdf","2026-01-03T19:54:00",0
"EMP004","Intern","Onboarding_Checklist.docx","2026-01-04T20:01:00",0
"EMP005","Employee","Operations_Runbook_Internal.pdf","2026-01-05T21:08:00",0
"EMP006","HR Manager","Employee_Records_Summary.xlsx","2026-01-06T22:15:00",0
"EMP007","Finance Analyst","Budget_Forecast_Q3.xlsx","2026-01-07T23:22:00",0
"EMP008","Developer","Source_Repository_Guide.txt","2026-01-09T00:29:00",0
"EMP009","Intern","Training_Guide.pdf","2026-01-09T16:36:00",0
"EMP010","Employee","Training_Guide.pdf","2026-01-10T17:43:00",0
"EMP011","HR Manager","Training_Calendar.pdf","2026-01-11T18:50:00",0
"EMP012","Finance Analyst","Financial_Report_2026.xlsx","2026-01-12T19:57:00",0
"EMP013","Developer","API_Documentation.md","2026-01-13T20:04:00",0
"EMP014","Intern","Learning_Portal_Notes.txt","2026-01-14T21:11:00",0
"EMP015","Employee","Team_Update_Public.pdf","2026-01-15T22:18:00",0
"EMP016","HR Manager","Recruitment_Pipeline.docx","2026-01-16T23:25:00",0
"EMP017","Finance Analyst","Audit_Tracker.csv","2026-01-18T00:32:00",0
"EMP018","Developer","Engineering_Architecture.pdf","2026-01-18T16:39:00",0
"EMP019","Intern","Onboarding_Checklist.docx","2026-01-19T17:46:00",0
"EMP020","Employee","Operations_Runbook_Internal.pdf","2026-01-20T18:53:00",0
"EMP021","HR Manager","Employee_Records_Summary.xlsx","2026-01-01T19:00:00",0
"EMP022","Finance Analyst","Budget_Forecast_Q3.xlsx","2026-01-02T20:07:00",0
"EMP023","Developer","Source_Repository_Guide.txt","2026-01-03T21:14:00",0
"EMP024","Intern","Training_Guide.pdf","2026-01-04T22:21:00",0
"EMP025","Employee","Training_Guide.pdf","2026-01-05T23:28:00",0
"EMP026","HR Manager","Training_Calendar.pdf","2026-01-07T00:35:00",0
"EMP027","Finance Analyst","Financial_Report_2026.xlsx","2026-01-07T16:42:00",0
"EMP028","Developer","API_Documentation.md","2026-01-08T17:49:00",0
"EMP029","Intern","Learning_Portal_Notes.txt","2026-01-09T18:56:00",0
"EMP030","Employee","Team_Update_Public.pdf","2026-01-10T19:03:00",0
"EMP031","HR Manager","Recruitment_Pipeline.docx","2026-01-11T20:10:00",0
"EMP032","Finance Analyst","Audit_Tracker.csv","2026-01-12T21:17:00",0
"EMP033","Developer","Engineering_Architecture.pdf","2026-01-13T22:24:00",0
"EMP034","Intern","Onboarding_Checklist.docx","2026-01-14T23:31:00",0
"EMP035","Employee","Operations_Runbook_Internal.pdf","2026-01-16T00:38:00",0
"EMP036","HR Manager","Employee_Records_Summary.xlsx","2026-01-16T16:45:00",0
"EMP037","Finance Analyst","Budget_Forecast_Q3.xlsx","2026-01-17T17:52:00",0
"EMP038","Developer","Source_Repository_Guide.txt","2026-01-18T18:59:00",0
"EMP039","Intern","Training_Guide.pdf","2026-01-19T19:06:00",0
"EMP040","Employee","Training_Guide.pdf","2026-01-20T20:13:00",0
"EMP001","HR Manager","Training_Calendar.pdf","2026-01-01T21:20:00",0
"EMP002","Finance Analyst","Financial_Report_2026.xlsx","2026-01-02T22:27:00",0
"EMP003","Developer","API_Documentation.md","2026-01-03T23:34:00",0
"EMP004","Intern","Learning_Portal_Notes.txt","2026-01-05T00:41:00",0
"EMP005","Employee","Team_Update_Public.pdf","2026-01-05T16:48:00",0
"EMP006","HR Manager","Recruitment_Pipeline.docx","2026-01-06T17:55:00",0
"EMP007","Finance Analyst","Audit_Tracker.csv","2026-01-07T18:02:00",0
"EMP008","Developer","Engineering_Architecture.pdf","2026-01-08T19:09:00",0
"EMP009","Intern","Onboarding_Checklist.docx","2026-01-09T20:16:00",0
"EMP010","Employee","Operations_Runbook_Internal.pdf","2026-01-10T21:23:00",0
"EMP011","HR Manager","Employee_Records_Summary.xlsx","2026-01-11T22:30:00",0
"EMP012","Finance Analyst","Budget_Forecast_Q3.xlsx","2026-01-12T23:37:00",0
"EMP013","Developer","Source_Repository_Guide.txt","2026-01-14T00:44:00",0
"EMP014","Intern","Training_Guide.pdf","2026-01-14T16:51:00",0
"EMP015","Employee","Training_Guide.pdf","2026-01-15T17:58:00",0
"EMP016","HR Manager","Training_Calendar.pdf","2026-01-16T18:05:00",0
"EMP017","Finance Analyst","Financial_Report_2026.xlsx","2026-01-17T19:12:00",0
"EMP018","Developer","API_Documentation.md","2026-01-18T20:19:00",0
"EMP019","Intern","Learning_Portal_Notes.txt","2026-01-19T21:26:00",0
"EMP020","Employee","Team_Update_Public.pdf","2026-01-20T22:33:00",0
"EMP021","HR Manager","Recruitment_Pipeline.docx","2026-01-01T23:40:00",0
"EMP022","Finance Analyst","Audit_Tracker.csv","2026-01-03T00:47:00",0
"EMP023","Developer","Engineering_Architecture.pdf","2026-01-03T16:54:00",0
"EMP024","Intern","Onboarding_Checklist.docx","2026-01-04T17:01:00",0
"EMP025","Employee","Operations_Runbook_Internal.pdf","2026-01-05T18:08:00",0
"EMP026","HR Manager","Employee_Records_Summary.xlsx","2026-01-06T19:15:00",0
"EMP027","Finance Analyst","Budget_Forecast_Q3.xlsx","2026-01-07T20:22:00",0
"EMP028","Developer","Source_Repository_Guide.txt","2026-01-08T21:29:00",0
"EMP029","Intern","Training_Guide.pdf","2026-01-09T22:36:00",0
"EMP030","Employee","Training_Guide.pdf","2026-01-10T23:43:00",0
"EMP031","HR Manager","Training_Calendar.pdf","2026-01-12T00:50:00",0
"EMP032","Finance Analyst","Financial_Report_2026.xlsx","2026-01-12T16:57:00",0
"EMP033","Developer","API_Documentation.md","2026-01-13T17:04:00",0
"EMP034","Intern","Learning_Portal_Notes.txt","2026-01-14T18:11:00",0
"EMP035","Employee","Team_Update_Public.pdf","2026-01-15T19:18:00",0
"EMP036","HR Manager","Recruitment_Pipeline.docx","2026-01-16T20:25:00",0
"EMP037","Finance Analyst","Audit_Tracker.csv","2026-01-17T21:32:00",0
"EMP038","Developer","Engineering_Architecture.pdf","2026-01-18T22:39:00",0
"EMP039","Intern","Onboarding_Checklist.docx","2026-01-19T23:46:00",0
"EMP040","Employee","Operations_Runbook_Internal.pdf","2026-01-21T00:53:00",0
"EMP001","HR Manager","Employee_Records_Summary.xlsx","2026-01-01T16:00:00",0
"EMP002","Finance Analyst","Budget_Forecast_Q3.xlsx","2026-01-02T17:07:00",0
"EMP003","Developer","Source_Repository_Guide.txt","2026-01-03T18:14:00",0
"EMP004","Intern","Training_Guide.pdf","2026-01-04T19:21:00",0
"EMP005","Employee","Training_Guide.pdf","2026-01-05T20:28:00",0
"EMP006","HR Manager","Training_Calendar.pdf","2026-01-06T21:35:00",0
"EMP007","Finance Analyst","Financial_Report_2026.xlsx","2026-01-07T22:42:00",0
"EMP008","Developer","API_Documentation.md","2026-01-08T23:49:00",0
"EMP009","Intern","Learning_Portal_Notes.txt","2026-01-10T00:56:00",0
"EMP010","Employee","Team_Update_Public.pdf","2026-01-10T16:03:00",0
"EMP011","HR Manager","Recruitment_Pipeline.docx","2026-01-11T17:10:00",0
"EMP012","Finance Analyst","Audit_Tracker.csv","2026-01-12T18:17:00",0
"EMP013","Developer","Engineering_Architecture.pdf","2026-01-13T19:24:00",0
"EMP014","Intern","Onboarding_Checklist.docx","2026-01-14T20:31:00",0
"EMP015","Employee","Operations_Runbook_Internal.pdf","2026-01-15T21:38:00",0
"EMP016","HR Manager","Employee_Records_Summary.xlsx","2026-01-16T22:45:00",0
"EMP017","Finance Analyst","Budget_Forecast_Q3.xlsx","2026-01-17T23:52:00",0
"EMP018","Developer","Source_Repository_Guide.txt","2026-01-19T00:59:00",0
"EMP019","Intern","Training_Guide.pdf","2026-01-19T16:06:00",0
"EMP020","Employee","Training_Guide.pdf","2026-01-20T17:13:00",0
"EMP021","HR Manager","Training_Calendar.pdf","2026-01-01T18:20:00",0
"EMP022","Finance Analyst","Financial_Report_2026.xlsx","2026-01-02T19:27:00",0
"EMP023","Developer","API_Documentation.md","2026-01-03T20:34:00",0
"EMP024","Intern","Learning_Portal_Notes.txt","2026-01-04T21:41:00",0
"EMP025","Employee","Team_Update_Public.pdf","2026-01-05T22:48:00",0
"EMP026","HR Manager","Recruitment_Pipeline.docx","2026-01-06T23:55:00",0
"EMP027","Finance Analyst","Audit_Tracker.csv","2026-01-08T00:02:00",0
"EMP028","Developer","Engineering_Architecture.pdf","2026-01-08T16:09:00",0
"EMP029","Intern","Onboarding_Checklist.docx","2026-01-09T17:16:00",0
"EMP030","Employee","Operations_Runbook_Internal.pdf","2026-01-10T18:23:00",0
"EMP031","HR Manager","Employee_Records_Summary.xlsx","2026-01-11T19:30:00",0
"EMP032","Finance Analyst","Budget_Forecast_Q3.xlsx","2026-01-12T20:37:00",0
"EMP033","Developer","Source_Repository_Guide.txt","2026-01-13T21:44:00",0
"EMP034","Intern","Training_Guide.pdf","2026-01-14T22:51:00",0
"EMP035","Employee","Training_Guide.pdf","2026-01-15T23:58:00",0
"EMP036","HR Manager","Training_Calendar.pdf","2026-01-17T00:05:00",0
"EMP037","Finance Analyst","Financial_Report_2026.xlsx","2026-01-17T16:12:00",0
"EMP038","Developer","API_Documentation.md","2026-01-18T17:19:00",0
"EMP039","Intern","Learning_Portal_Notes.txt","2026-01-19T18:26:00",0
"EMP040","Employee","Team_Update_Public.pdf","2026-01-20T19:33:00",0
"EMP001","HR Manager","Recruitment_Pipeline.docx","2026-01-01T20:40:00",0
"EMP002","Finance Analyst","Audit_Tracker.csv","2026-01-02T21:47:00",0
"EMP003","Developer","Engineering_Architecture.pdf","2026-01-03T22:54:00",0
"EMP004","Intern","Onboarding_Checklist.docx","2026-01-04T23:01:00",0
"EMP005","Employee","Operations_Runbook_Internal.pdf","2026-01-06T00:08:00",0
"EMP006","HR Manager","Employee_Records_Summary.xlsx","2026-01-06T16:15:00",0
"EMP007","Finance Analyst","Budget_Forecast_Q3.xlsx","2026-01-07T17:22:00",0
"EMP008","Developer","Source_Repository_Guide.txt","2026-01-08T18:29:00",0
"EMP009","Intern","Training_Guide.pdf","2026-01-09T19:36:00",0
"EMP010","Employee","Training_Guide.pdf","2026-01-10T20:43:00",0
"EMP011","HR Manager","Training_Calendar.pdf","2026-01-11T21:50:00",0
"EMP012","Finance Analyst","Financial_Report_2026.xlsx","2026-01-12T22:57:00",0
"EMP013","Developer","API_Documentation.md","2026-01-13T23:04:00",0
"EMP014","Intern","Learning_Portal_Notes.txt","2026-01-15T00:11:00",0
"EMP015","Employee","Team_Update_Public.pdf","2026-01-15T16:18:00",0
"EMP016","HR Manager","Recruitment_Pipeline.docx","2026-01-16T17:25:00",0
"EMP017","Finance Analyst","Audit_Tracker.csv","2026-01-17T18:32:00",0
"EMP018","Developer","Engineering_Architecture.pdf","2026-01-18T19:39:00",0
"EMP019","Intern","Onboarding_Checklist.docx","2026-01-19T20:46:00",0
"EMP020","Employee","Operations_Runbook_Internal.pdf","2026-01-20T21:53:00",0
"EMP021","HR Manager","Employee_Records_Summary.xlsx","2026-01-01T22:00:00",0
"EMP022","Finance Analyst","Budget_Forecast_Q3.xlsx","2026-01-02T23:07:00",0
"EMP023","Developer","Source_Repository_Guide.txt","2026-01-04T00:14:00",0
"EMP024","Intern","Training_Guide.pdf","2026-01-04T16:21:00",0
"EMP025","Employee","Training_Guide.pdf","2026-01-05T17:28:00",0
"EMP026","HR Manager","Training_Calendar.pdf","2026-01-06T18:35:00",0
"EMP027","Finance Analyst","Financial_Report_2026.xlsx","2026-01-07T19:42:00",0
"EMP028","Developer","API_Documentation.md","2026-01-08T20:49:00",0
"EMP029","Intern","Learning_Portal_Notes.txt","2026-01-09T21:56:00",0
"EMP030","Employee","Team_Update_Public.pdf","2026-01-10T22:03:00",0
"EMP031","HR Manager","Recruitment_Pipeline.docx","2026-01-11T23:10:00",0
"EMP032","Finance Analyst","Audit_Tracker.csv","2026-01-13T00:17:00",0
"EMP033","Developer","Engineering_Architecture.pdf","2026-01-13T16:24:00",0
"EMP034","Intern","Onboarding_Checklist.docx","2026-01-14T17:31:00",0
"EMP035","Employee","Operations_Runbook_Internal.pdf","2026-01-15T18:38:00",0
"EMP036","HR Manager","Employee_Records_Summary.xlsx","2026-01-16T19:45:00",0
"EMP037","Finance Analyst","Budget_Forecast_Q3.xlsx","2026-01-17T20:52:00",0
"EMP038","Developer","Source_Repository_Guide.txt","2026-01-18T21:59:00",0
"EMP039","Intern","Training_Guide.pdf","2026-01-19T22:06:00",0
"EMP040","Employee","Training_Guide.pdf","2026-01-20T23:13:00",0
"EMP001","HR Manager","Training_Calendar.pdf","2026-01-02T00:20:00",0
"EMP002","Finance Analyst","Financial_Report_2026.xlsx","2026-01-02T16:27:00",0
"EMP003","Developer","API_Documentation.md","2026-01-03T17:34:00",0
"EMP004","Intern","Learning_Portal_Notes.txt","2026-01-04T18:41:00",0
"EMP005","Employee","Team_Update_Public.pdf","2026-01-05T19:48:00",0
"EMP006","HR Manager","Recruitment_Pipeline.docx","2026-01-06T20:55:00",0
"EMP007","Finance Analyst","Audit_Tracker.csv","2026-01-07T21:02:00",0
"EMP008","Developer","Engineering_Architecture.pdf","2026-01-08T22:09:00",0
"EMP009","Intern","Onboarding_Checklist.docx","2026-01-09T23:16:00",0
"EMP010","Employee","Operations_Runbook_Internal.pdf","2026-01-11T00:23:00",0
"EMP011","HR Manager","Employee_Records_Summary.xlsx","2026-01-11T16:30:00",0
"EMP012","Finance Analyst","Budget_Forecast_Q3.xlsx","2026-01-12T17:37:00",0
"EMP013","Developer","Source_Repository_Guide.txt","2026-01-13T18:44:00",0
"EMP014","Intern","Training_Guide.pdf","2026-01-14T19:51:00",0
"EMP015","Employee","Training_Guide.pdf","2026-01-15T20:58:00",0
"EMP016","HR Manager","Training_Calendar.pdf","2026-01-16T21:05:00",0
"EMP017","Finance Analyst","Financial_Report_2026.xlsx","2026-01-17T22:12:00",0
"EMP018","Developer","API_Documentation.md","2026-01-18T23:19:00",0
"EMP019","Intern","Learning_Portal_Notes.txt","2026-01-20T00:26:00",0
"EMP020","Employee","Team_Update_Public.pdf","2026-01-20T16:33:00",0
"EMP021","HR Manager","Recruitment_Pipeline.docx","2026-01-01T17:40:00",0
"EMP022","Finance Analyst","Audit_Tracker.csv","2026-01-02T18:47:00",0
"EMP023","Developer","Engineering_Architecture.pdf","2026-01-03T19:54:00",0
"EMP024","Intern","Onboarding_Checklist.docx","2026-01-04T20:01:00",0
"EMP025","Employee","Operations_Runbook_Internal.pdf","2026-01-05T21:08:00",0
"EMP026","HR Manager","Employee_Records_Summary.xlsx","2026-01-06T22:15:00",0
"EMP027","Finance Analyst","Budget_Forecast_Q3.xlsx","2026-01-07T23:22:00",0
"EMP028","Developer","Source_Repository_Guide.txt","2026-01-09T00:29:00",0
"EMP029","Intern","Training_Guide.pdf","2026-01-09T16:36:00",0
"EMP030","Employee","Training_Guide.pdf","2026-01-10T17:43:00",0
"EMP031","HR Manager","Training_Calendar.pdf","2026-01-11T18:50:00",0
"EMP032","Finance Analyst","Financial_Report_2026.xlsx","2026-01-12T19:57:00",0
"EMP033","Developer","API_Documentation.md","2026-01-13T20:04:00",0
"EMP034","Intern","Learning_Portal_Notes.txt","2026-01-14T21:11:00",0
"EMP035","Employee","Team_Update_Public.pdf","2026-01-15T22:18:00",0
"EMP036","HR Manager","Recruitment_Pipeline.docx","2026-01-16T23:25:00",0
"EMP037","Finance Analyst","Audit_Tracker.csv","2026-01-18T00:32:00",0
"EMP038","Developer","Engineering_Architecture.pdf","2026-01-18T16:39:00",0
"EMP039","Intern","Onboarding_Checklist.docx","2026-01-19T17:46:00",0
"EMP040","Employee","Operations_Runbook_Internal.pdf","2026-01-20T18:53:00",0
"EMP041","HR Manager","Top_Secret_Financial_Forecast.xlsx","2026-01-01T00:00:00",1
"EMP042","Finance Analyst","Database_Credentials_List.txt","2026-01-02T01:11:00",1
"EMP043","Developer","Private_Key_Dump.txt","2026-01-03T02:22:00",1
"EMP044","Intern","Payroll_Data_Confidential.xlsx","2026-01-04T03:33:00",1
"EMP045","Employee","Source_Code_Archive_Restricted.zip","2026-01-05T04:44:00",1
"EMP046","HR Manager","Customer_PII_Export.csv","2026-01-06T05:55:00",1
"EMP047","Finance Analyst","Top_Secret_Financial_Forecast.xlsx","2026-01-07T23:06:00",1
"EMP048","Developer","Database_Credentials_List.txt","2026-01-08T00:17:00",1
"EMP049","Intern","Private_Key_Dump.txt","2026-01-09T01:28:00",1
"EMP050","Employee","Payroll_Data_Confidential.xlsx","2026-01-10T02:39:00",1
"EMP051","HR Manager","Source_Code_Archive_Restricted.zip","2026-01-11T03:50:00",1
"EMP052","Finance Analyst","Customer_PII_Export.csv","2026-01-12T04:01:00",1
"EMP053","Developer","Top_Secret_Financial_Forecast.xlsx","2026-01-13T05:12:00",1
"EMP054","Intern","Database_Credentials_List.txt","2026-01-14T23:23:00",1
"EMP055","Employee","Private_Key_Dump.txt","2026-01-15T00:34:00",1
"EMP056","HR Manager","Payroll_Data_Confidential.xlsx","2026-01-16T01:45:00",1
"EMP057","Finance Analyst","Source_Code_Archive_Restricted.zip","2026-01-17T02:56:00",1
"EMP058","Developer","Customer_PII_Export.csv","2026-01-18T03:07:00",1
"EMP059","Intern","Top_Secret_Financial_Forecast.xlsx","2026-01-19T04:18:00",1
"EMP060","Employee","Database_Credentials_List.txt","2026-01-20T05:29:00",1
"EMP061","HR Manager","Private_Key_Dump.txt","2026-01-21T23:40:00",1
"EMP062","Finance Analyst","Payroll_Data_Confidential.xlsx","2026-01-22T00:51:00",1
"EMP063","Developer","Source_Code_Archive_Restricted.zip","2026-01-23T01:02:00",1
"EMP064","Intern","Customer_PII_Export.csv","2026-01-24T02:13:00",1
"EMP065","Employee","Top_Secret_Financial_Forecast.xlsx","2026-01-25T03:24:00",1
"EMP066","HR Manager","Database_Credentials_List.txt","2026-01-26T04:35:00",1
"EMP067","Finance Analyst","Private_Key_Dump.txt","2026-01-27T05:46:00",1
"EMP068","Developer","Payroll_Data_Confidential.xlsx","2026-01-28T23:57:00",1
"EMP069","Intern","Source_Code_Archive_Restricted.zip","2026-01-01T00:08:00",1
"EMP070","Employee","Customer_PII_Export.csv","2026-01-02T01:19:00",1
"EMP071","HR Manager","Top_Secret_Financial_Forecast.xlsx","2026-01-03T02:30:00",1
"EMP072","Finance Analyst","Database_Credentials_List.txt","2026-01-04T03:41:00",1
"EMP073","Developer","Private_Key_Dump.txt","2026-01-05T04:52:00",1
"EMP074","Intern","Payroll_Data_Confidential.xlsx","2026-01-06T05:03:00",1
"EMP075","Employee","Source_Code_Archive_Restricted.zip","2026-01-07T23:14:00",1
"EMP041","HR Manager","Customer_PII_Export.csv","2026-01-08T00:25:00",1
"EMP042","Finance Analyst","Top_Secret_Financial_Forecast.xlsx","2026-01-09T01:36:00",1
"EMP043","Developer","Database_Credentials_List.txt","2026-01-10T02:47:00",1
"EMP044","Intern","Private_Key_Dump.txt","2026-01-11T03:58:00",1
"EMP045","Employee","Payroll_Data_Confidential.xlsx","2026-01-12T04:09:00",1
"EMP046","HR Manager","Source_Code_Archive_Restricted.zip","2026-01-13T05:20:00",1
"EMP047","Finance Analyst","Customer_PII_Export.csv","2026-01-14T23:31:00",1
"EMP048","Developer","Top_Secret_Financial_Forecast.xlsx","2026-01-15T00:42:00",1
"EMP049","Intern","Database_Credentials_List.txt","2026-01-16T01:53:00",1
"EMP050","Employee","Private_Key_Dump.txt","2026-01-17T02:04:00",1
"EMP051","HR Manager","Payroll_Data_Confidential.xlsx","2026-01-18T03:15:00",1
"EMP052","Finance Analyst","Source_Code_Archive_Restricted.zip","2026-01-19T04:26:00",1
"EMP053","Developer","Customer_PII_Export.csv","2026-01-20T05:37:00",1
"EMP054","Intern","Top_Secret_Financial_Forecast.xlsx","2026-01-21T23:48:00",1
"EMP055","Employee","Database_Credentials_List.txt","2026-01-22T00:59:00",1
"EMP056","HR Manager","Private_Key_Dump.txt","2026-01-23T01:10:00",1
"EMP057","Finance Analyst","Payroll_Data_Confidential.xlsx","2026-01-24T02:21:00",1
"EMP058","Developer","Source_Code_Archive_Restricted.zip","2026-01-25T03:32:00",1
"EMP059","Intern","Customer_PII_Export.csv","2026-01-26T04:43:00",1
"EMP060","Employee","Top_Secret_Financial_Forecast.xlsx","2026-01-27T05:54:00",1
"EMP061","HR Manager","Database_Credentials_List.txt","2026-01-28T23:05:00",1
"EMP062","Finance Analyst","Private_Key_Dump.txt","2026-01-01T00:16:00",1
"EMP063","Developer","Payroll_Data_Confidential.xlsx","2026-01-02T01:27:00",1
"EMP064","Intern","Source_Code_Archive_Restricted.zip","2026-01-03T02:38:00",1
"EMP065","Employee","Customer_PII_Export.csv","2026-01-04T03:49:00",1
"EMP066","HR Manager","Top_Secret_Financial_Forecast.xlsx","2026-01-05T04:00:00",1
"EMP067","Finance Analyst","Database_Credentials_List.txt","2026-01-06T05:11:00",1
"EMP068","Developer","Private_Key_Dump.txt","2026-01-07T23:22:00",1
"EMP069","Intern","Payroll_Data_Confidential.xlsx","2026-01-08T00:33:00",1
"EMP070","Employee","Source_Code_Archive_Restricted.zip","2026-01-09T01:44:00",1
"EMP071","HR Manager","Customer_PII_Export.csv","2026-01-10T02:55:00",1
"EMP072","Finance Analyst","Top_Secret_Financial_Forecast.xlsx","2026-01-11T03:06:00",1
"EMP073","Developer","Database_Credentials_List.txt","2026-01-12T04:17:00",1
"EMP074","Intern","Private_Key_Dump.txt","2026-01-13T05:28:00",1
"EMP075","Employee","Payroll_Data_Confidential.xlsx","2026-01-14T23:39:00",1
"EMP041","HR Manager","Source_Code_Archive_Restricted.zip","2026-01-15T00:50:00",1
"EMP042","Finance Analyst","Customer_PII_Export.csv","2026-01-16T01:01:00",1
"EMP043","Developer","Top_Secret_Financial_Forecast.xlsx","2026-01-17T02:12:00",1
"EMP044","Intern","Database_Credentials_List.txt","2026-01-18T03:23:00",1
"EMP045","Employee","Private_Key_Dump.txt","2026-01-19T04:34:00",1
"EMP046","HR Manager","Payroll_Data_Confidential.xlsx","2026-01-20T05:45:00",1
"EMP047","Finance Analyst","Source_Code_Archive_Restricted.zip","2026-01-21T23:56:00",1
"EMP048","Developer","Customer_PII_Export.csv","2026-01-22T00:07:00",1
"EMP049","Intern","Top_Secret_Financial_Forecast.xlsx","2026-01-23T01:18:00",1
"EMP050","Employee","Database_Credentials_List.txt","2026-01-24T02:29:00",1
"EMP051","HR Manager","Private_Key_Dump.txt","2026-01-25T03:40:00",1
"EMP052","Finance Analyst","Payroll_Data_Confidential.xlsx","2026-01-26T04:51:00",1
"EMP053","Developer","Source_Code_Archive_Restricted.zip","2026-01-27T05:02:00",1
"EMP054","Intern","Customer_PII_Export.csv","2026-01-28T23:13:00",1
"EMP055","Employee","Top_Secret_Financial_Forecast.xlsx","2026-01-01T00:24:00",1
"EMP056","HR Manager","Database_Credentials_List.txt","2026-01-02T01:35:00",1
"EMP057","Finance Analyst","Private_Key_Dump.txt","2026-01-03T02:46:00",1
"EMP058","Developer","Payroll_Data_Confidential.xlsx","2026-01-04T03:57:00",1
"EMP059","Intern","Source_Code_Archive_Restricted.zip","2026-01-05T04:08:00",1
"EMP060","Employee","Customer_PII_Export.csv","2026-01-06T05:19:00",1
"EMP061","HR Manager","Top_Secret_Financial_Forecast.xlsx","2026-01-07T23:30:00",1
"EMP062","Finance Analyst","Database_Credentials_List.txt","2026-01-08T00:41:00",1
"EMP063","Developer","Private_Key_Dump.txt","2026-01-09T01:52:00",1
"EMP064","Intern","Payroll_Data_Confidential.xlsx","2026-01-10T02:03:00",1
"EMP065","Employee","Source_Code_Archive_Restricted.zip","2026-01-11T03:14:00",1
"EMP066","HR Manager","Customer_PII_Export.csv","2026-01-12T04:25:00",1
"EMP067","Finance Analyst","Top_Secret_Financial_Forecast.xlsx","2026-01-13T05:36:00",1
"EMP068","Developer","Database_Credentials_List.txt","2026-01-14T23:47:00",1
"EMP069","Intern","Private_Key_Dump.txt","2026-01-15T00:58:00",1
"EMP070","Employee","Payroll_Data_Confidential.xlsx","2026-01-16T01:09:00",1
"EMP071","HR Manager","Source_Code_Archive_Restricted.zip","2026-01-17T02:20:00",1
"EMP072","Finance Analyst","Customer_PII_Export.csv","2026-01-18T03:31:00",1
"EMP073","Developer","Top_Secret_Financial_Forecast.xlsx","2026-01-19T04:42:00",1
"EMP074","Intern","Database_Credentials_List.txt","2026-01-20T05:53:00",1
"EMP075","Employee","Private_Key_Dump.txt","2026-01-21T23:04:00",1
"EMP041","HR Manager","Payroll_Data_Confidential.xlsx","2026-01-22T00:15:00",1
"EMP042","Finance Analyst","Source_Code_Archive_Restricted.zip","2026-01-23T01:26:00",1
"EMP043","Developer","Customer_PII_Export.csv","2026-01-24T02:37:00",1
"EMP044","Intern","Top_Secret_Financial_Forecast.xlsx","2026-01-25T03:48:00",1
"EMP045","Employee","Database_Credentials_List.txt","2026-01-26T04:59:00",1
"EMP046","HR Manager","Private_Key_Dump.txt","2026-01-27T05:10:00",1
"EMP047","Finance Analyst","Payroll_Data_Confidential.xlsx","2026-01-28T23:21:00",1
"EMP048","Developer","Source_Code_Archive_Restricted.zip","2026-01-01T00:32:00",1
"EMP049","Intern","Customer_PII_Export.csv","2026-01-02T01:43:00",1
"EMP050","Employee","Top_Secret_Financial_Forecast.xlsx","2026-01-03T02:54:00",1
"EMP051","HR Manager","Database_Credentials_List.txt","2026-01-04T03:05:00",1
"EMP052","Finance Analyst","Private_Key_Dump.txt","2026-01-05T04:16:00",1
"EMP053","Developer","Payroll_Data_Confidential.xlsx","2026-01-06T05:27:00",1
"EMP054","Intern","Source_Code_Archive_Restricted.zip","2026-01-07T23:38:00",1
"EMP055","Employee","Customer_PII_Export.csv","2026-01-08T00:49:00",1
"EMP056","HR Manager","Top_Secret_Financial_Forecast.xlsx","2026-01-09T01:00:00",1
"EMP057","Finance Analyst","Database_Credentials_List.txt","2026-01-10T02:11:00",1
"EMP058","Developer","Private_Key_Dump.txt","2026-01-11T03:22:00",1
"EMP059","Intern","Payroll_Data_Confidential.xlsx","2026-01-12T04:33:00",1
"EMP060","Employee","Source_Code_Archive_Restricted.zip","2026-01-13T05:44:00",1
"EMP061","HR Manager","Customer_PII_Export.csv","2026-01-14T23:55:00",1
"EMP062","Finance Analyst","Top_Secret_Financial_Forecast.xlsx","2026-01-15T00:06:00",1
"EMP063","Developer","Database_Credentials_List.txt","2026-01-16T01:17:00",1
"EMP064","Intern","Private_Key_Dump.txt","2026-01-17T02:28:00",1
"EMP065","Employee","Payroll_Data_Confidential.xlsx","2026-01-18T03:39:00",1
"EMP066","HR Manager","Source_Code_Archive_Restricted.zip","2026-01-19T04:50:00",1
"EMP067","Finance Analyst","Customer_PII_Export.csv","2026-01-20T05:01:00",1
"EMP068","Developer","Top_Secret_Financial_Forecast.xlsx","2026-01-21T23:12:00",1
"EMP069","Intern","Database_Credentials_List.txt","2026-01-22T00:23:00",1
"EMP070","Employee","Private_Key_Dump.txt","2026-01-23T01:34:00",1
"EMP071","HR Manager","Payroll_Data_Confidential.xlsx","2026-01-24T02:45:00",1
"EMP072","Finance Analyst","Source_Code_Archive_Restricted.zip","2026-01-25T03:56:00",1
"EMP073","Developer","Customer_PII_Export.csv","2026-01-26T04:07:00",1
"EMP074","Intern","Top_Secret_Financial_Forecast.xlsx","2026-01-27T05:18:00",1
"EMP075","Employee","Database_Credentials_List.txt","2026-01-28T23:29:00",1
"EMP041","HR Manager","Private_Key_Dump.txt","2026-01-01T00:40:00",1
"EMP042","Finance Analyst","Payroll_Data_Confidential.xlsx","2026-01-02T01:51:00",1
"EMP043","Developer","Source_Code_Archive_Restricted.zip","2026-01-03T02:02:00",1
"EMP044","Intern","Customer_PII_Export.csv","2026-01-04T03:13:00",1
"EMP045","Employee","Top_Secret_Financial_Forecast.xlsx","2026-01-05T04:24:00",1
"EMP046","HR Manager","Database_Credentials_List.txt","2026-01-06T05:35:00",1
"EMP047","Finance Analyst","Private_Key_Dump.txt","2026-01-07T23:46:00",1
"EMP048","Developer","Payroll_Data_Confidential.xlsx","2026-01-08T00:57:00",1
"EMP049","Intern","Source_Code_Archive_Restricted.zip","2026-01-09T01:08:00",1
"EMP050","Employee","Customer_PII_Export.csv","2026-01-10T02:19:00",1
"EMP051","HR Manager","Top_Secret_Financial_Forecast.xlsx","2026-01-11T03:30:00",1
"EMP052","Finance Analyst","Database_Credentials_List.txt","2026-01-12T04:41:00",1
"EMP053","Developer","Private_Key_Dump.txt","2026-01-13T05:52:00",1
"EMP054","Intern","Payroll_Data_Confidential.xlsx","2026-01-14T23:03:00",1
"EMP055","Employee","Source_Code_Archive_Restricted.zip","2026-01-15T00:14:00",1
"EMP056","HR Manager","Customer_PII_Export.csv","2026-01-16T01:25:00",1
"EMP057","Finance Analyst","Top_Secret_Financial_Forecast.xlsx","2026-01-17T02:36:00",1
"EMP058","Developer","Database_Credentials_List.txt","2026-01-18T03:47:00",1
"EMP059","Intern","Private_Key_Dump.txt","2026-01-19T04:58:00",1
"EMP060","Employee","Payroll_Data_Confidential.xlsx","2026-01-20T05:09:00",1
"EMP061","HR Manager","Source_Code_Archive_Restricted.zip","2026-01-21T23:20:00",1
"EMP062","Finance Analyst","Customer_PII_Export.csv","2026-01-22T00:31:00",1
"EMP063","Developer","Top_Secret_Financial_Forecast.xlsx","2026-01-23T01:42:00",1
"EMP064","Intern","Database_Credentials_List.txt","2026-01-24T02:53:00",1
"EMP065","Employee","Private_Key_Dump.txt","2026-01-25T03:04:00",1
"EMP066","HR Manager","Payroll_Data_Confidential.xlsx","2026-01-26T04:15:00",1
"EMP067","Finance Analyst","Source_Code_Archive_Restricted.zip","2026-01-27T05:26:00",1
"EMP068","Developer","Customer_PII_Export.csv","2026-01-28T23:37:00",1
"EMP069","Intern","Top_Secret_Financial_Forecast.xlsx","2026-01-01T00:48:00",1
"EMP070","Employee","Database_Credentials_List.txt","2026-01-02T01:59:00",1
"EMP071","HR Manager","Private_Key_Dump.txt","2026-01-03T02:10:00",1
"EMP072","Finance Analyst","Payroll_Data_Confidential.xlsx","2026-01-04T03:21:00",1
"EMP073","Developer","Source_Code_Archive_Restricted.zip","2026-01-05T04:32:00",1
"EMP074","Intern","Customer_PII_Export.csv","2026-01-06T05:43:00",1
"EMP075","Employee","Top_Secret_Financial_Forecast.xlsx","2026-01-07T23:54:00",1
"EMP041","HR Manager","Database_Credentials_List.txt","2026-01-08T00:05:00",1
"EMP042","Finance Analyst","Private_Key_Dump.txt","2026-01-09T01:16:00",1
"EMP043","Developer","Payroll_Data_Confidential.xlsx","2026-01-10T02:27:00",1
"EMP044","Intern","Source_Code_Archive_Restricted.zip","2026-01-11T03:38:00",1
"EMP045","Employee","Customer_PII_Export.csv","2026-01-12T04:49:00",1
"EMP046","HR Manager","Top_Secret_Financial_Forecast.xlsx","2026-01-13T05:00:00",1
"EMP047","Finance Analyst","Database_Credentials_List.txt","2026-01-14T23:11:00",1
"EMP048","Developer","Private_Key_Dump.txt","2026-01-15T00:22:00",1
"EMP049","Intern","Payroll_Data_Confidential.xlsx","2026-01-16T01:33:00",1
"EMP050","Employee","Source_Code_Archive_Restricted.zip","2026-01-17T02:44:00",1
"EMP051","HR Manager","Customer_PII_Export.csv","2026-01-18T03:55:00",1
"EMP052","Finance Analyst","Top_Secret_Financial_Forecast.xlsx","2026-01-19T04:06:00",1
"EMP053","Developer","Database_Credentials_List.txt","2026-01-20T05:17:00",1
"EMP054","Intern","Private_Key_Dump.txt","2026-01-21T23:28:00",1
"EMP055","Employee","Payroll_Data_Confidential.xlsx","2026-01-22T00:39:00",1
"EMP056","HR Manager","Source_Code_Archive_Restricted.zip","2026-01-23T01:50:00",1
"EMP057","Finance Analyst","Customer_PII_Export.csv","2026-01-24T02:01:00",1
"EMP058","Developer","Top_Secret_Financial_Forecast.xlsx","2026-01-25T03:12:00",1
"EMP059","Intern","Database_Credentials_List.txt","2026-01-26T04:23:00",1
"EMP060","Employee","Private_Key_Dump.txt","2026-01-27T05:34:00",1
"EMP061","HR Manager","Payroll_Data_Confidential.xlsx","2026-01-28T23:45:00",1
"EMP062","Finance Analyst","Source_Code_Archive_Restricted.zip","2026-01-01T00:56:00",1
"EMP063","Developer","Customer_PII_Export.csv","2026-01-02T01:07:00",1
"EMP064","Intern","Top_Secret_Financial_Forecast.xlsx","2026-01-03T02:18:00",1
"EMP065","Employee","Database_Credentials_List.txt","2026-01-04T03:29:00",1
"EMP066","HR Manager","Private_Key_Dump.txt","2026-01-05T04:40:00",1
"EMP067","Finance Analyst","Payroll_Data_Confidential.xlsx","2026-01-06T05:51:00",1
"EMP068","Developer","Source_Code_Archive_Restricted.zip","2026-01-07T23:02:00",1
"EMP069","Intern","Customer_PII_Export.csv","2026-01-08T00:13:00",1
"EMP070","Employee","Top_Secret_Financial_Forecast.xlsx","2026-01-09T01:24:00",1
"EMP071","HR Manager","Database_Credentials_List.txt","2026-01-10T02:35:00",1
"EMP072","Finance Analyst","Private_Key_Dump.txt","2026-01-11T03:46:00",1
"EMP073","Developer","Payroll_Data_Confidential.xlsx","2026-01-12T04:57:00",1
"EMP074","Intern","Source_Code_Archive_Restricted.zip","2026-01-13T05:08:00",1
"EMP075","Employee","Customer_PII_Export.csv","2026-01-14T23:19:00",1
"EMP041","HR Manager","Top_Secret_Financial_Forecast.xlsx","2026-01-15T00:30:00",1
"EMP042","Finance Analyst","Database_Credentials_List.txt","2026-01-16T01:41:00",1
"EMP043","Developer","Private_Key_Dump.txt","2026-01-17T02:52:00",1
"EMP044","Intern","Payroll_Data_Confidential.xlsx","2026-01-18T03:03:00",1
"EMP045","Employee","Source_Code_Archive_Restricted.zip","2026-01-19T04:14:00",1
"EMP046","HR Manager","Customer_PII_Export.csv","2026-01-20T05:25:00",1
"EMP047","Finance Analyst","Top_Secret_Financial_Forecast.xlsx","2026-01-21T23:36:00",1
"EMP048","Developer","Database_Credentials_List.txt","2026-01-22T00:47:00",1
"EMP049","Intern","Private_Key_Dump.txt","2026-01-23T01:58:00",1
"EMP050","Employee","Payroll_Data_Confidential.xlsx","2026-01-24T02:09:00",1
"EMP051","HR Manager","Source_Code_Archive_Restricted.zip","2026-01-25T03:20:00",1
"EMP052","Finance Analyst","Customer_PII_Export.csv","2026-01-26T04:31:00",1
"EMP053","Developer","Top_Secret_Financial_Forecast.xlsx","2026-01-27T05:42:00",1
"EMP054","Intern","Database_Credentials_List.txt","2026-01-28T23:53:00",1
"EMP055","Employee","Private_Key_Dump.txt","2026-01-01T00:04:00",1
"EMP056","HR Manager","Payroll_Data_Confidential.xlsx","2026-01-02T01:15:00",1
"EMP057","Finance Analyst","Source_Code_Archive_Restricted.zip","2026-01-03T02:26:00",1
"EMP058","Developer","Customer_PII_Export.csv","2026-01-04T03:37:00",1
"EMP059","Intern","Top_Secret_Financial_Forecast.xlsx","2026-01-05T04:48:00",1
"EMP060","Employee","Database_Credentials_List.txt","2026-01-06T05:59:00",1
"EMP061","HR Manager","Private_Key_Dump.txt","2026-01-07T23:10:00",1
"EMP062","Finance Analyst","Payroll_Data_Confidential.xlsx","2026-01-08T00:21:00",1
"EMP063","Developer","Source_Code_Archive_Restricted.zip","2026-01-09T01:32:00",1
"EMP064","Intern","Customer_PII_Export.csv","2026-01-10T02:43:00",1
"EMP065","Employee","Top_Secret_Financial_Forecast.xlsx","2026-01-11T03:54:00",1
"EMP066","HR Manager","Database_Credentials_List.txt","2026-01-12T04:05:00",1
"EMP067","Finance Analyst","Private_Key_Dump.txt","2026-01-13T05:16:00",1
"EMP068","Developer","Payroll_Data_Confidential.xlsx","2026-01-14T23:27:00",1
"EMP069","Intern","Source_Code_Archive_Restricted.zip","2026-01-15T00:38:00",1
"EMP070","Employee","Customer_PII_Export.csv","2026-01-16T01:49:00",1
"EMP071","HR Manager","Top_Secret_Financial_Forecast.xlsx","2026-01-17T02:00:00",1
"EMP072","Finance Analyst","Database_Credentials_List.txt","2026-01-18T03:11:00",1
"EMP073","Developer","Private_Key_Dump.txt","2026-01-19T04:22:00",1
"EMP074","Intern","Payroll_Data_Confidential.xlsx","2026-01-20T05:33:00",1
"EMP075","Employee","Source_Code_Archive_Restricted.zip","2026-01-21T23:44:00",1
"EMP041","HR Manager","Customer_PII_Export.csv","2026-01-22T00:55:00",1
"EMP042","Finance Analyst","Top_Secret_Financial_Forecast.xlsx","2026-01-23T01:06:00",1
"EMP043","Developer","Database_Credentials_List.txt","2026-01-24T02:17:00",1
"EMP044","Intern","Private_Key_Dump.txt","2026-01-25T03:28:00",1
"EMP045","Employee","Payroll_Data_Confidential.xlsx","2026-01-26T04:39:00",1
"EMP046","HR Manager","Source_Code_Archive_Restricted.zip","2026-01-27T05:50:00",1
"EMP047","Finance Analyst","Customer_PII_Export.csv","2026-01-28T23:01:00",1
"EMP048","Developer","Top_Secret_Financial_Forecast.xlsx","2026-01-01T00:12:00",1
"EMP049","Intern","Database_Credentials_List.txt","2026-01-02T01:23:00",1
"EMP050","Employee","Private_Key_Dump.txt","2026-01-03T02:34:00",1
"EMP051","HR Manager","Payroll_Data_Confidential.xlsx","2026-01-04T03:45:00",1
"EMP052","Finance Analyst","Source_Code_Archive_Restricted.zip","2026-01-05T04:56:00",1
"EMP053","Developer","Customer_PII_Export.csv","2026-01-06T05:07:00",1
"EMP054","Intern","Top_Secret_Financial_Forecast.xlsx","2026-01-07T23:18:00",1
"EMP055","Employee","Database_Credentials_List.txt","2026-01-08T00:29:00",1
"EMP056","HR Manager","Private_Key_Dump.txt","2026-01-09T01:40:00",1
"EMP057","Finance Analyst","Payroll_Data_Confidential.xlsx","2026-01-10T02:51:00",1
"EMP058","Developer","Source_Code_Archive_Restricted.zip","2026-01-11T03:02:00",1
"EMP059","Intern","Customer_PII_Export.csv","2026-01-12T04:13:00",1
"EMP060","Employee","Top_Secret_Financial_Forecast.xlsx","2026-01-13T05:24:00",1
"EMP061","HR Manager","Database_Credentials_List.txt","2026-01-14T23:35:00",1
"EMP062","Finance Analyst","Private_Key_Dump.txt","2026-01-15T00:46:00",1
"EMP063","Developer","Payroll_Data_Confidential.xlsx","2026-01-16T01:57:00",1
"EMP064","Intern","Source_Code_Archive_Restricted.zip","2026-01-17T02:08:00",1
"EMP065","Employee","Customer_PII_Export.csv","2026-01-18T03:19:00",1
"EMP066","HR Manager","Top_Secret_Financial_Forecast.xlsx","2026-01-19T04:30:00",1
"EMP067","Finance Analyst","Database_Credentials_List.txt","2026-01-20T05:41:00",1
"EMP068","Developer","Private_Key_Dump.txt","2026-01-21T23:52:00",1
"EMP069","Intern","Payroll_Data_Confidential.xlsx","2026-01-22T00:03:00",1
"EMP070","Employee","Source_Code_Archive_Restricted.zip","2026-01-23T01:14:00",1
"EMP071","HR Manager","Customer_PII_Export.csv","2026-01-24T02:25:00",1
"EMP072","Finance Analyst","Top_Secret_Financial_Forecast.xlsx","2026-01-25T03:36:00",1
"EMP073","Developer","Database_Credentials_List.txt","2026-01-26T04:47:00",1
"EMP074","Intern","Private_Key_Dump.txt","2026-01-27T05:58:00",1
"EMP075","Employee","Payroll_Data_Confidential.xlsx","2026-01-28T23:09:00",1
"EMP041","HR Manager","Source_Code_Archive_Restricted.zip","2026-01-01T00:20:00",1
"EMP042","Finance Analyst","Customer_PII_Export.csv","2026-01-02T01:31:00",1
"EMP043","Developer","Top_Secret_Financial_Forecast.xlsx","2026-01-03T02:42:00",1
"EMP044","Intern","Database_Credentials_List.txt","2026-01-04T03:53:00",1
"EMP045","Employee","Private_Key_Dump.txt","2026-01-05T04:04:00",1
"EMP046","HR Manager","Payroll_Data_Confidential.xlsx","2026-01-06T05:15:00",1
"EMP047","Finance Analyst","Source_Code_Archive_Restricted.zip","2026-01-07T23:26:00",1
"EMP048","Developer","Customer_PII_Export.csv","2026-01-08T00:37:00",1
"EMP049","Intern","Top_Secret_Financial_Forecast.xlsx","2026-01-09T01:48:00",1
"EMP050","Employee","Database_Credentials_List.txt","2026-01-10T02:59:00",1
"EMP051","HR Manager","Private_Key_Dump.txt","2026-01-11T03:10:00",1
"EMP052","Finance Analyst","Payroll_Data_Confidential.xlsx","2026-01-12T04:21:00",1
"EMP053","Developer","Source_Code_Archive_Restricted.zip","2026-01-13T05:32:00",1
"EMP054","Intern","Customer_PII_Export.csv","2026-01-14T23:43:00",1
"EMP055","Employee","Top_Secret_Financial_Forecast.xlsx","2026-01-15T00:54:00",1
"EMP056","HR Manager","Database_Credentials_List.txt","2026-01-16T01:05:00",1
"EMP057","Finance Analyst","Private_Key_Dump.txt","2026-01-17T02:16:00",1
"EMP058","Developer","Payroll_Data_Confidential.xlsx","2026-01-18T03:27:00",1
"EMP059","Intern","Source_Code_Archive_Restricted.zip","2026-01-19T04:38:00",1
"EMP060","Employee","Customer_PII_Export.csv","2026-01-20T05:49:00",1
"EMP061","HR Manager","Top_Secret_Financial_Forecast.xlsx","2026-01-21T23:00:00",1
"EMP062","Finance Analyst","Database_Credentials_List.txt","2026-01-22T00:11:00",1
"EMP063","Developer","Private_Key_Dump.txt","2026-01-23T01:22:00",1
"EMP064","Intern","Payroll_Data_Confidential.xlsx","2026-01-24T02:33:00",1
"EMP065","Employee","Source_Code_Archive_Restricted.zip","2026-01-25T03:44:00",1
"EMP066","HR Manager","Customer_PII_Export.csv","2026-01-26T04:55:00",1
"EMP067","Finance Analyst","Top_Secret_Financial_Forecast.xlsx","2026-01-27T05:06:00",1
"EMP068","Developer","Database_Credentials_List.txt","2026-01-28T23:17:00",1
"EMP069","Intern","Private_Key_Dump.txt","2026-01-01T00:28:00",1
"EMP070","Employee","Payroll_Data_Confidential.xlsx","2026-01-02T01:39:00",1
"EMP071","HR Manager","Source_Code_Archive_Restricted.zip","2026-01-03T02:50:00",1
"EMP072","Finance Analyst","Customer_PII_Export.csv","2026-01-04T03:01:00",1
"EMP073","Developer","Top_Secret_Financial_Forecast.xlsx","2026-01-05T04:12:00",1
"EMP074","Intern","Database_Credentials_List.txt","2026-01-06T05:23:00",1
"EMP075","Employee","Private_Key_Dump.txt","2026-01-07T23:34:00",1
"EMP041","HR Manager","Payroll_Data_Confidential.xlsx","2026-01-08T00:45:00",1
"EMP042","Finance Analyst","Source_Code_Archive_Restricted.zip","2026-01-09T01:56:00",1
"EMP043","Developer","Customer_PII_Export.csv","2026-01-10T02:07:00",1
"EMP044","Intern","Top_Secret_Financial_Forecast.xlsx","2026-01-11T03:18:00",1
"EMP045","Employee","Database_Credentials_List.txt","2026-01-12T04:29:00",1
"EMP046","HR Manager","Private_Key_Dump.txt","2026-01-13T05:40:00",1
"EMP047","Finance Analyst","Payroll_Data_Confidential.xlsx","2026-01-14T23:51:00",1
"EMP048","Developer","Source_Code_Archive_Restricted.zip","2026-01-15T00:02:00",1
"EMP049","Intern","Customer_PII_Export.csv","2026-01-16T01:13:00",1
"EMP050","Employee","Top_Secret_Financial_Forecast.xlsx","2026-01-17T02:24:00",1
"EMP051","HR Manager","Database_Credentials_List.txt","2026-01-18T03:35:00",1
"EMP052","Finance Analyst","Private_Key_Dump.txt","2026-01-19T04:46:00",1
"EMP053","Developer","Payroll_Data_Confidential.xlsx","2026-01-20T05:57:00",1
"EMP054","Intern","Source_Code_Archive_Restricted.zip","2026-01-21T23:08:00",1
"EMP055","Employee","Customer_PII_Export.csv","2026-01-22T00:19:00",1
"EMP056","HR Manager","Top_Secret_Financial_Forecast.xlsx","2026-01-23T01:30:00",1
"EMP057","Finance Analyst","Database_Credentials_List.txt","2026-01-24T02:41:00",1
"EMP058","Developer","Private_Key_Dump.txt","2026-01-25T03:52:00",1
"EMP059","Intern","Payroll_Data_Confidential.xlsx","2026-01-26T04:03:00",1
"EMP060","Employee","Source_Code_Archive_Restricted.zip","2026-01-27T05:14:00",1
"EMP061","HR Manager","Customer_PII_Export.csv","2026-01-28T23:25:00",1
"EMP062","Finance Analyst","Top_Secret_Financial_Forecast.xlsx","2026-01-01T00:36:00",1
"EMP063","Developer","Database_Credentials_List.txt","2026-01-02T01:47:00",1
"EMP064","Intern","Private_Key_Dump.txt","2026-01-03T02:58:00",1
"EMP065","Employee","Payroll_Data_Confidential.xlsx","2026-01-04T03:09:00",1
"EMP066","HR Manager","Source_Code_Archive_Restricted.zip","2026-01-05T04:20:00",1
"EMP067","Finance Analyst","Customer_PII_Export.csv","2026-01-06T05:31:00",1
"EMP068","Developer","Top_Secret_Financial_Forecast.xlsx","2026-01-07T23:42:00",1
"EMP069","Intern","Database_Credentials_List.txt","2026-01-08T00:53:00",1
"EMP070","Employee","Private_Key_Dump.txt","2026-01-09T01:04:00",1
"EMP071","HR Manager","Payroll_Data_Confidential.xlsx","2026-01-10T02:15:00",1
"EMP072","Finance Analyst","Source_Code_Archive_Restricted.zip","2026-01-11T03:26:00",1
"EMP073","Developer","Customer_PII_Export.csv","2026-01-12T04:37:00",1
"EMP074","Intern","Top_Secret_Financial_Forecast.xlsx","2026-01-13T05:48:00",1
"EMP075","Employee","Database_Credentials_List.txt","2026-01-14T23:59:00",1
"EMP041","HR Manager","Private_Key_Dump.txt","2026-01-15T00:10:00",1
"EMP042","Finance Analyst","Payroll_Data_Confidential.xlsx","2026-01-16T01:21:00",1
"EMP043","Developer","Source_Code_Archive_Restricted.zip","2026-01-17T02:32:00",1
"EMP044","Intern","Customer_PII_Export.csv","2026-01-18T03:43:00",1
"EMP045","Employee","Top_Secret_Financial_Forecast.xlsx","2026-01-19T04:54:00",1
"EMP046","HR Manager","Database_Credentials_List.txt","2026-01-20T05:05:00",1
"EMP047","Finance Analyst","Private_Key_Dump.txt","2026-01-21T23:16:00",1
"EMP048","Developer","Payroll_Data_Confidential.xlsx","2026-01-22T00:27:00",1
"EMP049","Intern","Source_Code_Archive_Restricted.zip","2026-01-23T01:38:00",1
"EMP050","Employee","Customer_PII_Export.csv","2026-01-24T02:49:00",1
"EMP051","HR Manager","Top_Secret_Financial_Forecast.xlsx","2026-01-25T03:00:00",1
"EMP052","Finance Analyst","Database_Credentials_List.txt","2026-01-26T04:11:00",1
"EMP053","Developer","Private_Key_Dump.txt","2026-01-27T05:22:00",1
"EMP054","Intern","Payroll_Data_Confidential.xlsx","2026-01-28T23:33:00",1
"EMP055","Employee","Source_Code_Archive_Restricted.zip","2026-01-01T00:44:00",1
"EMP056","HR Manager","Customer_PII_Export.csv","2026-01-02T01:55:00",1
"EMP057","Finance Analyst","Top_Secret_Financial_Forecast.xlsx","2026-01-03T02:06:00",1
"EMP058","Developer","Database_Credentials_List.txt","2026-01-04T03:17:00",1
"EMP059","Intern","Private_Key_Dump.txt","2026-01-05T04:28:00",1
"EMP060","Employee","Payroll_Data_Confidential.xlsx","2026-01-06T05:39:00",1
"EMP061","HR Manager","Source_Code_Archive_Restricted.zip","2026-01-07T23:50:00",1
"EMP062","Finance Analyst","Customer_PII_Export.csv","2026-01-08T00:01:00",1
"EMP063","Developer","Top_Secret_Financial_Forecast.xlsx","2026-01-09T01:12:00",1
"EMP064","Intern","Database_Credentials_List.txt","2026-01-10T02:23:00",1
"EMP065","Employee","Private_Key_Dump.txt","2026-01-11T03:34:00",1
"EMP066","HR Manager","Payroll_Data_Confidential.xlsx","2026-01-12T04:45:00",1
"EMP067","Finance Analyst","Source_Code_Archive_Restricted.zip","2026-01-13T05:56:00",1
"EMP068","Developer","Customer_PII_Export.csv","2026-01-14T23:07:00",1
"EMP069","Intern","Top_Secret_Financial_Forecast.xlsx","2026-01-15T00:18:00",1
"EMP070","Employee","Database_Credentials_List.txt","2026-01-16T01:29:00",1
"EMP071","HR Manager","Private_Key_Dump.txt","2026-01-17T02:40:00",1
"EMP072","Finance Analyst","Payroll_Data_Confidential.xlsx","2026-01-18T03:51:00",1
"EMP073","Developer","Source_Code_Archive_Restricted.zip","2026-01-19T04:02:00",1
"EMP074","Intern","Customer_PII_Export.csv","2026-01-20T05:13:00",1
"EMP075","Employee","Top_Secret_Financial_Forecast.xlsx","2026-01-21T23:24:00",1
"EMP041","HR Manager","Database_Credentials_List.txt","2026-01-22T00:35:00",1
"EMP042","Finance Analyst","Private_Key_Dump.txt","2026-01-23T01:46:00",1
"EMP043","Developer","Payroll_Data_Confidential.xlsx","2026-01-24T02:57:00",1
"EMP044","Intern","Source_Code_Archive_Restricted.zip","2026-01-25T03:08:00",1
"EMP045","Employee","Customer_PII_Export.csv","2026-01-26T04:19:00",1
"EMP046","HR Manager","Top_Secret_Financial_Forecast.xlsx","2026-01-27T05:30:00",1
"EMP047","Finance Analyst","Database_Credentials_List.txt","2026-01-28T23:41:00",1
"EMP048","Developer","Private_Key_Dump.txt","2026-01-01T00:52:00",1
"EMP049","Intern","Payroll_Data_Confidential.xlsx","2026-01-02T01:03:00",1
"EMP050","Employee","Source_Code_Archive_Restricted.zip","2026-01-03T02:14:00",1
"EMP051","HR Manager","Customer_PII_Export.csv","2026-01-04T03:25:00",1
"EMP052","Finance Analyst","Top_Secret_Financial_Forecast.xlsx","2026-01-05T04:36:00",1
"EMP053","Developer","Database_Credentials_List.txt","2026-01-06T05:47:00",1
"EMP054","Intern","Private_Key_Dump.txt","2026-01-07T23:58:00",1
"EMP055","Employee","Payroll_Data_Confidential.xlsx","2026-01-08T00:09:00",1
"EMP056","HR Manager","Source_Code_Archive_Restricted.zip","2026-01-09T01:20:00",1
"EMP057","Finance Analyst","Customer_PII_Export.csv","2026-01-10T02:31:00",1
"EMP058","Developer","Top_Secret_Financial_Forecast.xlsx","2026-01-11T03:42:00",1
"EMP059","Intern","Database_Credentials_List.txt","2026-01-12T04:53:00",1
"EMP060","Employee","Private_Key_Dump.txt","2026-01-13T05:04:00",1
"EMP061","HR Manager","Payroll_Data_Confidential.xlsx","2026-01-14T23:15:00",1
"EMP062","Finance Analyst","Source_Code_Archive_Restricted.zip","2026-01-15T00:26:00",1
"EMP063","Developer","Customer_PII_Export.csv","2026-01-16T01:37:00",1
"EMP064","Intern","Top_Secret_Financial_Forecast.xlsx","2026-01-17T02:48:00",1
"EMP065","Employee","Database_Credentials_List.txt","2026-01-18T03:59:00",1
"EMP066","HR Manager","Private_Key_Dump.txt","2026-01-19T04:10:00",1
"EMP067","Finance Analyst","Payroll_Data_Confidential.xlsx","2026-01-20T05:21:00",1
"EMP068","Developer","Source_Code_Archive_Restricted.zip","2026-01-21T23:32:00",1
"EMP069","Intern","Customer_PII_Export.csv","2026-01-22T00:43:00",1
"EMP070","Employee","Top_Secret_Financial_Forecast.xlsx","2026-01-23T01:54:00",1
"EMP071","HR Manager","Database_Credentials_List.txt","2026-01-24T02:05:00",1
"EMP072","Finance Analyst","Private_Key_Dump.txt","2026-01-25T03:16:00",1
"EMP073","Developer","Payroll_Data_Confidential.xlsx","2026-01-26T04:27:00",1
"EMP074","Intern","Source_Code_Archive_Restricted.zip","2026-01-27T05:38:00",1
"EMP075","Employee","Customer_PII_Export.csv","2026-01-28T23:49:00",1
"EMP041","HR Manager","Top_Secret_Financial_Forecast.xlsx","2026-01-01T00:00:00",1
"EMP042","Finance Analyst","Database_Credentials_List.txt","2026-01-02T01:11:00",1
"EMP043","Developer","Private_Key_Dump.txt","2026-01-03T02:22:00",1
"EMP044","Intern","Payroll_Data_Confidential.xlsx","2026-01-04T03:33:00",1
"EMP045","Employee","Source_Code_Archive_Restricted.zip","2026-01-05T04:44:00",1
"EMP046","HR Manager","Customer_PII_Export.csv","2026-01-06T05:55:00",1
"EMP047","Finance Analyst","Top_Secret_Financial_Forecast.xlsx","2026-01-07T23:06:00",1
"EMP048","Developer","Database_Credentials_List.txt","2026-01-08T00:17:00",1
"EMP049","Intern","Private_Key_Dump.txt","2026-01-09T01:28:00",1
"EMP050","Employee","Payroll_Data_Confidential.xlsx","2026-01-10T02:39:00",1
"EMP051","HR Manager","Source_Code_Archive_Restricted.zip","2026-01-11T03:50:00",1
"EMP052","Finance Analyst","Customer_PII_Export.csv","2026-01-12T04:01:00",1
"EMP053","Developer","Top_Secret_Financial_Forecast.xlsx","2026-01-13T05:12:00",1
"EMP054","Intern","Database_Credentials_List.txt","2026-01-14T23:23:00",1
"EMP055","Employee","Private_Key_Dump.txt","2026-01-15T00:34:00",1
"EMP056","HR Manager","Payroll_Data_Confidential.xlsx","2026-01-16T01:45:00",1
"EMP057","Finance Analyst","Source_Code_Archive_Restricted.zip","2026-01-17T02:56:00",1
"EMP058","Developer","Customer_PII_Export.csv","2026-01-18T03:07:00",1
"EMP059","Intern","Top_Secret_Financial_Forecast.xlsx","2026-01-19T04:18:00",1
"EMP060","Employee","Database_Credentials_List.txt","2026-01-20T05:29:00",1
"EMP061","HR Manager","Private_Key_Dump.txt","2026-01-21T23:40:00",1
"EMP062","Finance Analyst","Payroll_Data_Confidential.xlsx","2026-01-22T00:51:00",1
"EMP063","Developer","Source_Code_Archive_Restricted.zip","2026-01-23T01:02:00",1
"EMP064","Intern","Customer_PII_Export.csv","2026-01-24T02:13:00",1
"EMP065","Employee","Top_Secret_Financial_Forecast.xlsx","2026-01-25T03:24:00",1
"EMP066","HR Manager","Database_Credentials_List.txt","2026-01-26T04:35:00",1
"EMP067","Finance Analyst","Private_Key_Dump.txt","2026-01-27T05:46:00",1
"EMP068","Developer","Payroll_Data_Confidential.xlsx","2026-01-28T23:57:00",1
"EMP069","Intern","Source_Code_Archive_Restricted.zip","2026-01-01T00:08:00",1
"EMP070","Employee","Customer_PII_Export.csv","2026-01-02T01:19:00",1
"EMP071","HR Manager","Top_Secret_Financial_Forecast.xlsx","2026-01-03T02:30:00",1
"EMP072","Finance Analyst","Database_Credentials_List.txt","2026-01-04T03:41:00",1
"EMP073","Developer","Private_Key_Dump.txt","2026-01-05T04:52:00",1
"EMP074","Intern","Payroll_Data_Confidential.xlsx","2026-01-06T05:03:00",1
"EMP075","Employee","Source_Code_Archive_Restricted.zip","2026-01-07T23:14:00",1
"EMP041","HR Manager","Customer_PII_Export.csv","2026-01-08T00:25:00",1
"EMP042","Finance Analyst","Top_Secret_Financial_Forecast.xlsx","2026-01-09T01:36:00",1
"EMP043","Developer","Database_Credentials_List.txt","2026-01-10T02:47:00",1
"EMP044","Intern","Private_Key_Dump.txt","2026-01-11T03:58:00",1
"EMP045","Employee","Payroll_Data_Confidential.xlsx","2026-01-12T04:09:00",1
"EMP046","HR Manager","Source_Code_Archive_Restricted.zip","2026-01-13T05:20:00",1
"EMP047","Finance Analyst","Customer_PII_Export.csv","2026-01-14T23:31:00",1
"EMP048","Developer","Top_Secret_Financial_Forecast.xlsx","2026-01-15T00:42:00",1
"EMP049","Intern","Database_Credentials_List.txt","2026-01-16T01:53:00",1
"EMP050","Employee","Private_Key_Dump.txt","2026-01-17T02:04:00",1
"EMP051","HR Manager","Payroll_Data_Confidential.xlsx","2026-01-18T03:15:00",1
"EMP052","Finance Analyst","Source_Code_Archive_Restricted.zip","2026-01-19T04:26:00",1
"EMP053","Developer","Customer_PII_Export.csv","2026-01-20T05:37:00",1
"EMP054","Intern","Top_Secret_Financial_Forecast.xlsx","2026-01-21T23:48:00",1
"EMP055","Employee","Database_Credentials_List.txt","2026-01-22T00:59:00",1
"EMP056","HR Manager","Private_Key_Dump.txt","2026-01-23T01:10:00",1
"EMP057","Finance Analyst","Payroll_Data_Confidential.xlsx","2026-01-24T02:21:00",1
"EMP058","Developer","Source_Code_Archive_Restricted.zip","2026-01-25T03:32:00",1
"EMP059","Intern","Customer_PII_Export.csv","2026-01-26T04:43:00",1
"EMP060","Employee","Top_Secret_Financial_Forecast.xlsx","2026-01-27T05:54:00",1
"EMP061","HR Manager","Database_Credentials_List.txt","2026-01-28T23:05:00",1
"EMP062","Finance Analyst","Private_Key_Dump.txt","2026-01-01T00:16:00",1
"EMP063","Developer","Payroll_Data_Confidential.xlsx","2026-01-02T01:27:00",1
"EMP064","Intern","Source_Code_Archive_Restricted.zip","2026-01-03T02:38:00",1
"EMP065","Employee","Customer_PII_Export.csv","2026-01-04T03:49:00",1
"EMP066","HR Manager","Top_Secret_Financial_Forecast.xlsx","2026-01-05T04:00:00",1
"EMP067","Finance Analyst","Database_Credentials_List.txt","2026-01-06T05:11:00",1
"EMP068","Developer","Private_Key_Dump.txt","2026-01-07T23:22:00",1
"EMP069","Intern","Payroll_Data_Confidential.xlsx","2026-01-08T00:33:00",1
"EMP070","Employee","Source_Code_Archive_Restricted.zip","2026-01-09T01:44:00",1
"EMP071","HR Manager","Customer_PII_Export.csv","2026-01-10T02:55:00",1
"EMP072","Finance Analyst","Top_Secret_Financial_Forecast.xlsx","2026-01-11T03:06:00",1
"EMP073","Developer","Database_Credentials_List.txt","2026-01-12T04:17:00",1
"EMP074","Intern","Private_Key_Dump.txt","2026-01-13T05:28:00",1
"EMP075","Employee","Payroll_Data_Confidential.xlsx","2026-01-14T23:39:00",1
"EMP041","HR Manager","Source_Code_Archive_Restricted.zip","2026-01-15T00:50:00",1
"EMP042","Finance Analyst","Customer_PII_Export.csv","2026-01-16T01:01:00",1
"EMP043","Developer","Top_Secret_Financial_Forecast.xlsx","2026-01-17T02:12:00",1
"EMP044","Intern","Database_Credentials_List.txt","2026-01-18T03:23:00",1
"EMP045","Employee","Private_Key_Dump.txt","2026-01-19T04:34:00",1
"EMP046","HR Manager","Payroll_Data_Confidential.xlsx","2026-01-20T05:45:00",1
"EMP047","Finance Analyst","Source_Code_Archive_Restricted.zip","2026-01-21T23:56:00",1
"EMP048","Developer","Customer_PII_Export.csv","2026-01-22T00:07:00",1
"EMP049","Intern","Top_Secret_Financial_Forecast.xlsx","2026-01-23T01:18:00",1
"EMP050","Employee","Database_Credentials_List.txt","2026-01-24T02:29:00",1
"EMP051","HR Manager","Private_Key_Dump.txt","2026-01-25T03:40:00",1
"EMP052","Finance Analyst","Payroll_Data_Confidential.xlsx","2026-01-26T04:51:00",1
"EMP053","Developer","Source_Code_Archive_Restricted.zip","2026-01-27T05:02:00",1
"EMP054","Intern","Customer_PII_Export.csv","2026-01-28T23:13:00",1
"EMP055","Employee","Top_Secret_Financial_Forecast.xlsx","2026-01-01T00:24:00",1
"EMP056","HR Manager","Database_Credentials_List.txt","2026-01-02T01:35:00",1
"EMP057","Finance Analyst","Private_Key_Dump.txt","2026-01-03T02:46:00",1
"EMP058","Developer","Payroll_Data_Confidential.xlsx","2026-01-04T03:57:00",1
"EMP059","Intern","Source_Code_Archive_Restricted.zip","2026-01-05T04:08:00",1
"EMP060","Employee","Customer_PII_Export.csv","2026-01-06T05:19:00",1
"EMP061","HR Manager","Top_Secret_Financial_Forecast.xlsx","2026-01-07T23:30:00",1
"EMP062","Finance Analyst","Database_Credentials_List.txt","2026-01-08T00:41:00",1
"EMP063","Developer","Private_Key_Dump.txt","2026-01-09T01:52:00",1
"EMP064","Intern","Payroll_Data_Confidential.xlsx","2026-01-10T02:03:00",1
"EMP065","Employee","Source_Code_Archive_Restricted.zip","2026-01-11T03:14:00",1
"EMP066","HR Manager","Customer_PII_Export.csv","2026-01-12T04:25:00",1
"EMP067","Finance Analyst","Top_Secret_Financial_Forecast.xlsx","2026-01-13T05:36:00",1
"EMP068","Developer","Database_Credentials_List.txt","2026-01-14T23:47:00",1
"EMP069","Intern","Private_Key_Dump.txt","2026-01-15T00:58:00",1
"EMP070","Employee","Payroll_Data_Confidential.xlsx","2026-01-16T01:09:00",1
"EMP071","HR Manager","Source_Code_Archive_Restricted.zip","2026-01-17T02:20:00",1
"EMP072","Finance Analyst","Customer_PII_Export.csv","2026-01-18T03:31:00",1
"EMP073","Developer","Top_Secret_Financial_Forecast.xlsx","2026-01-19T04:42:00",1
"EMP074","Intern","Database_Credentials_List.txt","2026-01-20T05:53:00",1
"EMP075","Employee","Private_Key_Dump.txt","2026-01-21T23:04:00",1
"EMP041","HR Manager","Payroll_Data_Confidential.xlsx","2026-01-22T00:15:00",1
"EMP042","Finance Analyst","Source_Code_Archive_Restricted.zip","2026-01-23T01:26:00",1
"EMP043","Developer","Customer_PII_Export.csv","2026-01-24T02:37:00",1
"EMP044","Intern","Top_Secret_Financial_Forecast.xlsx","2026-01-25T03:48:00",1
"EMP045","Employee","Database_Credentials_List.txt","2026-01-26T04:59:00",1
"EMP046","HR Manager","Private_Key_Dump.txt","2026-01-27T05:10:00",1
"EMP047","Finance Analyst","Payroll_Data_Confidential.xlsx","2026-01-28T23:21:00",1
"EMP048","Developer","Source_Code_Archive_Restricted.zip","2026-01-01T00:32:00",1
"EMP049","Intern","Customer_PII_Export.csv","2026-01-02T01:43:00",1
"EMP050","Employee","Top_Secret_Financial_Forecast.xlsx","2026-01-03T02:54:00",1
"EMP051","HR Manager","Database_Credentials_List.txt","2026-01-04T03:05:00",1
"EMP052","Finance Analyst","Private_Key_Dump.txt","2026-01-05T04:16:00",1
"EMP053","Developer","Payroll_Data_Confidential.xlsx","2026-01-06T05:27:00",1
"EMP054","Intern","Source_Code_Archive_Restricted.zip","2026-01-07T23:38:00",1
"EMP055","Employee","Customer_PII_Export.csv","2026-01-08T00:49:00",1
"EMP056","HR Manager","Top_Secret_Financial_Forecast.xlsx","2026-01-09T01:00:00",1
"EMP057","Finance Analyst","Database_Credentials_List.txt","2026-01-10T02:11:00",1
"EMP058","Developer","Private_Key_Dump.txt","2026-01-11T03:22:00",1
"EMP059","Intern","Payroll_Data_Confidential.xlsx","2026-01-12T04:33:00",1
"EMP060","Employee","Source_Code_Archive_Restricted.zip","2026-01-13T05:44:00",1
"EMP061","HR Manager","Customer_PII_Export.csv","2026-01-14T23:55:00",1
"EMP062","Finance Analyst","Top_Secret_Financial_Forecast.xlsx","2026-01-15T00:06:00",1
"EMP063","Developer","Database_Credentials_List.txt","2026-01-16T01:17:00",1
"EMP064","Intern","Private_Key_Dump.txt","2026-01-17T02:28:00",1
"EMP065","Employee","Payroll_Data_Confidential.xlsx","2026-01-18T03:39:00",1
"EMP066","HR Manager","Source_Code_Archive_Restricted.zip","2026-01-19T04:50:00",1
"EMP067","Finance Analyst","Customer_PII_Export.csv","2026-01-20T05:01:00",1
"EMP068","Developer","Top_Secret_Financial_Forecast.xlsx","2026-01-21T23:12:00",1
"EMP069","Intern","Database_Credentials_List.txt","2026-01-22T00:23:00",1
"EMP070","Employee","Private_Key_Dump.txt","2026-01-23T01:34:00",1
"EMP071","HR Manager","Payroll_Data_Confidential.xlsx","2026-01-24T02:45:00",1
"EMP072","Finance Analyst","Source_Code_Archive_Restricted.zip","2026-01-25T03:56:00",1
"EMP073","Developer","Customer_PII_Export.csv","2026-01-26T04:07:00",1
"EMP074","Intern","Top_Secret_Financial_Forecast.xlsx","2026-01-27T05:18:00",1
"EMP075","Employee","Database_Credentials_List.txt","2026-01-28T23:29:00",1
"EMP041","HR Manager","Private_Key_Dump.txt","2026-01-01T00:40:00",1
"EMP042","Finance Analyst","Payroll_Data_Confidential.xlsx","2026-01-02T01:51:00",1
"EMP043","Developer","Source_Code_Archive_Restricted.zip","2026-01-03T02:02:00",1
"EMP044","Intern","Customer_PII_Export.csv","2026-01-04T03:13:00",1
"EMP045","Employee","Top_Secret_Financial_Forecast.xlsx","2026-01-05T04:24:00",1
"EMP046","HR Manager","Database_Credentials_List.txt","2026-01-06T05:35:00",1
"EMP047","Finance Analyst","Private_Key_Dump.txt","2026-01-07T23:46:00",1
"EMP048","Developer","Payroll_Data_Confidential.xlsx","2026-01-08T00:57:00",1
"EMP049","Intern","Source_Code_Archive_Restricted.zip","2026-01-09T01:08:00",1
"EMP050","Employee","Customer_PII_Export.csv","2026-01-10T02:19:00",1
"EMP051","HR Manager","Top_Secret_Financial_Forecast.xlsx","2026-01-11T03:30:00",1
"EMP052","Finance Analyst","Database_Credentials_List.txt","2026-01-12T04:41:00",1
"EMP053","Developer","Private_Key_Dump.txt","2026-01-13T05:52:00",1
"EMP054","Intern","Payroll_Data_Confidential.xlsx","2026-01-14T23:03:00",1
"EMP055","Employee","Source_Code_Archive_Restricted.zip","2026-01-15T00:14:00",1
"EMP056","HR Manager","Customer_PII_Export.csv","2026-01-16T01:25:00",1
"EMP057","Finance Analyst","Top_Secret_Financial_Forecast.xlsx","2026-01-17T02:36:00",1
"EMP058","Developer","Database_Credentials_List.txt","2026-01-18T03:47:00",1
"EMP059","Intern","Private_Key_Dump.txt","2026-01-19T04:58:00",1
"EMP060","Employee","Payroll_Data_Confidential.xlsx","2026-01-20T05:09:00",1
"EMP061","HR Manager","Source_Code_Archive_Restricted.zip","2026-01-21T23:20:00",1
"EMP062","Finance Analyst","Customer_PII_Export.csv","2026-01-22T00:31:00",1
"EMP063","Developer","Top_Secret_Financial_Forecast.xlsx","2026-01-23T01:42:00",1
"EMP064","Intern","Database_Credentials_List.txt","2026-01-24T02:53:00",1
"EMP065","Employee","Private_Key_Dump.txt","2026-01-25T03:04:00",1
"EMP066","HR Manager","Payroll_Data_Confidential.xlsx","2026-01-26T04:15:00",1
"EMP067","Finance Analyst","Source_Code_Archive_Restricted.zip","2026-01-27T05:26:00",1
"EMP068","Developer","Customer_PII_Export.csv","2026-01-28T23:37:00",1
"EMP069","Intern","Top_Secret_Financial_Forecast.xlsx","2026-01-01T00:48:00",1
"EMP070","Employee","Database_Credentials_List.txt","2026-01-02T01:59:00",1
"EMP071","HR Manager","Private_Key_Dump.txt","2026-01-03T02:10:00",1
"EMP072","Finance Analyst","Payroll_Data_Confidential.xlsx","2026-01-04T03:21:00",1
"EMP073","Developer","Source_Code_Archive_Restricted.zip","2026-01-05T04:32:00",1
"EMP074","Intern","Customer_PII_Export.csv","2026-01-06T05:43:00",1
"EMP075","Employee","Top_Secret_Financial_Forecast.xlsx","2026-01-07T23:54:00",1
"EMP041","HR Manager","Database_Credentials_List.txt","2026-01-08T00:05:00",1
"EMP042","Finance Analyst","Private_Key_Dump.txt","2026-01-09T01:16:00",1
"EMP043","Developer","Payroll_Data_Confidential.xlsx","2026-01-10T02:27:00",1
"EMP044","Intern","Source_Code_Archive_Restricted.zip","2026-01-11T03:38:00",1
"EMP045","Employee","Customer_PII_Export.csv","2026-01-12T04:49:00",1
"EMP046","HR Manager","Top_Secret_Financial_Forecast.xlsx","2026-01-13T05:00:00",1
"EMP047","Finance Analyst","Database_Credentials_List.txt","2026-01-14T23:11:00",1
"EMP048","Developer","Private_Key_Dump.txt","2026-01-15T00:22:00",1
"EMP049","Intern","Payroll_Data_Confidential.xlsx","2026-01-16T01:33:00",1
"EMP050","Employee","Source_Code_Archive_Restricted.zip","2026-01-17T02:44:00",1
"EMP051","HR Manager","Customer_PII_Export.csv","2026-01-18T03:55:00",1
"EMP052","Finance Analyst","Top_Secret_Financial_Forecast.xlsx","2026-01-19T04:06:00",1
"EMP053","Developer","Database_Credentials_List.txt","2026-01-20T05:17:00",1
"EMP054","Intern","Private_Key_Dump.txt","2026-01-21T23:28:00",1
"EMP055","Employee","Payroll_Data_Confidential.xlsx","2026-01-22T00:39:00",1
"EMP056","HR Manager","Source_Code_Archive_Restricted.zip","2026-01-23T01:50:00",1
"EMP057","Finance Analyst","Customer_PII_Export.csv","2026-01-24T02:01:00",1
"EMP058","Developer","Top_Secret_Financial_Forecast.xlsx","2026-01-25T03:12:00",1
"EMP059","Intern","Database_Credentials_List.txt","2026-01-26T04:23:00",1
"EMP060","Employee","Private_Key_Dump.txt","2026-01-27T05:34:00",1
"EMP061","HR Manager","Payroll_Data_Confidential.xlsx","2026-01-28T23:45:00",1
"EMP062","Finance Analyst","Source_Code_Archive_Restricted.zip","2026-01-01T00:56:00",1
"EMP063","Developer","Customer_PII_Export.csv","2026-01-02T01:07:00",1
"EMP064","Intern","Top_Secret_Financial_Forecast.xlsx","2026-01-03T02:18:00",1
"EMP065","Employee","Database_Credentials_List.txt","2026-01-04T03:29:00",1
"EMP066","HR Manager","Private_Key_Dump.txt","2026-01-05T04:40:00",1
"EMP067","Finance Analyst","Payroll_Data_Confidential.xlsx","2026-01-06T05:51:00",1
"EMP068","Developer","Source_Code_Archive_Restricted.zip","2026-01-07T23:02:00",1
"EMP069","Intern","Customer_PII_Export.csv","2026-01-08T00:13:00",1
"EMP070","Employee","Top_Secret_Financial_Forecast.xlsx","2026-01-09T01:24:00",1
"EMP071","HR Manager","Database_Credentials_List.txt","2026-01-10T02:35:00",1
"EMP072","Finance Analyst","Private_Key_Dump.txt","2026-01-11T03:46:00",1
"EMP073","Developer","Payroll_Data_Confidential.xlsx","2026-01-12T04:57:00",1
"EMP074","Intern","Source_Code_Archive_Restricted.zip","2026-01-13T05:08:00",1
"EMP075","Employee","Customer_PII_Export.csv","2026-01-14T23:19:00",1
"EMP041","HR Manager","Top_Secret_Financial_Forecast.xlsx","2026-01-15T00:30:00",1
"EMP042","Finance Analyst","Database_Credentials_List.txt","2026-01-16T01:41:00",1
"EMP043","Developer","Private_Key_Dump.txt","2026-01-17T02:52:00",1
"EMP044","Intern","Payroll_Data_Confidential.xlsx","2026-01-18T03:03:00",1
"EMP045","Employee","Source_Code_Archive_Restricted.zip","2026-01-19T04:14:00",1
"EMP046","HR Manager","Customer_PII_Export.csv","2026-01-20T05:25:00",1
"EMP047","Finance Analyst","Top_Secret_Financial_Forecast.xlsx","2026-01-21T23:36:00",1
"EMP048","Developer","Database_Credentials_List.txt","2026-01-22T00:47:00",1
"EMP049","Intern","Private_Key_Dump.txt","2026-01-23T01:58:00",1
"EMP050","Employee","Payroll_Data_Confidential.xlsx","2026-01-24T02:09:00",1
"EMP051","HR Manager","Source_Code_Archive_Restricted.zip","2026-01-25T03:20:00",1
"EMP052","Finance Analyst","Customer_PII_Export.csv","2026-01-26T04:31:00",1
"EMP053","Developer","Top_Secret_Financial_Forecast.xlsx","2026-01-27T05:42:00",1
"EMP054","Intern","Database_Credentials_List.txt","2026-01-28T23:53:00",1
"EMP055","Employee","Private_Key_Dump.txt","2026-01-01T00:04:00",1
"EMP056","HR Manager","Payroll_Data_Confidential.xlsx","2026-01-02T01:15:00",1
"EMP057","Finance Analyst","Source_Code_Archive_Restricted.zip","2026-01-03T02:26:00",1
"EMP058","Developer","Customer_PII_Export.csv","2026-01-04T03:37:00",1
"EMP059","Intern","Top_Secret_Financial_Forecast.xlsx","2026-01-05T04:48:00",1
"EMP060","Employee","Database_Credentials_List.txt","2026-01-06T05:59:00",1
"EMP061","HR Manager","Private_Key_Dump.txt","2026-01-07T23:10:00",1
"EMP062","Finance Analyst","Payroll_Data_Confidential.xlsx","2026-01-08T00:21:00",1
"EMP063","Developer","Source_Code_Archive_Restricted.zip","2026-01-09T01:32:00",1
"EMP064","Intern","Customer_PII_Export.csv","2026-01-10T02:43:00",1
"EMP065","Employee","Top_Secret_Financial_Forecast.xlsx","2026-01-11T03:54:00",1
"EMP066","HR Manager","Database_Credentials_List.txt","2026-01-12T04:05:00",1
"EMP067","Finance Analyst","Private_Key_Dump.txt","2026-01-13T05:16:00",1
"EMP068","Developer","Payroll_Data_Confidential.xlsx","2026-01-14T23:27:00",1
"EMP069","Intern","Source_Code_Archive_Restricted.zip","2026-01-15T00:38:00",1
"EMP070","Employee","Customer_PII_Export.csv","2026-01-16T01:49:00",1
"EMP071","HR Manager","Top_Secret_Financial_Forecast.xlsx","2026-01-17T02:00:00",1
"EMP072","Finance Analyst","Database_Credentials_List.txt","2026-01-18T03:11:00",1
"EMP073","Developer","Private_Key_Dump.txt","2026-01-19T04:22:00",1
"EMP074","Intern","Payroll_Data_Confidential.xlsx","2026-01-20T05:33:00",1
"EMP075","Employee","Source_Code_Archive_Restricted.zip","2026-01-21T23:44:00",1
"EMP041","HR Manager","Customer_PII_Export.csv","2026-01-22T00:55:00",1
"EMP042","Finance Analyst","Top_Secret_Financial_Forecast.xlsx","2026-01-23T01:06:00",1
"EMP043","Developer","Database_Credentials_List.txt","2026-01-24T02:17:00",1
"EMP044","Intern","Private_Key_Dump.txt","2026-01-25T03:28:00",1
"EMP045","Employee","Payroll_Data_Confidential.xlsx","2026-01-26T04:39:00",1
"EMP046","HR Manager","Source_Code_Archive_Restricted.zip","2026-01-27T05:50:00",1
"EMP047","Finance Analyst","Customer_PII_Export.csv","2026-01-28T23:01:00",1
"EMP048","Developer","Top_Secret_Financial_Forecast.xlsx","2026-01-01T00:12:00",1
"EMP049","Intern","Database_Credentials_List.txt","2026-01-02T01:23:00",1
"EMP050","Employee","Private_Key_Dump.txt","2026-01-03T02:34:00",1
"EMP051","HR Manager","Payroll_Data_Confidential.xlsx","2026-01-04T03:45:00",1
"EMP052","Finance Analyst","Source_Code_Archive_Restricted.zip","2026-01-05T04:56:00",1
"EMP053","Developer","Customer_PII_Export.csv","2026-01-06T05:07:00",1
"EMP054","Intern","Top_Secret_Financial_Forecast.xlsx","2026-01-07T23:18:00",1
"EMP055","Employee","Database_Credentials_List.txt","2026-01-08T00:29:00",1
"EMP056","HR Manager","Private_Key_Dump.txt","2026-01-09T01:40:00",1
"EMP057","Finance Analyst","Payroll_Data_Confidential.xlsx","2026-01-10T02:51:00",1
"EMP058","Developer","Source_Code_Archive_Restricted.zip","2026-01-11T03:02:00",1
"EMP059","Intern","Customer_PII_Export.csv","2026-01-12T04:13:00",1
"EMP060","Employee","Top_Secret_Financial_Forecast.xlsx","2026-01-13T05:24:00",1
"EMP061","HR Manager","Database_Credentials_List.txt","2026-01-14T23:35:00",1
"EMP062","Finance Analyst","Private_Key_Dump.txt","2026-01-15T00:46:00",1
"EMP063","Developer","Payroll_Data_Confidential.xlsx","2026-01-16T01:57:00",1
"EMP064","Intern","Source_Code_Archive_Restricted.zip","2026-01-17T02:08:00",1
"EMP065","Employee","Customer_PII_Export.csv","2026-01-18T03:19:00",1
"EMP066","HR Manager","Top_Secret_Financial_Forecast.xlsx","2026-01-19T04:30:00",1
"EMP067","Finance Analyst","Database_Credentials_List.txt","2026-01-20T05:41:00",1
"EMP068","Developer","Private_Key_Dump.txt","2026-01-21T23:52:00",1
"EMP069","Intern","Payroll_Data_Confidential.xlsx","2026-01-22T00:03:00",1
"EMP070","Employee","Source_Code_Archive_Restricted.zip","2026-01-23T01:14:00",1
"EMP071","HR Manager","Customer_PII_Export.csv","2026-01-24T02:25:00",1
"EMP072","Finance Analyst","Top_Secret_Financial_Forecast.xlsx","2026-01-25T03:36:00",1
"EMP073","Developer","Database_Credentials_List.txt","2026-01-26T04:47:00",1
"EMP074","Intern","Private_Key_Dump.txt","2026-01-27T05:58:00",1
"EMP075","Employee","Payroll_Data_Confidential.xlsx","2026-01-28T23:09:00",1
"EMP041","HR Manager","Source_Code_Archive_Restricted.zip","2026-01-01T00:20:00",1
"EMP042","Finance Analyst","Customer_PII_Export.csv","2026-01-02T01:31:00",1
"EMP043","Developer","Top_Secret_Financial_Forecast.xlsx","2026-01-03T02:42:00",1
"EMP044","Intern","Database_Credentials_List.txt","2026-01-04T03:53:00",1
"EMP045","Employee","Private_Key_Dump.txt","2026-01-05T04:04:00",1
"EMP046","HR Manager","Payroll_Data_Confidential.xlsx","2026-01-06T05:15:00",1
"EMP047","Finance Analyst","Source_Code_Archive_Restricted.zip","2026-01-07T23:26:00",1
"EMP048","Developer","Customer_PII_Export.csv","2026-01-08T00:37:00",1
"EMP049","Intern","Top_Secret_Financial_Forecast.xlsx","2026-01-09T01:48:00",1
"EMP050","Employee","Database_Credentials_List.txt","2026-01-10T02:59:00",1
"EMP051","HR Manager","Private_Key_Dump.txt","2026-01-11T03:10:00",1
"EMP052","Finance Analyst","Payroll_Data_Confidential.xlsx","2026-01-12T04:21:00",1
"EMP053","Developer","Source_Code_Archive_Restricted.zip","2026-01-13T05:32:00",1
"EMP054","Intern","Customer_PII_Export.csv","2026-01-14T23:43:00",1
"EMP055","Employee","Top_Secret_Financial_Forecast.xlsx","2026-01-15T00:54:00",1
"EMP056","HR Manager","Database_Credentials_List.txt","2026-01-16T01:05:00",1
"EMP057","Finance Analyst","Private_Key_Dump.txt","2026-01-17T02:16:00",1
"EMP058","Developer","Payroll_Data_Confidential.xlsx","2026-01-18T03:27:00",1
"EMP059","Intern","Source_Code_Archive_Restricted.zip","2026-01-19T04:38:00",1
"EMP060","Employee","Customer_PII_Export.csv","2026-01-20T05:49:00",1
"EMP061","HR Manager","Top_Secret_Financial_Forecast.xlsx","2026-01-21T23:00:00",1
"EMP062","Finance Analyst","Database_Credentials_List.txt","2026-01-22T00:11:00",1
"EMP063","Developer","Private_Key_Dump.txt","2026-01-23T01:22:00",1
"EMP064","Intern","Payroll_Data_Confidential.xlsx","2026-01-24T02:33:00",1
"EMP065","Employee","Source_Code_Archive_Restricted.zip","2026-01-25T03:44:00",1
"EMP066","HR Manager","Customer_PII_Export.csv","2026-01-26T04:55:00",1
"EMP067","Finance Analyst","Top_Secret_Financial_Forecast.xlsx","2026-01-27T05:06:00",1
"EMP068","Developer","Database_Credentials_List.txt","2026-01-28T23:17:00",1
"EMP069","Intern","Private_Key_Dump.txt","2026-01-01T00:28:00",1
"EMP070","Employee","Payroll_Data_Confidential.xlsx","2026-01-02T01:39:00",1
"EMP071","HR Manager","Source_Code_Archive_Restricted.zip","2026-01-03T02:50:00",1
"EMP072","Finance Analyst","Customer_PII_Export.csv","2026-01-04T03:01:00",1
"EMP073","Developer","Top_Secret_Financial_Forecast.xlsx","2026-01-05T04:12:00",1
"EMP074","Intern","Database_Credentials_List.txt","2026-01-06T05:23:00",1
"EMP075","Employee","Private_Key_Dump.txt","2026-01-07T23:34:00",1
"EMP041","HR Manager","Payroll_Data_Confidential.xlsx","2026-01-08T00:45:00",1
"EMP042","Finance Analyst","Source_Code_Archive_Restricted.zip","2026-01-09T01:56:00",1
"EMP043","Developer","Customer_PII_Export.csv","2026-01-10T02:07:00",1
"EMP044","Intern","Top_Secret_Financial_Forecast.xlsx","2026-01-11T03:18:00",1
"EMP045","Employee","Database_Credentials_List.txt","2026-01-12T04:29:00",1
"EMP046","HR Manager","Private_Key_Dump.txt","2026-01-13T05:40:00",1
"EMP047","Finance Analyst","Payroll_Data_Confidential.xlsx","2026-01-14T23:51:00",1
"EMP048","Developer","Source_Code_Archive_Restricted.zip","2026-01-15T00:02:00",1
"EMP049","Intern","Customer_PII_Export.csv","2026-01-16T01:13:00",1
"EMP050","Employee","Top_Secret_Financial_Forecast.xlsx","2026-01-17T02:24:00",1
"EMP051","HR Manager","Database_Credentials_List.txt","2026-01-18T03:35:00",1
"EMP052","Finance Analyst","Private_Key_Dump.txt","2026-01-19T04:46:00",1
"EMP053","Developer","Payroll_Data_Confidential.xlsx","2026-01-20T05:57:00",1
"EMP054","Intern","Source_Code_Archive_Restricted.zip","2026-01-21T23:08:00",1
"EMP055","Employee","Customer_PII_Export.csv","2026-01-22T00:19:00",1
"EMP056","HR Manager","Top_Secret_Financial_Forecast.xlsx","2026-01-23T01:30:00",1
"EMP057","Finance Analyst","Database_Credentials_List.txt","2026-01-24T02:41:00",1
"EMP058","Developer","Private_Key_Dump.txt","2026-01-25T03:52:00",1
"EMP059","Intern","Payroll_Data_Confidential.xlsx","2026-01-26T04:03:00",1
"EMP060","Employee","Source_Code_Archive_Restricted.zip","2026-01-27T05:14:00",1
"EMP061","HR Manager","Customer_PII_Export.csv","2026-01-28T23:25:00",1
"EMP062","Finance Analyst","Top_Secret_Financial_Forecast.xlsx","2026-01-01T00:36:00",1
"EMP063","Developer","Database_Credentials_List.txt","2026-01-02T01:47:00",1
"EMP064","Intern","Private_Key_Dump.txt","2026-01-03T02:58:00",1
"EMP065","Employee","Payroll_Data_Confidential.xlsx","2026-01-04T03:09:00",1
"EMP066","HR Manager","Source_Code_Archive_Restricted.zip","2026-01-05T04:20:00",1
"EMP067","Finance Analyst","Customer_PII_Export.csv","2026-01-06T05:31:00",1
"EMP068","Developer","Top_Secret_Financial_Forecast.xlsx","2026-01-07T23:42:00",1
"EMP069","Intern","Database_Credentials_List.txt","2026-01-08T00:53:00",1
"EMP070","Employee","Private_Key_Dump.txt","2026-01-09T01:04:00",1
"EMP071","HR Manager","Payroll_Data_Confidential.xlsx","2026-01-10T02:15:00",1
"EMP072","Finance Analyst","Source_Code_Archive_Restricted.zip","2026-01-11T03:26:00",1
"EMP073","Developer","Customer_PII_Export.csv","2026-01-12T04:37:00",1
"EMP074","Intern","Top_Secret_Financial_Forecast.xlsx","2026-01-13T05:48:00",1
"EMP075","Employee","Database_Credentials_List.txt","2026-01-14T23:59:00",1
"EMP041","HR Manager","Private_Key_Dump.txt","2026-01-15T00:10:00",1
"EMP042","Finance Analyst","Payroll_Data_Confidential.xlsx","2026-01-16T01:21:00",1
"EMP043","Developer","Source_Code_Archive_Restricted.zip","2026-01-17T02:32:00",1
"EMP044","Intern","Customer_PII_Export.csv","2026-01-18T03:43:00",1
"EMP045","Employee","Top_Secret_Financial_Forecast.xlsx","2026-01-19T04:54:00",1
"EMP046","HR Manager","Database_Credentials_List.txt","2026-01-20T05:05:00",1
"EMP047","Finance Analyst","Private_Key_Dump.txt","2026-01-21T23:16:00",1
"EMP048","Developer","Payroll_Data_Confidential.xlsx","2026-01-22T00:27:00",1
"EMP049","Intern","Source_Code_Archive_Restricted.zip","2026-01-23T01:38:00",1
"EMP050","Employee","Customer_PII_Export.csv","2026-01-24T02:49:00",1
"EMP051","HR Manager","Top_Secret_Financial_Forecast.xlsx","2026-01-25T03:00:00",1
"EMP052","Finance Analyst","Database_Credentials_List.txt","2026-01-26T04:11:00",1
"EMP053","Developer","Private_Key_Dump.txt","2026-01-27T05:22:00",1
"EMP054","Intern","Payroll_Data_Confidential.xlsx","2026-01-28T23:33:00",1
"EMP055","Employee","Source_Code_Archive_Restricted.zip","2026-01-01T00:44:00",1
"EMP056","HR Manager","Customer_PII_Export.csv","2026-01-02T01:55:00",1
"EMP057","Finance Analyst","Top_Secret_Financial_Forecast.xlsx","2026-01-03T02:06:00",1
"EMP058","Developer","Database_Credentials_List.txt","2026-01-04T03:17:00",1
"EMP059","Intern","Private_Key_Dump.txt","2026-01-05T04:28:00",1
"EMP060","Employee","Payroll_Data_Confidential.xlsx","2026-01-06T05:39:00",1
"EMP061","HR Manager","Source_Code_Archive_Restricted.zip","2026-01-07T23:50:00",1
"EMP062","Finance Analyst","Customer_PII_Export.csv","2026-01-08T00:01:00",1
"EMP063","Developer","Top_Secret_Financial_Forecast.xlsx","2026-01-09T01:12:00",1
"EMP064","Intern","Database_Credentials_List.txt","2026-01-10T02:23:00",1
"EMP065","Employee","Private_Key_Dump.txt","2026-01-11T03:34:00",1
"EMP066","HR Manager","Payroll_Data_Confidential.xlsx","2026-01-12T04:45:00",1
"EMP067","Finance Analyst","Source_Code_Archive_Restricted.zip","2026-01-13T05:56:00",1
"EMP068","Developer","Customer_PII_Export.csv","2026-01-14T23:07:00",1
"EMP069","Intern","Top_Secret_Financial_Forecast.xlsx","2026-01-15T00:18:00",1
"EMP070","Employee","Database_Credentials_List.txt","2026-01-16T01:29:00",1
