content,label
"engineering team update: weekly standup agenda; please review before end of day.",safe
"hr team update: approved payroll update; for your scheduled team discussion.",safe
"finance team update: deployment readiness note; shared for internal reference.",safe
"operations team update: onboarding checklist; aligned with current operating process.",safe
"product team update: policy reminder; as requested by leadership.",safe
"security team update: project review summary; please review before end of day.",safe
"support team update: meeting minutes; for your scheduled team discussion.",safe
"engineering team update: weekly standup agenda; shared for internal reference.",safe
"hr team update: approved payroll update; aligned with current operating process.",safe
"finance team update: deployment readiness note; as requested by leadership.",safe
"operations team update: onboarding checklist; please review before end of day.",safe
"product team update: policy reminder; for your scheduled team discussion.",safe
"security team update: project review summary; shared for internal reference.",safe
"support team update: meeting minutes; aligned with current operating process.",safe
"engineering team update: weekly standup agenda; as requested by leadership.",safe
"hr team update: approved payroll update; please review before end of day.",safe
"finance team update: deployment readiness note; for your scheduled team discussion.",safe
"operations team update: onboarding checklist; shared for internal reference.",safe
"product team update: policy reminder; aligned with current operating process.",safe
"security team update: project review summary; as requested by leadership.",safe
"support team update: meeting minutes; please review before end of day.",safe
"engineering team update: weekly standup agenda; for your scheduled team discussion.",safe
"hr team update: approved payroll update; shared for internal reference.",safe
"finance team update: deployment readiness note; aligned with current operating process.",safe
"operations team update: onboarding checklist; as requested by leadership.",safe
"product team update: policy reminder; please review before end of day.",safe
"security team update: project review summary; for your scheduled team discussion.",safe
"support team update: meeting minutes; shared for internal reference.",safe
"engineering team update: weekly standup agenda; aligned with current operating process.",safe
"hr team update: approved payroll update; as requested by leadership.",safe
"finance team update: deployment readiness note; please review before end of day.",safe
"operations team update: onboarding checklist; for your scheduled team discussion.",safe
"product team update: policy reminder; shared for internal reference.",safe
"security team update: project review summary; aligned with current operating process.",safe
"support team update: meeting minutes; as requested by leadership.",safe
"engineering team update: weekly standup agenda; please review before end of day.",safe
"hr team update: approved payroll update; for your scheduled team discussion.",safe
"finance team update: deployment readiness note; shared for internal reference.",safe
"operations team update: onboarding checklist; aligned with current operating process.",safe
"product team update: policy reminder; as requested by leadership.",safe
"security team update: project review summary; please review before end of day.",safe
"support team update: meeting minutes; for your scheduled team discussion.",safe
"engineering team update: weekly standup agenda; shared for internal reference.",safe
"hr team update: approved payroll update; aligned with current operating process.",safe
"finance team update: deployment readiness note; as requested by leadership.",safe
"operations team update: onboarding checklist; please review before end of day.",safe
"product team update: policy reminder; for your scheduled team discussion.",safe
"security team update: project review summary; shared for internal reference.",safe
"support team update: meeting minutes; aligned with current operating process.",safe
"engineering team update: weekly standup agenda; as requested by leadership.",safe
"hr team update: approved payroll update; please review before end of day.",safe
"finance team update: deployment readiness note; for your scheduled team discussion.",safe
"operations team update: onboarding checklist; shared for internal reference.",safe
"product team update: policy reminder; aligned with current operating process.",safe
"security team update: project review summary; as requested by leadership.",safe
"support team update: meeting minutes; please review before end of day.",safe
"engineering team update: weekly standup agenda; for your scheduled team discussion.",safe
"hr team update: approved payroll update; shared for internal reference.",safe
"finance team update: deployment readiness note; aligned with current operating process.",safe
"operations team update: onboarding checklist; as requested by leadership.",safe
"product team update: policy reminder; please review before end of day.",safe
"security team update: project review summary; for your scheduled team discussion.",safe
"support team update: meeting minutes; shared for internal reference.",safe
"engineering team update: weekly standup agenda; aligned with current operating process.",safe
"hr team update: approved payroll update; as requested by leadership.",safe
"finance team update: deployment readiness note; please review before end of day.",safe
"operations team update: onboarding checklist; for your scheduled team discussion.",safe
"product team update: policy reminder; shared for internal reference.",safe
"security team update: project review summary; aligned with current operating process.",safe
"support team update: meeting minutes; as requested by leadership.",safe
"engineering team update: weekly standup agenda; please review before end of day.",safe
"hr team update: approved payroll update; for your scheduled team discussion.",safe
"finance team update: deployment readiness note; shared for internal reference.",safe
"operations team update: onboarding checklist; aligned with current operating process.",safe
"product team update: policy reminder; as requested by leadership.",safe
"security team update: project review summary; please review before end of day.",safe
"support team update: meeting minutes; for your scheduled team discussion.",safe
"engineering team update: weekly standup agenda; shared for internal reference.",safe
"hr team update: approved payroll update; aligned with current operating process.",safe
"finance team update: deployment readiness note; as requested by leadership.",safe
"operations team update: onboarding checklist; please review before end of day.",safe
"product team update: policy reminder; for your scheduled team discussion.",safe
"security team update: project review summary; shared for internal reference.",safe
"support team update: meeting minutes; aligned with current operating process.",safe
"engineering team update: weekly standup agenda; as requested by leadership.",safe
"hr team update: approved payroll update; please review before end of day.",safe
"finance team update: deployment readiness note; for your scheduled team discussion.",safe
"operations team update: onboarding checklist; shared for internal reference.",safe
"product team update: policy reminder; aligned with current operating process.",safe
"security team update: project review summary; as requested by leadership.",safe
"support team update: meeting minutes; please review before end of day.",safe
"engineering team update: weekly standup agenda; for your scheduled team discussion.",safe
"hr team update: approved payroll update; shared for internal reference.",safe
"finance team update: deployment readiness note; aligned with current operating process.",safe
"operations team update: onboarding checklist; as requested by leadership.",safe
"product team update: policy reminder; please review before end of day.",safe
"security team update: project review summary; for your scheduled team discussion.",safe
"support team update: meeting minutes; shared for internal reference.",safe
"engineering team update: weekly standup agenda; aligned with current operating process.",safe
"hr team update: approved payroll update; as requested by leadership.",safe
"finance team update: deployment readiness note; please review before end of day.",safe
"operations team update: onboarding checklist; for your scheduled team discussion.",safe
"product team update: policy reminder; shared for internal reference.",safe
"security team update: project review summary; aligned with current operating process.",safe
"support team update: meeting minutes; as requested by leadership.",safe
"engineering team update: weekly standup agenda; please review before end of day.",safe
"hr team update: approved payroll update; for your scheduled team discussion.",safe
"finance team update: deployment readiness note; shared for internal reference.",safe
"operations team update: onboarding checklist; aligned with current operating process.",safe
"product team update: policy reminder; as requested by leadership.",safe
"security team update: project review summary; please review before end of day.",safe
"support team update: meeting minutes; for your scheduled team discussion.",safe
"engineering team update: weekly standup agenda; shared for internal reference.",safe
"hr team update: approved payroll update; aligned with current operating process.",safe
"finance team update: deployment readiness note; as requested by leadership.",safe
"operations team update: onboarding checklist; please review before end of day.",safe
"product team update: policy reminder; for your scheduled team discussion.",safe
"security team update: project review summary; shared for internal reference.",safe
"support team update: meeting minutes; aligned with current operating process.",safe
"engineering team update: weekly standup agenda; as requested by leadership.",safe
"hr team update: approved payroll update; please review before end of day.",safe
"finance team update: deployment readiness note; for your scheduled team discussion.",safe
"operations team update: onboarding checklist; shared for internal reference.",safe
"product team update: policy reminder; aligned with current operating process.",safe
"security team update: project review summary; as requested by leadership.",safe
"support team update: meeting minutes; please review before end of day.",safe
"engineering team update: weekly standup agenda; for your scheduled team discussion.",safe
"hr team update: approved payroll update; shared for internal reference.",safe
"finance team update: deployment readiness note; aligned with current operating process.",safe
"operations team update: onboarding checklist; as requested by leadership.",safe
"product team update: policy reminder; please review before end of day.",safe
"security team update: project review summary; for your scheduled team discussion.",safe
"support team update: meeting minutes; shared for internal reference.",safe
"engineering team update: weekly standup agenda; aligned with current operating process.",safe
"hr team update: approved payroll update; as requested by leadership.",safe
"finance team update: deployment readiness note; please review before end of day.",safe
"operations team update: onboarding checklist; for your scheduled team discussion.",safe
"product team update: policy reminder; shared for internal reference.",safe
"security team update: project review summary; aligned with current operating process.",safe
"support team update: meeting minutes; as requested by leadership.",safe
"engineering team update: weekly standup agenda; please review before end of day.",safe
"hr team update: approved payroll update; for your scheduled team discussion.",safe
"finance team update: deployment readiness note; shared for internal reference.",safe
"operations team update: onboarding checklist; aligned with current operating process.",safe
"product team update: policy reminder; as requested by leadership.",safe
"security team update: project review summary; please review before end of day.",safe
"support team update: meeting minutes; for your scheduled team discussion.",safe
"engineering team update: weekly standup agenda; shared for internal reference.",safe
"hr team update: approved payroll update; aligned with current operating process.",safe
"finance team update: deployment readiness note; as requested by leadership.",safe
"operations team update: onboarding checklist; please review before end of day.",safe
"product team update: policy reminder; for your scheduled team discussion.",safe
"security team update: project review summary; shared for internal reference.",safe
"support team update: meeting minutes; aligned with current operating process.",safe
"engineering team update: weekly standup agenda; as requested by leadership.",safe
"hr team update: approved payroll update; please review before end of day.",safe
"finance team update: deployment readiness note; for your scheduled team discussion.",safe
"operations team update: onboarding checklist; shared for internal reference.",safe
"product team update: policy reminder; aligned with current operating process.",safe
"security team update: project review summary; as requested by leadership.",safe
"support team update: meeting minutes; please review before end of day.",safe
"engineering team update: weekly standup agenda; for your scheduled team discussion.",safe
"hr team update: approved payroll update; shared for internal reference.",safe
"finance team update: deployment readiness note; aligned with current operating process.",safe
"operations team update: onboarding checklist; as requested by leadership.",safe
"product team update: policy reminder; please review before end of day.",safe
"security team update: project review summary; for your scheduled team discussion.",safe
"support team update: meeting minutes; shared for internal reference.",safe
"engineering team update: weekly standup agenda; aligned with current operating process.",safe
"hr team update: approved payroll update; as requested by leadership.",safe
"finance team update: deployment readiness note; please review before end of day.",safe
"operations team update: onboarding checklist; for your scheduled team discussion.",safe
"product team update: policy reminder; shared for internal reference.",safe
"security team update: project review summary; aligned with current operating process.",safe
"support team update: meeting minutes; as requested by leadership.",safe
"engineering team update: weekly standup agenda; please review before end of day.",safe
"hr team update: approved payroll update; for your scheduled team discussion.",safe
"finance team update: deployment readiness note; shared for internal reference.",safe
"operations team update: onboarding checklist; aligned with current operating process.",safe
"product team update: policy reminder; as requested by leadership.",safe
"security team update: project review summary; please review before end of day.",safe
"support team update: meeting minutes; for your scheduled team discussion.",safe
"engineering team update: weekly standup agenda; shared for internal reference.",safe
"hr team update: approved payroll update; aligned with current operating process.",safe
"finance team update: deployment readiness note; as requested by leadership.",safe
"operations team update: onboarding checklist; please review before end of day.",safe
"product team update: policy reminder; for your scheduled team discussion.",safe
"security team update: project review summary; shared for internal reference.",safe
"support team update: meeting minutes; aligned with current operating process.",safe
"engineering team update: weekly standup agenda; as requested by leadership.",safe
"hr team update: approved payroll update; please review before end of day.",safe
"finance team update: deployment readiness note; for your scheduled team discussion.",safe
"operations team update: onboarding checklist; shared for internal reference.",safe
"product team update: policy reminder; aligned with current operating process.",safe
"security team update: project review summary; as requested by leadership.",safe
"support team update: meeting minutes; please review before end of day.",safe
"engineering team update: weekly standup agenda; for your scheduled team discussion.",safe
"hr team update: approved payroll update; shared for internal reference.",safe
"finance team update: deployment readiness note; aligned with current operating process.",safe
"operations team update: onboarding checklist; as requested by leadership.",safe
"product team update: policy reminder; please review before end of day.",safe
"security team update: project review summary; for your scheduled team discussion.",safe
"support team update: meeting minutes; shared for internal reference.",safe
"engineering team update: weekly standup agenda; aligned with current operating process.",safe
"hr team update: approved payroll update; as requested by leadership.",safe
"finance team update: deployment readiness note; please review before end of day.",safe
"operations team update: onboarding checklist; for your scheduled team discussion.",safe
"product team update: policy reminder; shared for internal reference.",safe
"security team update: project review summary; aligned with current operating process.",safe
"support team update: meeting minutes; as requested by leadership.",safe
"engineering team update: weekly standup agenda; please review before end of day.",safe
"hr team update: approved payroll update; for your scheduled team discussion.",safe
"finance team update: deployment readiness note; shared for internal reference.",safe
"operations team update: onboarding checklist; aligned with current operating process.",safe
"product team update: policy reminder; as requested by leadership.",safe
"security team update: project review summary; please review before end of day.",safe
"support team update: meeting minutes; for your scheduled team discussion.",safe
"engineering team update: weekly standup agenda; shared for internal reference.",safe
"hr team update: approved payroll update; aligned with current operating process.",safe
"finance team update: deployment readiness note; as requested by leadership.",safe
"operations team update: onboarding checklist; please review before end of day.",safe
"product team update: policy reminder; for your scheduled team discussion.",safe
"security team update: project review summary; shared for internal reference.",safe
"support team update: meeting minutes; aligned with current operating process.",safe
"engineering team update: weekly standup agenda; as requested by leadership.",safe
"hr team update: approved payroll update; please review before end of day.",safe
"finance team update: deployment readiness note; for your scheduled team discussion.",safe
"operations team update: onboarding checklist; shared for internal reference.",safe
"product team update: policy reminder; aligned with current operating process.",safe
"security team update: project review summary; as requested by leadership.",safe
"support team update: meeting minutes; please review before end of day.",safe
"engineering team update: weekly standup agenda; for your scheduled team discussion.",safe
"hr team update: approved payroll update; shared for internal reference.",safe
"finance team update: deployment readiness note; aligned with current operating process.",safe
"operations team update: onboarding checklist; as requested by leadership.",safe
"product team update: policy reminder; please review before end of day.",safe
"security team update: project review summary; for your scheduled team discussion.",safe
"support team update: meeting minutes; shared for internal reference.",safe
"engineering team update: weekly standup agenda; aligned with current operating process.",safe
"hr team update: approved payroll update; as requested by leadership.",safe
"finance team update: deployment readiness note; please review before end of day.",safe
"operations team update: onboarding checklist; for your scheduled team discussion.",safe
"product team update: policy reminder; shared for internal reference.",safe
"security team update: project review summary; aligned with current operating process.",safe
"support team update: meeting minutes; as requested by leadership.",safe
"engineering team update: weekly standup agenda; please review before end of day.",safe
"hr team update: approved payroll update; for your scheduled team discussion.",safe
"finance team update: deployment readiness note; shared for internal reference.",safe
"operations team update: onboarding checklist; aligned with current operating process.",safe
"product team update: policy reminder; as requested by leadership.",safe
"security team update: project review summary; please review before end of day.",safe
"support team update: meeting minutes; for your scheduled team discussion.",safe
"engineering team update: weekly standup agenda; shared for internal reference.",safe
"hr team update: approved payroll update; aligned with current operating process.",safe
"finance team update: deployment readiness note; as requested by leadership.",safe
"operations team update: onboarding checklist; please review before end of day.",safe
"product team update: policy reminder; for your scheduled team discussion.",safe
"security team update: project review summary; shared for internal reference.",safe
"support team update: meeting minutes; aligned with current operating process.",safe
"engineering team update: weekly standup agenda; as requested by leadership.",safe
"hr team update: approved payroll update; please review before end of day.",safe
"finance team update: deployment readiness note; for your scheduled team discussion.",safe
"operations team update: onboarding checklist; shared for internal reference.",safe
"product team update: policy reminder; aligned with current operating process.",safe
"security team update: project review summary; as requested by leadership.",safe
"support team update: meeting minutes; please review before end of day.",safe
"engineering team update: weekly standup agenda; for your scheduled team discussion.",safe
"hr team update: approved payroll update; shared for internal reference.",safe
"finance team update: deployment readiness note; aligned with current operating process.",safe
"operations team update: onboarding checklist; as requested by leadership.",safe
"product team update: policy reminder; please review before end of day.",safe
"security team update: project review summary; for your scheduled team discussion.",safe
"support team update: meeting minutes; shared for internal reference.",safe
"engineering team update: weekly standup agenda; aligned with current operating process.",safe
"hr team update: approved payroll update; as requested by leadership.",safe
"finance team update: deployment readiness note; please review before end of day.",safe
"operations team update: onboarding checklist; for your scheduled team discussion.",safe
"product team update: policy reminder; shared for internal reference.",safe
"security team update: project review summary; aligned with current operating process.",safe
"support team update: meeting minutes; as requested by leadership.",safe
"engineering team update: weekly standup agenda; please review before end of day.",safe
"hr team update: approved payroll update; for your scheduled team discussion.",safe
"finance team update: deployment readiness note; shared for internal reference.",safe
"operations team update: onboarding checklist; aligned with current operating process.",safe
"product team update: policy reminder; as requested by leadership.",safe
"security team update: project review summary; please review before end of day.",safe
"support team update: meeting minutes; for your scheduled team discussion.",safe
"engineering team update: weekly standup agenda; shared for internal reference.",safe
"hr team update: approved payroll update; aligned with current operating process.",safe
"finance team update: deployment readiness note; as requested by leadership.",safe
"operations team update: onboarding checklist; please review before end of day.",safe
"product team update: policy reminder; for your scheduled team discussion.",safe
"security team update: project review summary; shared for internal reference.",safe
"support team update: meeting minutes; aligned with current operating process.",safe
"engineering team update: weekly standup agenda; as requested by leadership.",safe
"hr team update: approved payroll update; please review before end of day.",safe
"finance team update: deployment readiness note; for your scheduled team discussion.",safe
"operations team update: onboarding checklist; shared for internal reference.",safe
"product team update: policy reminder; aligned with current operating process.",safe
"security team update: project review summary; as requested by leadership.",safe
"support team update: meeting minutes; please review before end of day.",safe
"engineering team update: weekly standup agenda; for your scheduled team discussion.",safe
"hr team update: approved payroll update; shared for internal reference.",safe
"finance team update: deployment readiness note; aligned with current operating process.",safe
"operations team update: onboarding checklist; as requested by leadership.",safe
"product team update: policy reminder; please review before end of day.",safe
"security team update: project review summary; for your scheduled team discussion.",safe
"support team update: meeting minutes; shared for internal reference.",safe
"engineering team update: weekly standup agenda; aligned with current operating process.",safe
"hr team update: approved payroll update; as requested by leadership.",safe
"finance team update: deployment readiness note; please review before end of day.",safe
"operations team update: onboarding checklist; for your scheduled team discussion.",safe
"product team update: policy reminder; shared for internal reference.",safe
"security team update: project review summary; aligned with current operating process.",safe
"support team update: meeting minutes; as requested by leadership.",safe
"engineering team update: weekly standup agenda; please review before end of day.",safe
"hr team update: approved payroll update; for your scheduled team discussion.",safe
"finance team update: deployment readiness note; shared for internal reference.",safe
"operations team update: onboarding checklist; aligned with current operating process.",safe
"product team update: policy reminder; as requested by leadership.",safe
"security team update: project review summary; please review before end of day.",safe
"support team update: meeting minutes; for your scheduled team discussion.",safe
"engineering team update: weekly standup agenda; shared for internal reference.",safe
"hr team update: approved payroll update; aligned with current operating process.",safe
"finance team update: deployment readiness note; as requested by leadership.",safe
"operations team update: onboarding checklist; please review before end of day.",safe
"product team update: policy reminder; for your scheduled team discussion.",safe
"security team update: project review summary; shared for internal reference.",safe
"support team update: meeting minutes; aligned with current operating process.",safe
"engineering team update: weekly standup agenda; as requested by leadership.",safe
"hr team update: approved payroll update; please review before end of day.",safe
"finance team update: deployment readiness note; for your scheduled team discussion.",safe
"operations team update: onboarding checklist; shared for internal reference.",safe
"product team update: policy reminder; aligned with current operating process.",safe
"security team update: project review summary; as requested by leadership.",safe
"support team update: meeting minutes; please review before end of day.",safe
"engineering team update: weekly standup agenda; for your scheduled team discussion.",safe
"hr team update: approved payroll update; shared for internal reference.",safe
"finance team update: deployment readiness note; aligned with current operating process.",safe
"operations team update: onboarding checklist; as requested by leadership.",safe
"product team update: policy reminder; please review before end of day.",safe
"security team update: project review summary; for your scheduled team discussion.",safe
"support team update: meeting minutes; shared for internal reference.",safe
"engineering team update: weekly standup agenda; aligned with current operating process.",safe
"hr team update: approved payroll update; as requested by leadership.",safe
"finance team update: deployment readiness note; please review before end of day.",safe
"operations team update: onboarding checklist; for your scheduled team discussion.",safe
"product team update: policy reminder; shared for internal reference.",safe
"security team update: project review summary; aligned with current operating process.",safe
"support team update: meeting minutes; as requested by leadership.",safe
"engineering team update: weekly standup agenda; please review before end of day.",safe
"hr team update: approved payroll update; for your scheduled team discussion.",safe
"finance team update: deployment readiness note; shared for internal reference.",safe
"operations team update: onboarding checklist; aligned with current operating process.",safe
"product team update: policy reminder; as requested by leadership.",safe
"security team update: project review summary; please review before end of day.",safe
"support team update: meeting minutes; for your scheduled team discussion.",safe
"engineering team update: weekly standup agenda; shared for internal reference.",safe
"hr team update: approved payroll update; aligned with current operating process.",safe
"finance team update: deployment readiness note; as requested by leadership.",safe
"operations team update: onboarding checklist; please review before end of day.",safe
"product team update: policy reminder; for your scheduled team discussion.",safe
"security team update: project review summary; shared for internal reference.",safe
"support team update: meeting minutes; aligned with current operating process.",safe
"engineering team update: weekly standup agenda; as requested by leadership.",safe
"hr team update: approved payroll update; please review before end of day.",safe
"finance team update: deployment readiness note; for your scheduled team discussion.",safe
"operations team update: onboarding checklist; shared for internal reference.",safe
"product team update: policy reminder; aligned with current operating process.",safe
"security team update: project review summary; as requested by leadership.",safe
"support team update: meeting minutes; please review before end of day.",safe
"engineering team update: weekly standup agenda; for your scheduled team discussion.",safe
"hr team update: approved payroll update; shared for internal reference.",safe
"finance team update: deployment readiness note; aligned with current operating process.",safe
"operations team update: onboarding checklist; as requested by leadership.",safe
"product team update: policy reminder; please review before end of day.",safe
"security team update: project review summary; for your scheduled team discussion.",safe
"support team update: meeting minutes; shared for internal reference.",safe
"engineering team update: weekly standup agenda; aligned with current operating process.",safe
"hr team update: approved payroll update; as requested by leadership.",safe
"finance team update: deployment readiness note; please review before end of day.",safe
"operations team update: onboarding checklist; for your scheduled team discussion.",safe
"product team update: policy reminder; shared for internal reference.",safe
"security team update: project review summary; aligned with current operating process.",safe
"support team update: meeting minutes; as requested by leadership.",safe
"engineering team update: weekly standup agenda; please review before end of day.",safe
"hr team update: approved payroll update; for your scheduled team discussion.",safe
"finance team update: deployment readiness note; shared for internal reference.",safe
"operations team update: onboarding checklist; aligned with current operating process.",safe
"product team update: policy reminder; as requested by leadership.",safe
"security team update: project review summary; please review before end of day.",safe
"support team update: meeting minutes; for your scheduled team discussion.",safe
"engineering team update: weekly standup agenda; shared for internal reference.",safe
"hr team update: approved payroll update; aligned with current operating process.",safe
"finance team update: deployment readiness note; as requested by leadership.",safe
"operations team update: onboarding checklist; please review before end of day.",safe
"product team update: policy reminder; for your scheduled team discussion.",safe
"security team update: project review summary; shared for internal reference.",safe
"support team update: meeting minutes; aligned with current operating process.",safe
"engineering team update: weekly standup agenda; as requested by leadership.",safe
"hr team update: approved payroll update; please review before end of day.",safe
"finance team update: deployment readiness note; for your scheduled team discussion.",safe
"operations team update: onboarding checklist; shared for internal reference.",safe
"product team update: policy reminder; aligned with current operating process.",safe
"security team update: project review summary; as requested by leadership.",safe
"support team update: meeting minutes; please review before end of day.",safe
"engineering team update: weekly standup agenda; for your scheduled team discussion.",safe
"hr team update: approved payroll update; shared for internal reference.",safe
"finance team update: deployment readiness note; aligned with current operating process.",safe
"operations team update: onboarding checklist; as requested by leadership.",safe
"product team update: policy reminder; please review before end of day.",safe
"security team update: project review summary; for your scheduled team discussion.",safe
"support team update: meeting minutes; shared for internal reference.",safe
"engineering team update: weekly standup agenda; aligned with current operating process.",safe
"hr team update: approved payroll update; as requested by leadership.",safe
"finance team update: deployment readiness note; please review before end of day.",safe
"operations team update: onboarding checklist; for your scheduled team discussion.",safe
"product team update: policy reminder; shared for internal reference.",safe
"security team update: project review summary; aligned with current operating process.",safe
"support team update: meeting minutes; as requested by leadership.",safe
"engineering team update: weekly standup agenda; please review before end of day.",safe
"hr team update: approved payroll update; for your scheduled team discussion.",safe
"finance team update: deployment readiness note; shared for internal reference.",safe
"operations team update: onboarding checklist; aligned with current operating process.",safe
"product team update: policy reminder; as requested by leadership.",safe
"security team update: project review summary; please review before end of day.",safe
"support team update: meeting minutes; for your scheduled team discussion.",safe
"engineering team update: weekly standup agenda; shared for internal reference.",safe
"hr team update: approved payroll update; aligned with current operating process.",safe
"finance team update: deployment readiness note; as requested by leadership.",safe
"operations team update: onboarding checklist; please review before end of day.",safe
"product team update: policy reminder; for your scheduled team discussion.",safe
"security team update: project review summary; shared for internal reference.",safe
"support team update: meeting minutes; aligned with current operating process.",safe
"engineering team update: weekly standup agenda; as requested by leadership.",safe
"hr team update: approved payroll update; please review before end of day.",safe
"finance team update: deployment readiness note; for your scheduled team discussion.",safe
"operations team update: onboarding checklist; shared for internal reference.",safe
"product team update: policy reminder; aligned with current operating process.",safe
"security team update: project review summary; as requested by leadership.",safe
"support team update: meeting minutes; please review before end of day.",safe
"engineering team update: weekly standup agenda; for your scheduled team discussion.",safe
"hr team update: approved payroll update; shared for internal reference.",safe
"finance team update: deployment readiness note; aligned with current operating process.",safe
"operations team update: onboarding checklist; as requested by leadership.",safe
"product team update: policy reminder; please review before end of day.",safe
"security team update: project review summary; for your scheduled team discussion.",safe
"support team update: meeting minutes; shared for internal reference.",safe
"engineering team update: weekly standup agenda; aligned with current operating process.",safe
"hr team update: approved payroll update; as requested by leadership.",safe
"finance team update: deployment readiness note; please review before end of day.",safe
"operations team update: onboarding checklist; for your scheduled team discussion.",safe
"product team update: policy reminder; shared for internal reference.",safe
"security team update: project review summary; aligned with current operating process.",safe
"support team update: meeting minutes; as requested by leadership.",safe
"engineering team update: weekly standup agenda; please review before end of day.",safe
"hr team update: approved payroll update; for your scheduled team discussion.",safe
"finance team update: deployment readiness note; shared for internal reference.",safe
"operations team update: onboarding checklist; aligned with current operating process.",safe
"product team update: policy reminder; as requested by leadership.",safe
"security team update: project review summary; please review before end of day.",safe
"support team update: meeting minutes; for your scheduled team discussion.",safe
"engineering team update: weekly standup agenda; shared for internal reference.",safe
"hr team update: approved payroll update; aligned with current operating process.",safe
"finance team update: deployment readiness note; as requested by leadership.",safe
"operations team update: onboarding checklist; please review before end of day.",safe
"product team update: policy reminder; for your scheduled team discussion.",safe
"security team update: project review summary; shared for internal reference.",safe
"support team update: meeting minutes; aligned with current operating process.",safe
"engineering team update: weekly standup agenda; as requested by leadership.",safe
"hr team update: approved payroll update; please review before end of day.",safe
"finance team update: deployment readiness note; for your scheduled team discussion.",safe
"operations team update: onboarding checklist; shared for internal reference.",safe
"product team update: policy reminder; aligned with current operating process.",safe
"security team update: project review summary; as requested by leadership.",safe
"support team update: meeting minutes; please review before end of day.",safe
"engineering team update: weekly standup agenda; for your scheduled team discussion.",safe
"hr team update: approved payroll update; shared for internal reference.",safe
"finance team update: deployment readiness note; aligned with current operating process.",safe
"operations team update: onboarding checklist; as requested by leadership.",safe
"product team update: policy reminder; please review before end of day.",safe
"security team update: project review summary; for your scheduled team discussion.",safe
"support team update: meeting minutes; shared for internal reference.",safe
"engineering team update: weekly standup agenda; aligned with current operating process.",safe
"hr team update: approved payroll update; as requested by leadership.",safe
"finance team update: deployment readiness note; please review before end of day.",safe
"operations team update: onboarding checklist; for your scheduled team discussion.",safe
"product team update: policy reminder; shared for internal reference.",safe
"security team update: project review summary; aligned with current operating process.",safe
"support team update: meeting minutes; as requested by leadership.",safe
"engineering team update: weekly standup agenda; please review before end of day.",safe
"hr team update: approved payroll update; for your scheduled team discussion.",safe
"finance team update: deployment readiness note; shared for internal reference.",safe
"operations team update: onboarding checklist; aligned with current operating process.",safe
"product team update: policy reminder; as requested by leadership.",safe
"security team update: project review summary; please review before end of day.",safe
"support team update: meeting minutes; for your scheduled team discussion.",safe
"engineering team update: weekly standup agenda; shared for internal reference.",safe
"hr team update: approved payroll update; aligned with current operating process.",safe
"finance team update: deployment readiness note; as requested by leadership.",safe
"operations team update: onboarding checklist; please review before end of day.",safe
"product team update: policy reminder; for your scheduled team discussion.",safe
"security team update: project review summary; shared for internal reference.",safe
"support team update: meeting minutes; aligned with current operating process.",safe
"engineering team update: weekly standup agenda; as requested by leadership.",safe
"hr team update: approved payroll update; please review before end of day.",safe
"finance team update: deployment readiness note; for your scheduled team discussion.",safe
"operations team update: onboarding checklist; shared for internal reference.",safe
"product team update: policy reminder; aligned with current operating process.",safe
"security team update: project review summary; as requested by leadership.",safe
"support team update: meeting minutes; please review before end of day.",safe
"engineering team update: weekly standup agenda; for your scheduled team discussion.",safe
"hr team update: approved payroll update; shared for internal reference.",safe
"finance team update: deployment readiness note; aligned with current operating process.",safe
"operations team update: onboarding checklist; as requested by leadership.",safe
"product team update: policy reminder; please review before end of day.",safe
"security team update: project review summary; for your scheduled team discussion.",safe
"support team update: meeting minutes; shared for internal reference.",safe
"engineering team update: weekly standup agenda; aligned with current operating process.",safe
"hr team update: approved payroll update; as requested by leadership.",safe
"finance team update: deployment readiness note; please review before end of day.",safe
"operations team update: onboarding checklist; for your scheduled team discussion.",safe
"product team update: policy reminder; shared for internal reference.",safe
"security team update: project review summary; aligned with current operating process.",safe
"support team update: meeting minutes; as requested by leadership.",safe
"engineering team update: weekly standup agenda; please review before end of day.",safe
"hr team update: approved payroll update; for your scheduled team discussion.",safe
"finance team update: deployment readiness note; shared for internal reference.",safe
"operations team update: onboarding checklist; aligned with current operating process.",safe
"product team update: policy reminder; as requested by leadership.",safe
"security team update: project review summary; please review before end of day.",safe
"support team update: meeting minutes; for your scheduled team discussion.",safe
"engineering team update: weekly standup agenda; shared for internal reference.",safe
"hr team update: approved payroll update; aligned with current operating process.",safe
"finance team update: deployment readiness note; as requested by leadership.",safe
"operations team update: onboarding checklist; please review before end of day.",safe
"product team update: policy reminder; for your scheduled team discussion.",safe
"security team update: project review summary; shared for internal reference.",safe
"support team update: meeting minutes; aligned with current operating process.",safe
"engineering team update: weekly standup agenda; as requested by leadership.",safe
"hr team update: approved payroll update; please review before end of day.",safe
"finance team update: deployment readiness note; for your scheduled team discussion.",safe
"operations team update: onboarding checklist; shared for internal reference.",safe
"product team update: policy reminder; aligned with current operating process.",safe
"security team update: project review summary; as requested by leadership.",safe
"support team update: meeting minutes; please review before end of day.",safe
"engineering team update: weekly standup agenda; for your scheduled team discussion.",safe
"hr team update: approved payroll update; shared for internal reference.",safe
"finance team update: deployment readiness note; aligned with current operating process.",safe
"operations team update: onboarding checklist; as requested by leadership.",safe
"product team update: policy reminder; please review before end of day.",safe
"security team update: project review summary; for your scheduled team discussion.",safe
"support team update: meeting minutes; shared for internal reference.",safe
"engineering team update: weekly standup agenda; aligned with current operating process.",safe
"hr team update: approved payroll update; as requested by leadership.",safe
"finance team update: deployment readiness note; please review before end of day.",safe
"operations team update: onboarding checklist; for your scheduled team discussion.",safe
"product team update: policy reminder; shared for internal reference.",safe
"security team update: project review summary; aligned with current operating process.",safe
"support team update: meeting minutes; as requested by leadership.",safe
"engineering team update: weekly standup agenda; please review before end of day.",safe
"hr team update: approved payroll update; for your scheduled team discussion.",safe
"finance team update: deployment readiness note; shared for internal reference.",safe
"operations team update: onboarding checklist; aligned with current operating process.",safe
"product team update: policy reminder; as requested by leadership.",safe
"security team update: project review summary; please review before end of day.",safe
"support team update: meeting minutes; for your scheduled team discussion.",safe
"engineering team update: weekly standup agenda; shared for internal reference.",safe
"hr team update: approved payroll update; aligned with current operating process.",safe
"finance team update: deployment readiness note; as requested by leadership.",safe
"operations team update: onboarding checklist; please review before end of day.",safe
"product team update: policy reminder; for your scheduled team discussion.",safe
"security team update: project review summary; shared for internal reference.",safe
"support team update: meeting minutes; aligned with current operating process.",safe
"engineering team update: weekly standup agenda; as requested by leadership.",safe
"hr team update: approved payroll update; please review before end of day.",safe
"finance team update: deployment readiness note; for your scheduled team discussion.",safe
"operations team update: onboarding checklist; shared for internal reference.",safe
"product team update: policy reminder; aligned with current operating process.",safe
"security team update: project review summary; as requested by leadership.",safe
"support team update: meeting minutes; please review before end of day.",safe
"engineering team update: weekly standup agenda; for your scheduled team discussion.",safe
"hr team update: approved payroll update; shared for internal reference.",safe
"finance team update: deployment readiness note; aligned with current operating process.",safe
"operations team update: onboarding checklist; as requested by leadership.",safe
"product team update: policy reminder; please review before end of day.",safe
"security team update: project review summary; for your scheduled team discussion.",safe
"support team update: meeting minutes; shared for internal reference.",safe
"engineering team update: weekly standup agenda; aligned with current operating process.",safe
"hr team update: approved payroll update; as requested by leadership.",safe
"finance team update: deployment readiness note; please review before end of day.",safe
"operations team update: onboarding checklist; for your scheduled team discussion.",safe
"product team update: policy reminder; shared for internal reference.",safe
"security team update: project review summary; aligned with current operating process.",safe
"support team update: meeting minutes; as requested by leadership.",safe
"engineering team update: weekly standup agenda; please review before end of day.",safe
"hr team update: approved payroll update; for your scheduled team discussion.",safe
"finance team update: deployment readiness note; shared for internal reference.",safe
"operations team update: onboarding checklist; aligned with current operating process.",safe
"product team update: policy reminder; as requested by leadership.",safe
"security team update: project review summary; please review before end of day.",safe
"support team update: meeting minutes; for your scheduled team discussion.",safe
"engineering team update: weekly standup agenda; shared for internal reference.",safe
"hr team update: approved payroll update; aligned with current operating process.",safe
"finance team update: deployment readiness note; as requested by leadership.",safe
"operations team update: onboarding checklist; please review before end of day.",safe
"product team update: policy reminder; for your scheduled team discussion.",safe
"security team update: project review summary; shared for internal reference.",safe
"support team update: meeting minutes; aligned with current operating process.",safe
"engineering team update: weekly standup agenda; as requested by leadership.",safe
"hr team update: approved payroll update; please review before end of day.",safe
"finance team update: deployment readiness note; for your scheduled team discussion.",safe
"operations team update: onboarding checklist; shared for internal reference.",safe
"product team update: policy reminder; aligned with current operating process.",safe
"security team update: project review summary; as requested by leadership.",safe
"support team update: meeting minutes; please review before end of day.",safe
"engineering team update: weekly standup agenda; for your scheduled team discussion.",safe
"hr team update: approved payroll update; shared for internal reference.",safe
"finance team update: deployment readiness note; aligned with current operating process.",safe
"operations team update: onboarding checklist; as requested by leadership.",safe
"product team update: policy reminder; please review before end of day.",safe
"security team update: project review summary; for your scheduled team discussion.",safe
"support team update: meeting minutes; shared for internal reference.",safe
"engineering team update: weekly standup agenda; aligned with current operating process.",safe
"hr team update: approved payroll update; as requested by leadership.",safe
"finance team update: deployment readiness note; please review before end of day.",safe
"operations team update: onboarding checklist; for your scheduled team discussion.",safe
"product team update: policy reminder; shared for internal reference.",safe
"security team update: project review summary; aligned with current operating process.",safe
"support team update: meeting minutes; as requested by leadership.",safe
"engineering team update: weekly standup agenda; please review before end of day.",safe
"hr team update: approved payroll update; for your scheduled team discussion.",safe
"finance team update: deployment readiness note; shared for internal reference.",safe
"operations team update: onboarding checklist; aligned with current operating process.",safe
"product team update: policy reminder; as requested by leadership.",safe
"security team update: project review summary; please review before end of day.",safe
"support team update: meeting minutes; for your scheduled team discussion.",safe
"engineering team update: weekly standup agenda; shared for internal reference.",safe
"hr team update: approved payroll update; aligned with current operating process.",safe
"finance team update: deployment readiness note; as requested by leadership.",safe
"operations team update: onboarding checklist; please review before end of day.",safe
"product team update: policy reminder; for your scheduled team discussion.",safe
"security team update: project review summary; shared for internal reference.",safe
"support team update: meeting minutes; aligned with current operating process.",safe
"engineering team update: weekly standup agenda; as requested by leadership.",safe
"hr team update: approved payroll update; please review before end of day.",safe
"finance team update: deployment readiness note; for your scheduled team discussion.",safe
"operations team update: onboarding checklist; shared for internal reference.",safe
"product team update: policy reminder; aligned with current operating process.",safe
"security team update: project review summary; as requested by leadership.",safe
"support team update: meeting minutes; please review before end of day.",safe
"engineering team update: weekly standup agenda; for your scheduled team discussion.",safe
"hr team update: approved payroll update; shared for internal reference.",safe
"finance team update: deployment readiness note; aligned with current operating process.",safe
"operations team update: onboarding checklist; as requested by leadership.",safe
"product team update: policy reminder; please review before end of day.",safe
"security team update: project review summary; for your scheduled team discussion.",safe
"support team update: meeting minutes; shared for internal reference.",safe
"engineering team update: weekly standup agenda; aligned with current operating process.",safe
"hr team update: approved payroll update; as requested by leadership.",safe
"finance team update: deployment readiness note; please review before end of day.",safe
"operations team update: onboarding checklist; for your scheduled team discussion.",safe
"product team update: policy reminder; shared for internal reference.",safe
"security team update: project review summary; aligned with current operating process.",safe
"support team update: meeting minutes; as requested by leadership.",safe
"engineering team update: weekly standup agenda; please review before end of day.",safe
"hr team update: approved payroll update; for your scheduled team discussion.",safe
"finance team update: deployment readiness note; shared for internal reference.",safe
"operations team update: onboarding checklist; aligned with current operating process.",safe
"product team update: policy reminder; as requested by leadership.",safe
"security team update: project review summary; please review before end of day.",safe
"support team update: meeting minutes; for your scheduled team discussion.",safe
"engineering team update: weekly standup agenda; shared for internal reference.",safe
"hr team update: approved payroll update; aligned with current operating process.",safe
"finance team update: deployment readiness note; as requested by leadership.",safe
"operations team update: onboarding checklist; please review before end of day.",safe
"product team update: policy reminder; for your scheduled team discussion.",safe
"security team update: project review summary; shared for internal reference.",safe
"support team update: meeting minutes; aligned with current operating process.",safe
"engineering team update: weekly standup agenda; as requested by leadership.",safe
"hr team update: approved payroll update; please review before end of day.",safe
"finance team update: deployment readiness note; for your scheduled team discussion.",safe
"operations team update: onboarding checklist; shared for internal reference.",safe
"product team update: policy reminder; aligned with current operating process.",safe
"security team update: project review summary; as requested by leadership.",safe
"support team update: meeting minutes; please review before end of day.",safe
"engineering team update: weekly standup agenda; for your scheduled team discussion.",safe
"hr team update: approved payroll update; shared for internal reference.",safe
"finance team update: deployment readiness note; aligned with current operating process.",safe
"operations team update: onboarding checklist; as requested by leadership.",safe
"product team update: policy reminder; please review before end of day.",safe
"security team update: project review summary; for your scheduled team discussion.",safe
"support team update: meeting minutes; shared for internal reference.",safe
"engineering team update: weekly standup agenda; aligned with current operating process.",safe
"hr team update: approved payroll update; as requested by leadership.",safe
"finance team update: deployment readiness note; please review before end of day.",safe
"operations team update: onboarding checklist; for your scheduled team discussion.",safe
"product team update: policy reminder; shared for internal reference.",safe
"security team update: project review summary; aligned with current operating process.",safe
"support team update: meeting minutes; as requested by leadership.",safe
"Limited offer on crypto package, win instantly. click now.",spam
"Limited offer on luxury watch, buy one get one free. visit this link immediately.",spam
"Limited offer on weight loss pills, massive discount today. respond now for quick delivery.",spam
"Limited offer on exclusive gadget, claim reward now. open attachment to claim.",spam
"Limited offer on miracle investment plan, exclusive bonus unlocked. confirm now to get free access.",spam
"Limited offer on limited stock offer, act now for instant profit. click now.",spam
"Limited offer on crypto package, win instantly. visit this link immediately.",spam
"Limited offer on luxury watch, buy one get one free. respond now for quick delivery.",spam
"Limited offer on weight loss pills, massive discount today. open attachment to claim.",spam
"Limited offer on exclusive gadget, claim reward now. confirm now to get free access.",spam
"Limited offer on miracle investment plan, exclusive bonus unlocked. click now.",spam
"Limited offer on limited stock offer, act now for instant profit. visit this link immediately.",spam
"Limited offer on crypto package, win instantly. respond now for quick delivery.",spam
"Limited offer on luxury watch, buy one get one free. open attachment to claim.",spam
"Limited offer on weight loss pills, massive discount today. confirm now to get free access.",spam
"Limited offer on exclusive gadget, claim reward now. click now.",spam
"Limited offer on miracle investment plan, exclusive bonus unlocked. visit this link immediately.",spam
"Limited offer on limited stock offer, act now for instant profit. respond now for quick delivery.",spam
"Limited offer on crypto package, win instantly. open attachment to claim.",spam
"Limited offer on luxury watch, buy one get one free. confirm now to get free access.",spam
"Limited offer on weight loss pills, massive discount today. click now.",spam
"Limited offer on exclusive gadget, claim reward now. visit this link immediately.",spam
"Limited offer on miracle investment plan, exclusive bonus unlocked. respond now for quick delivery.",spam
"Limited offer on limited stock offer, act now for instant profit. open attachment to claim.",spam
"Limited offer on crypto package, win instantly. confirm now to get free access.",spam
"Limited offer on luxury watch, buy one get one free. click now.",spam
"Limited offer on weight loss pills, massive discount today. visit this link immediately.",spam
"Limited offer on exclusive gadget, claim reward now. respond now for quick delivery.",spam
"Limited offer on miracle investment plan, exclusive bonus unlocked. open attachment to claim.",spam
"Limited offer on limited stock offer, act now for instant profit. confirm now to get free access.",spam
"Limited offer on crypto package, win instantly. click now.",spam
"Limited offer on luxury watch, buy one get one free. visit this link immediately.",spam
"Limited offer on weight loss pills, massive discount today. respond now for quick delivery.",spam
"Limited offer on exclusive gadget, claim reward now. open attachment to claim.",spam
"Limited offer on miracle investment plan, exclusive bonus unlocked. confirm now to get free access.",spam
"Limited offer on limited stock offer, act now for instant profit. click now.",spam
"Limited offer on crypto package, win instantly. visit this link immediately.",spam
"Limited offer on luxury watch, buy one get one free. respond now for quick delivery.",spam
"Limited offer on weight loss pills, massive discount today. open attachment to claim.",spam
"Limited offer on exclusive gadget, claim reward now. confirm now to get free access.",spam
"Limited offer on miracle investment plan, exclusive bonus unlocked. click now.",spam
"Limited offer on limited stock offer, act now for instant profit. visit this link immediately.",spam
"Limited offer on crypto package, win instantly. respond now for quick delivery.",spam
"Limited offer on luxury watch, buy one get one free. open attachment to claim.",spam
"Limited offer on weight loss pills, massive discount today. confirm now to get free access.",spam
"Limited offer on exclusive gadget, claim reward now. click now.",spam
"Limited offer on miracle investment plan, exclusive bonus unlocked. visit this link immediately.",spam
"Limited offer on limited stock offer, act now for instant profit. respond now for quick delivery.",spam
"Limited offer on crypto package, win instantly. open attachment to claim.",spam
"Limited offer on luxury watch, buy one get one free. confirm now to get free access.",spam
"Limited offer on weight loss pills, massive discount today. click now.",spam
"Limited offer on exclusive gadget, claim reward now. visit this link immediately.",spam
"Limited offer on miracle investment plan, exclusive bonus unlocked. respond now for quick delivery.",spam
"Limited offer on limited stock offer, act now for instant profit. open attachment to claim.",spam
"Limited offer on crypto package, win instantly. confirm now to get free access.",spam
"Limited offer on luxury watch, buy one get one free. click now.",spam
"Limited offer on weight loss pills, massive discount today. visit this link immediately.",spam
"Limited offer on exclusive gadget, claim reward now. respond now for quick delivery.",spam
"Limited offer on miracle investment plan, exclusive bonus unlocked. open attachment to claim.",spam
"Limited offer on limited stock offer, act now for instant profit. confirm now to get free access.",spam
"Limited offer on crypto package, win instantly. click now.",spam
"Limited offer on luxury watch, buy one get one free. visit this link immediately.",spam
"Limited offer on weight loss pills, massive discount today. respond now for quick delivery.",spam
"Limited offer on exclusive gadget, claim reward now. open attachment to claim.",spam
"Limited offer on miracle investment plan, exclusive bonus unlocked. confirm now to get free access.",spam
"Limited offer on limited stock offer, act now for instant profit. click now.",spam
"Limited offer on crypto package, win instantly. visit this link immediately.",spam
"Limited offer on luxury watch, buy one get one free. respond now for quick delivery.",spam
"Limited offer on weight loss pills, massive discount today. open attachment to claim.",spam
"Limited offer on exclusive gadget, claim reward now. confirm now to get free access.",spam
"Limited offer on miracle investment plan, exclusive bonus unlocked. click now.",spam
"Limited offer on limited stock offer, act now for instant profit. visit this link immediately.",spam
"Limited offer on crypto package, win instantly. respond now for quick delivery.",spam
"Limited offer on luxury watch, buy one get one free. open attachment to claim.",spam
"Limited offer on weight loss pills, massive discount today. confirm now to get free access.",spam
"Limited offer on exclusive gadget, claim reward now. click now.",spam
"Limited offer on miracle investment plan, exclusive bonus unlocked. visit this link immediately.",spam
"Limited offer on limited stock offer, act now for instant profit. respond now for quick delivery.",spam
"Limited offer on crypto package, win instantly. open attachment to claim.",spam
"Limited offer on luxury watch, buy one get one free. confirm now to get free access.",spam
"Limited offer on weight loss pills, massive discount today. click now.",spam
"Limited offer on exclusive gadget, claim reward now. visit this link immediately.",spam
"Limited offer on miracle investment plan, exclusive bonus unlocked. respond now for quick delivery.",spam
"Limited offer on limited stock offer, act now for instant profit. open attachment to claim.",spam
"Limited offer on crypto package, win instantly. confirm now to get free access.",spam
"Limited offer on luxury watch, buy one get one free. click now.",spam
"Limited offer on weight loss pills, massive discount today. visit this link immediately.",spam
"Limited offer on exclusive gadget, claim reward now. respond now for quick delivery.",spam
"Limited offer on miracle investment plan, exclusive bonus unlocked. open attachment to claim.",spam
"Limited offer on limited stock offer, act now for instant profit. confirm now to get free access.",spam
"Limited offer on crypto package, win instantly. click now.",spam
"Limited offer on luxury watch, buy one get one free. visit this link immediately.",spam
"Limited offer on weight loss pills, massive discount today. respond now for quick delivery.",spam
"Limited offer on exclusive gadget, claim reward now. open attachment to claim.",spam
"Limited offer on miracle investment plan, exclusive bonus unlocked. confirm now to get free access.",spam
"Limited offer on limited stock offer, act now for instant profit. click now.",spam
"Limited offer on crypto package, win instantly. visit this link immediately.",spam
"Limited offer on luxury watch, buy one get one free. respond now for quick delivery.",spam
"Limited offer on weight loss pills, massive discount today. open attachment to claim.",spam
"Limited offer on exclusive gadget, claim reward now. confirm now to get free access.",spam
"Limited offer on miracle investment plan, exclusive bonus unlocked. click now.",spam
"Limited offer on limited stock offer, act now for instant profit. visit this link immediately.",spam
"Limited offer on crypto package, win instantly. respond now for quick delivery.",spam
"Limited offer on luxury watch, buy one get one free. open attachment to claim.",spam
"Limited offer on weight loss pills, massive discount today. confirm now to get free access.",spam
"Limited offer on exclusive gadget, claim reward now. click now.",spam
"Limited offer on miracle investment plan, exclusive bonus unlocked. visit this link immediately.",spam
"Limited offer on limited stock offer, act now for instant profit. respond now for quick delivery.",spam
"Limited offer on crypto package, win instantly. open attachment to claim.",spam
"Limited offer on luxury watch, buy one get one free. confirm now to get free access.",spam
"Limited offer on weight loss pills, massive discount today. click now.",spam
"Limited offer on exclusive gadget, claim reward now. visit this link immediately.",spam
"Limited offer on miracle investment plan, exclusive bonus unlocked. respond now for quick delivery.",spam
"Limited offer on limited stock offer, act now for instant profit. open attachment to claim.",spam
"Limited offer on crypto package, win instantly. confirm now to get free access.",spam
"Limited offer on luxury watch, buy one get one free. click now.",spam
"Limited offer on weight loss pills, massive discount today. visit this link immediately.",spam
"Limited offer on exclusive gadget, claim reward now. respond now for quick delivery.",spam
"Limited offer on miracle investment plan, exclusive bonus unlocked. open attachment to claim.",spam
"Limited offer on limited stock offer, act now for instant profit. confirm now to get free access.",spam
"Limited offer on crypto package, win instantly. click now.",spam
"Limited offer on luxury watch, buy one get one free. visit this link immediately.",spam
"Limited offer on weight loss pills, massive discount today. respond now for quick delivery.",spam
"Limited offer on exclusive gadget, claim reward now. open attachment to claim.",spam
"Limited offer on miracle investment plan, exclusive bonus unlocked. confirm now to get free access.",spam
"Limited offer on limited stock offer, act now for instant profit. click now.",spam
"Limited offer on crypto package, win instantly. visit this link immediately.",spam
"Limited offer on luxury watch, buy one get one free. respond now for quick delivery.",spam
"Limited offer on weight loss pills, massive discount today. open attachment to claim.",spam
"Limited offer on exclusive gadget, claim reward now. confirm now to get free access.",spam
"Limited offer on miracle investment plan, exclusive bonus unlocked. click now.",spam
"Limited offer on limited stock offer, act now for instant profit. visit this link immediately.",spam
"Limited offer on crypto package, win instantly. respond now for quick delivery.",spam
"Limited offer on luxury watch, buy one get one free. open attachment to claim.",spam
"Limited offer on weight loss pills, massive discount today. confirm now to get free access.",spam
"Limited offer on exclusive gadget, claim reward now. click now.",spam
"Limited offer on miracle investment plan, exclusive bonus unlocked. visit this link immediately.",spam
"Limited offer on limited stock offer, act now for instant profit. respond now for quick delivery.",spam
"Limited offer on crypto package, win instantly. open attachment to claim.",spam
"Limited offer on luxury watch, buy one get one free. confirm now to get free access.",spam
"Limited offer on weight loss pills, massive discount today. click now.",spam
"Limited offer on exclusive gadget, claim reward now. visit this link immediately.",spam
"Limited offer on miracle investment plan, exclusive bonus unlocked. respond now for quick delivery.",spam
"Limited offer on limited stock offer, act now for instant profit. open attachment to claim.",spam
"Limited offer on crypto package, win instantly. confirm now to get free access.",spam
"Limited offer on luxury watch, buy one get one free. click now.",spam
"Limited offer on weight loss pills, massive discount today. visit this link immediately.",spam
"Limited offer on exclusive gadget, claim reward now. respond now for quick delivery.",spam
"Limited offer on miracle investment plan, exclusive bonus unlocked. open attachment to claim.",spam
"Limited offer on limited stock offer, act now for instant profit. confirm now to get free access.",spam
"Limited offer on crypto package, win instantly. click now.",spam
"Limited offer on luxury watch, buy one get one free. visit this link immediately.",spam
"Limited offer on weight loss pills, massive discount today. respond now for quick delivery.",spam
"Limited offer on exclusive gadget, claim reward now. open attachment to claim.",spam
"Limited offer on miracle investment plan, exclusive bonus unlocked. confirm now to get free access.",spam
"Limited offer on limited stock offer, act now for instant profit. click now.",spam
"Limited offer on crypto package, win instantly. visit this link immediately.",spam
"Limited offer on luxury watch, buy one get one free. respond now for quick delivery.",spam
"Limited offer on weight loss pills, massive discount today. open attachment to claim.",spam
"Limited offer on exclusive gadget, claim reward now. confirm now to get free access.",spam
"Limited offer on miracle investment plan, exclusive bonus unlocked. click now.",spam
"Limited offer on limited stock offer, act now for instant profit. visit this link immediately.",spam
"Limited offer on crypto package, win instantly. respond now for quick delivery.",spam
"Limited offer on luxury watch, buy one get one free. open attachment to claim.",spam
"Limited offer on weight loss pills, massive discount today. confirm now to get free access.",spam
"Limited offer on exclusive gadget, claim reward now. click now.",spam
"Limited offer on miracle investment plan, exclusive bonus unlocked. visit this link immediately.",spam
"Limited offer on limited stock offer, act now for instant profit. respond now for quick delivery.",spam
"Limited offer on crypto package, win instantly. open attachment to claim.",spam
"Limited offer on luxury watch, buy one get one free. confirm now to get free access.",spam
"Limited offer on weight loss pills, massive discount today. click now.",spam
"Limited offer on exclusive gadget, claim reward now. visit this link immediately.",spam
"Limited offer on miracle investment plan, exclusive bonus unlocked. respond now for quick delivery.",spam
"Limited offer on limited stock offer, act now for instant profit. open attachment to claim.",spam
"Limited offer on crypto package, win instantly. confirm now to get free access.",spam
"Limited offer on luxury watch, buy one get one free. click now.",spam
"Limited offer on weight loss pills, massive discount today. visit this link immediately.",spam
"Limited offer on exclusive gadget, claim reward now. respond now for quick delivery.",spam
"Limited offer on miracle investment plan, exclusive bonus unlocked. open attachment to claim.",spam
"Limited offer on limited stock offer, act now for instant profit. confirm now to get free access.",spam
"Limited offer on crypto package, win instantly. click now.",spam
"Limited offer on luxury watch, buy one get one free. visit this link immediately.",spam
"Limited offer on weight loss pills, massive discount today. respond now for quick delivery.",spam
"Limited offer on exclusive gadget, claim reward now. open attachment to claim.",spam
"Limited offer on miracle investment plan, exclusive bonus unlocked. confirm now to get free access.",spam
"Limited offer on limited stock offer, act now for instant profit. click now.",spam
"Limited offer on crypto package, win instantly. visit this link immediately.",spam
"Limited offer on luxury watch, buy one get one free. respond now for quick delivery.",spam
"Limited offer on weight loss pills, massive discount today. open attachment to claim.",spam
"Limited offer on exclusive gadget, claim reward now. confirm now to get free access.",spam
"Limited offer on miracle investment plan, exclusive bonus unlocked. click now.",spam
"Limited offer on limited stock offer, act now for instant profit. visit this link immediately.",spam
"Limited offer on crypto package, win instantly. respond now for quick delivery.",spam
"Limited offer on luxury watch, buy one get one free. open attachment to claim.",spam
"Limited offer on weight loss pills, massive discount today. confirm now to get free access.",spam
"Limited offer on exclusive gadget, claim reward now. click now.",spam
"Limited offer on miracle investment plan, exclusive bonus unlocked. visit this link immediately.",spam
"Limited offer on limited stock offer, act now for instant profit. respond now for quick delivery.",spam
"Limited offer on crypto package, win instantly. open attachment to claim.",spam
"Limited offer on luxury watch, buy one get one free. confirm now to get free access.",spam
"Limited offer on weight loss pills, massive discount today. click now.",spam
"Limited offer on exclusive gadget, claim reward now. visit this link immediately.",spam
"Limited offer on miracle investment plan, exclusive bonus unlocked. respond now for quick delivery.",spam
"Limited offer on limited stock offer, act now for instant profit. open attachment to claim.",spam
"Limited offer on crypto package, win instantly. confirm now to get free access.",spam
"Limited offer on luxury watch, buy one get one free. click now.",spam
"Limited offer on weight loss pills, massive discount today. visit this link immediately.",spam
"Limited offer on exclusive gadget, claim reward now. respond now for quick delivery.",spam
"Limited offer on miracle investment plan, exclusive bonus unlocked. open attachment to claim.",spam
"Limited offer on limited stock offer, act now for instant profit. confirm now to get free access.",spam
"Limited offer on crypto package, win instantly. click now.",spam
"Limited offer on luxury watch, buy one get one free. visit this link immediately.",spam
"Limited offer on weight loss pills, massive discount today. respond now for quick delivery.",spam
"Limited offer on exclusive gadget, claim reward now. open attachment to claim.",spam
"Limited offer on miracle investment plan, exclusive bonus unlocked. confirm now to get free access.",spam
"Limited offer on limited stock offer, act now for instant profit. click now.",spam
"Limited offer on crypto package, win instantly. visit this link immediately.",spam
"Limited offer on luxury watch, buy one get one free. respond now for quick delivery.",spam
"Limited offer on weight loss pills, massive discount today. open attachment to claim.",spam
"Limited offer on exclusive gadget, claim reward now. confirm now to get free access.",spam
"Limited offer on miracle investment plan, exclusive bonus unlocked. click now.",spam
"Limited offer on limited stock offer, act now for instant profit. visit this link immediately.",spam
"Limited offer on crypto package, win instantly. respond now for quick delivery.",spam
"Limited offer on luxury watch, buy one get one free. open attachment to claim.",spam
"Limited offer on weight loss pills, massive discount today. confirm now to get free access.",spam
"Limited offer on exclusive gadget, claim reward now. click now.",spam
"Limited offer on miracle investment plan, exclusive bonus unlocked. visit this link immediately.",spam
"Limited offer on limited stock offer, act now for instant profit. respond now for quick delivery.",spam
"Limited offer on crypto package, win instantly. open attachment to claim.",spam
"Limited offer on luxury watch, buy one get one free. confirm now to get free access.",spam
"Limited offer on weight loss pills, massive discount today. click now.",spam
"Limited offer on exclusive gadget, claim reward now. visit this link immediately.",spam
"Limited offer on miracle investment plan, exclusive bonus unlocked. respond now for quick delivery.",spam
"Limited offer on limited stock offer, act now for instant profit. open attachment to claim.",spam
"Limited offer on crypto package, win instantly. confirm now to get free access.",spam
"Limited offer on luxury watch, buy one get one free. click now.",spam
"Limited offer on weight loss pills, massive discount today. visit this link immediately.",spam
"Limited offer on exclusive gadget, claim reward now. respond now for quick delivery.",spam
"Limited offer on miracle investment plan, exclusive bonus unlocked. open attachment to claim.",spam
"Limited offer on limited stock offer, act now for instant profit. confirm now to get free access.",spam
"Limited offer on crypto package, win instantly. click now.",spam
"Limited offer on luxury watch, buy one get one free. visit this link immediately.",spam
"Limited offer on weight loss pills, massive discount today. respond now for quick delivery.",spam
"Limited offer on exclusive gadget, claim reward now. open attachment to claim.",spam
"Limited offer on miracle investment plan, exclusive bonus unlocked. confirm now to get free access.",spam
"Limited offer on limited stock offer, act now for instant profit. click now.",spam
"Limited offer on crypto package, win instantly. visit this link immediately.",spam
"Limited offer on luxury watch, buy one get one free. respond now for quick delivery.",spam
"Limited offer on weight loss pills, massive discount today. open attachment to claim.",spam
"Limited offer on exclusive gadget, claim reward now. confirm now to get free access.",spam
"Limited offer on miracle investment plan, exclusive bonus unlocked. click now.",spam
"Limited offer on limited stock offer, act now for instant profit. visit this link immediately.",spam
"Limited offer on crypto package, win instantly. respond now for quick delivery.",spam
"Limited offer on luxury watch, buy one get one free. open attachment to claim.",spam
"Limited offer on weight loss pills, massive discount today. confirm now to get free access.",spam
"Limited offer on exclusive gadget, claim reward now. click now.",spam
"Limited offer on miracle investment plan, exclusive bonus unlocked. visit this link immediately.",spam
"Limited offer on limited stock offer, act now for instant profit. respond now for quick delivery.",spam
"Limited offer on crypto package, win instantly. open attachment to claim.",spam
"Limited offer on luxury watch, buy one get one free. confirm now to get free access.",spam
"Limited offer on weight loss pills, massive discount today. click now.",spam
"Limited offer on exclusive gadget, claim reward now. visit this link immediately.",spam
"Limited offer on miracle investment plan, exclusive bonus unlocked. respond now for quick delivery.",spam
"Limited offer on limited stock offer, act now for instant profit. open attachment to claim.",spam
"Limited offer on crypto package, win instantly. confirm now to get free access.",spam
"Limited offer on luxury watch, buy one get one free. click now.",spam
"Limited offer on weight loss pills, massive discount today. visit this link immediately.",spam
"Limited offer on exclusive gadget, claim reward now. respond now for quick delivery.",spam
"Limited offer on miracle investment plan, exclusive bonus unlocked. open attachment to claim.",spam
"Limited offer on limited stock offer, act now for instant profit. confirm now to get free access.",spam
"Limited offer on crypto package, win instantly. click now.",spam
"Limited offer on luxury watch, buy one get one free. visit this link immediately.",spam
"Limited offer on weight loss pills, massive discount today. respond now for quick delivery.",spam
"Limited offer on exclusive gadget, claim reward now. open attachment to claim.",spam
"Limited offer on miracle investment plan, exclusive bonus unlocked. confirm now to get free access.",spam
"Limited offer on limited stock offer, act now for instant profit. click now.",spam
"Limited offer on crypto package, win instantly. visit this link immediately.",spam
"Limited offer on luxury watch, buy one get one free. respond now for quick delivery.",spam
"Limited offer on weight loss pills, massive discount today. open attachment to claim.",spam
"Limited offer on exclusive gadget, claim reward now. confirm now to get free access.",spam
"Limited offer on miracle investment plan, exclusive bonus unlocked. click now.",spam
"Limited offer on limited stock offer, act now for instant profit. visit this link immediately.",spam
"Limited offer on crypto package, win instantly. respond now for quick delivery.",spam
"Limited offer on luxury watch, buy one get one free. open attachment to claim.",spam
"Limited offer on weight loss pills, massive discount today. confirm now to get free access.",spam
"Limited offer on exclusive gadget, claim reward now. click now.",spam
"Limited offer on miracle investment plan, exclusive bonus unlocked. visit this link immediately.",spam
"Limited offer on limited stock offer, act now for instant profit. respond now for quick delivery.",spam
"Limited offer on crypto package, win instantly. open attachment to claim.",spam
"Limited offer on luxury watch, buy one get one free. confirm now to get free access.",spam
"Limited offer on weight loss pills, massive discount today. click now.",spam
"Limited offer on exclusive gadget, claim reward now. visit this link immediately.",spam
"Limited offer on miracle investment plan, exclusive bonus unlocked. respond now for quick delivery.",spam
"Limited offer on limited stock offer, act now for instant profit. open attachment to claim.",spam
"Limited offer on crypto package, win instantly. confirm now to get free access.",spam
"Limited offer on luxury watch, buy one get one free. click now.",spam
"Limited offer on weight loss pills, massive discount today. visit this link immediately.",spam
"Limited offer on exclusive gadget, claim reward now. respond now for quick delivery.",spam
"Limited offer on miracle investment plan, exclusive bonus unlocked. open attachment to claim.",spam
"Limited offer on limited stock offer, act now for instant profit. confirm now to get free access.",spam
"Limited offer on crypto package, win instantly. click now.",spam
"Limited offer on luxury watch, buy one get one free. visit this link immediately.",spam
"Limited offer on weight loss pills, massive discount today. respond now for quick delivery.",spam
"Limited offer on exclusive gadget, claim reward now. open attachment to claim.",spam
"Limited offer on miracle investment plan, exclusive bonus unlocked. confirm now to get free access.",spam
"Limited offer on limited stock offer, act now for instant profit. click now.",spam
"Limited offer on crypto package, win instantly. visit this link immediately.",spam
"Limited offer on luxury watch, buy one get one free. respond now for quick delivery.",spam
"Limited offer on weight loss pills, massive discount today. open attachment to claim.",spam
"Limited offer on exclusive gadget, claim reward now. confirm now to get free access.",spam
"Limited offer on miracle investment plan, exclusive bonus unlocked. click now.",spam
"Limited offer on limited stock offer, act now for instant profit. visit this link immediately.",spam
"Limited offer on crypto package, win instantly. respond now for quick delivery.",spam
"Limited offer on luxury watch, buy one get one free. open attachment to claim.",spam
"Limited offer on weight loss pills, massive discount today. confirm now to get free access.",spam
"Limited offer on exclusive gadget, claim reward now. click now.",spam
"Limited offer on miracle investment plan, exclusive bonus unlocked. visit this link immediately.",spam
"Limited offer on limited stock offer, act now for instant profit. respond now for quick delivery.",spam
"Limited offer on crypto package, win instantly. open attachment to claim.",spam
"Limited offer on luxury watch, buy one get one free. confirm now to get free access.",spam
"Limited offer on weight loss pills, massive discount today. click now.",spam
"Limited offer on exclusive gadget, claim reward now. visit this link immediately.",spam
"Limited offer on miracle investment plan, exclusive bonus unlocked. respond now for quick delivery.",spam
"Limited offer on limited stock offer, act now for instant profit. open attachment to claim.",spam
"Limited offer on crypto package, win instantly. confirm now to get free access.",spam
"Limited offer on luxury watch, buy one get one free. click now.",spam
"Limited offer on weight loss pills, massive discount today. visit this link immediately.",spam
"Limited offer on exclusive gadget, claim reward now. respond now for quick delivery.",spam
"Limited offer on miracle investment plan, exclusive bonus unlocked. open attachment to claim.",spam
"Limited offer on limited stock offer, act now for instant profit. confirm now to get free access.",spam
"Limited offer on crypto package, win instantly. click now.",spam
"Limited offer on luxury watch, buy one get one free. visit this link immediately.",spam
"Limited offer on weight loss pills, massive discount today. respond now for quick delivery.",spam
"Limited offer on exclusive gadget, claim reward now. open attachment to claim.",spam
"Limited offer on miracle investment plan, exclusive bonus unlocked. confirm now to get free access.",spam
"Limited offer on limited stock offer, act now for instant profit. click now.",spam
"Limited offer on crypto package, win instantly. visit this link immediately.",spam
"Limited offer on luxury watch, buy one get one free. respond now for quick delivery.",spam
"Limited offer on weight loss pills, massive discount today. open attachment to claim.",spam
"Limited offer on exclusive gadget, claim reward now. confirm now to get free access.",spam
"Limited offer on miracle investment plan, exclusive bonus unlocked. click now.",spam
"Limited offer on limited stock offer, act now for instant profit. visit this link immediately.",spam
"Limited offer on crypto package, win instantly. respond now for quick delivery.",spam
"Limited offer on luxury watch, buy one get one free. open attachment to claim.",spam
"Limited offer on weight loss pills, massive discount today. confirm now to get free access.",spam
"Limited offer on exclusive gadget, claim reward now. click now.",spam
"Limited offer on miracle investment plan, exclusive bonus unlocked. visit this link immediately.",spam
"Limited offer on limited stock offer, act now for instant profit. respond now for quick delivery.",spam
"Limited offer on crypto package, win instantly. open attachment to claim.",spam
"Limited offer on luxury watch, buy one get one free. confirm now to get free access.",spam
"Limited offer on weight loss pills, massive discount today. click now.",spam
"Limited offer on exclusive gadget, claim reward now. visit this link immediately.",spam
"Limited offer on miracle investment plan, exclusive bonus unlocked. respond now for quick delivery.",spam
"Limited offer on limited stock offer, act now for instant profit. open attachment to claim.",spam
"Limited offer on crypto package, win instantly. confirm now to get free access.",spam
"Limited offer on luxury watch, buy one get one free. click now.",spam
"Limited offer on weight loss pills, massive discount today. visit this link immediately.",spam
"Limited offer on exclusive gadget, claim reward now. respond now for quick delivery.",spam
"Limited offer on miracle investment plan, exclusive bonus unlocked. open attachment to claim.",spam
"Limited offer on limited stock offer, act now for instant profit. confirm now to get free access.",spam
"Limited offer on crypto package, win instantly. click now.",spam
"Limited offer on luxury watch, buy one get one free. visit this link immediately.",spam
"Limited offer on weight loss pills, massive discount today. respond now for quick delivery.",spam
"Limited offer on exclusive gadget, claim reward now. open attachment to claim.",spam
"Limited offer on miracle investment plan, exclusive bonus unlocked. confirm now to get free access.",spam
"Limited offer on limited stock offer, act now for instant profit. click now.",spam
"Limited offer on crypto package, win instantly. visit this link immediately.",spam
"Limited offer on luxury watch, buy one get one free. respond now for quick delivery.",spam
"Limited offer on weight loss pills, massive discount today. open attachment to claim.",spam
"Limited offer on exclusive gadget, claim reward now. confirm now to get free access.",spam
"Limited offer on miracle investment plan, exclusive bonus unlocked. click now.",spam
"Limited offer on limited stock offer, act now for instant profit. visit this link immediately.",spam
"Limited offer on crypto package, win instantly. respond now for quick delivery.",spam
"Limited offer on luxury watch, buy one get one free. open attachment to claim.",spam
"Limited offer on weight loss pills, massive discount today. confirm now to get free access.",spam
"Limited offer on exclusive gadget, claim reward now. click now.",spam
"Limited offer on miracle investment plan, exclusive bonus unlocked. visit this link immediately.",spam
"Limited offer on limited stock offer, act now for instant profit. respond now for quick delivery.",spam
"Limited offer on crypto package, win instantly. open attachment to claim.",spam
"Limited offer on luxury watch, buy one get one free. confirm now to get free access.",spam
"Limited offer on weight loss pills, massive discount today. click now.",spam
"Limited offer on exclusive gadget, claim reward now. visit this link immediately.",spam
"Limited offer on miracle investment plan, exclusive bonus unlocked. respond now for quick delivery.",spam
"Limited offer on limited stock offer, act now for instant profit. open attachment to claim.",spam
"Limited offer on crypto package, win instantly. confirm now to get free access.",spam
"Limited offer on luxury watch, buy one get one free. click now.",spam
"Limited offer on weight loss pills, massive discount today. visit this link immediately.",spam
"Limited offer on exclusive gadget, claim reward now. respond now for quick delivery.",spam
"Limited offer on miracle investment plan, exclusive bonus unlocked. open attachment to claim.",spam
"Limited offer on limited stock offer, act now for instant profit. confirm now to get free access.",spam
"Limited offer on crypto package, win instantly. click now.",spam
"Limited offer on luxury watch, buy one get one free. visit this link immediately.",spam
"Limited offer on weight loss pills, massive discount today. respond now for quick delivery.",spam
"Limited offer on exclusive gadget, claim reward now. open attachment to claim.",spam
"Limited offer on miracle investment plan, exclusive bonus unlocked. confirm now to get free access.",spam
"Limited offer on limited stock offer, act now for instant profit. click now.",spam
"Limited offer on crypto package, win instantly. visit this link immediately.",spam
"Limited offer on luxury watch, buy one get one free. respond now for quick delivery.",spam
"Limited offer on weight loss pills, massive discount today. open attachment to claim.",spam
"Limited offer on exclusive gadget, claim reward now. confirm now to get free access.",spam
"Limited offer on miracle investment plan, exclusive bonus unlocked. click now.",spam
"Limited offer on limited stock offer, act now for instant profit. visit this link immediately.",spam
"Limited offer on crypto package, win instantly. respond now for quick delivery.",spam
"Limited offer on luxury watch, buy one get one free. open attachment to claim.",spam
"Limited offer on weight loss pills, massive discount today. confirm now to get free access.",spam
"Limited offer on exclusive gadget, claim reward now. click now.",spam
"Limited offer on miracle investment plan, exclusive bonus unlocked. visit this link immediately.",spam
"Limited offer on limited stock offer, act now for instant profit. respond now for quick delivery.",spam
"Limited offer on crypto package, win instantly. open attachment to claim.",spam
"Limited offer on luxury watch, buy one get one free. confirm now to get free access.",spam
"Limited offer on weight loss pills, massive discount today. click now.",spam
"Limited offer on exclusive gadget, claim reward now. visit this link immediately.",spam
"Limited offer on miracle investment plan, exclusive bonus unlocked. respond now for quick delivery.",spam
"Limited offer on limited stock offer, act now for instant profit. open attachment to claim.",spam
"Limited offer on crypto package, win instantly. confirm now to get free access.",spam
"Limited offer on luxury watch, buy one get one free. click now.",spam
"Limited offer on weight loss pills, massive discount today. visit this link immediately.",spam
"Limited offer on exclusive gadget, claim reward now. respond now for quick delivery.",spam
"Limited offer on miracle investment plan, exclusive bonus unlocked. open attachment to claim.",spam
"Limited offer on limited stock offer, act now for instant profit. confirm now to get free access.",spam
"Limited offer on crypto package, win instantly. click now.",spam
"Limited offer on luxury watch, buy one get one free. visit this link immediately.",spam
"Limited offer on weight loss pills, massive discount today. respond now for quick delivery.",spam
"Limited offer on exclusive gadget, claim reward now. open attachment to claim.",spam
"Limited offer on miracle investment plan, exclusive bonus unlocked. confirm now to get free access.",spam
"Limited offer on limited stock offer, act now for instant profit. click now.",spam
"Limited offer on crypto package, win instantly. visit this link immediately.",spam
"Limited offer on luxury watch, buy one get one free. respond now for quick delivery.",spam
"Limited offer on weight loss pills, massive discount today. open attachment to claim.",spam
"Limited offer on exclusive gadget, claim reward now. confirm now to get free access.",spam
"Limited offer on miracle investment plan, exclusive bonus unlocked. click now.",spam
"Limited offer on limited stock offer, act now for instant profit. visit this link immediately.",spam
"Limited offer on crypto package, win instantly. respond now for quick delivery.",spam
"Limited offer on luxury watch, buy one get one free. open attachment to claim.",spam
"Limited offer on weight loss pills, massive discount today. confirm now to get free access.",spam
"Limited offer on exclusive gadget, claim reward now. click now.",spam
"Limited offer on miracle investment plan, exclusive bonus unlocked. visit this link immediately.",spam
"Limited offer on limited stock offer, act now for instant profit. respond now for quick delivery.",spam
"Limited offer on crypto package, win instantly. open attachment to claim.",spam
"Limited offer on luxury watch, buy one get one free. confirm now to get free access.",spam
"Limited offer on weight loss pills, massive discount today. click now.",spam
"Limited offer on exclusive gadget, claim reward now. visit this link immediately.",spam
"Limited offer on miracle investment plan, exclusive bonus unlocked. respond now for quick delivery.",spam
"Limited offer on limited stock offer, act now for instant profit. open attachment to claim.",spam
"Limited offer on crypto package, win instantly. confirm now to get free access.",spam
"Limited offer on luxury watch, buy one get one free. click now.",spam
"Limited offer on weight loss pills, massive discount today. visit this link immediately.",spam
"Limited offer on exclusive gadget, claim reward now. respond now for quick delivery.",spam
"Limited offer on miracle investment plan, exclusive bonus unlocked. open attachment to claim.",spam
"Limited offer on limited stock offer, act now for instant profit. confirm now to get free access.",spam
"Limited offer on crypto package, win instantly. click now.",spam
"Limited offer on luxury watch, buy one get one free. visit this link immediately.",spam
"Limited offer on weight loss pills, massive discount today. respond now for quick delivery.",spam
"Limited offer on exclusive gadget, claim reward now. open attachment to claim.",spam
"Limited offer on miracle investment plan, exclusive bonus unlocked. confirm now to get free access.",spam
"Limited offer on limited stock offer, act now for instant profit. click now.",spam
"Limited offer on crypto package, win instantly. visit this link immediately.",spam
"Limited offer on luxury watch, buy one get one free. respond now for quick delivery.",spam
"Limited offer on weight loss pills, massive discount today. open attachment to claim.",spam
"Limited offer on exclusive gadget, claim reward now. confirm now to get free access.",spam
"Limited offer on miracle investment plan, exclusive bonus unlocked. click now.",spam
"Limited offer on limited stock offer, act now for instant profit. visit this link immediately.",spam
"Limited offer on crypto package, win instantly. respond now for quick delivery.",spam
"Limited offer on luxury watch, buy one get one free. open attachment to claim.",spam
"Limited offer on weight loss pills, massive discount today. confirm now to get free access.",spam
"Limited offer on exclusive gadget, claim reward now. click now.",spam
"Limited offer on miracle investment plan, exclusive bonus unlocked. visit this link immediately.",spam
"Limited offer on limited stock offer, act now for instant profit. respond now for quick delivery.",spam
"Limited offer on crypto package, win instantly. open attachment to claim.",spam
"Limited offer on luxury watch, buy one get one free. confirm now to get free access.",spam
"Limited offer on weight loss pills, massive discount today. click now.",spam
"Limited offer on exclusive gadget, claim reward now. visit this link immediately.",spam
"Limited offer on miracle investment plan, exclusive bonus unlocked. respond now for quick delivery.",spam
"Limited offer on limited stock offer, act now for instant profit. open attachment to claim.",spam
"Limited offer on crypto package, win instantly. confirm now to get free access.",spam
"Limited offer on luxury watch, buy one get one free. click now.",spam
"Limited offer on weight loss pills, massive discount today. visit this link immediately.",spam
"Limited offer on exclusive gadget, claim reward now. respond now for quick delivery.",spam
"Limited offer on miracle investment plan, exclusive bonus unlocked. open attachment to claim.",spam
"Limited offer on limited stock offer, act now for instant profit. confirm now to get free access.",spam
"Limited offer on crypto package, win instantly. click now.",spam
"Limited offer on luxury watch, buy one get one free. visit this link immediately.",spam
"Limited offer on weight loss pills, massive discount today. respond now for quick delivery.",spam
"Limited offer on exclusive gadget, claim reward now. open attachment to claim.",spam
"Limited offer on miracle investment plan, exclusive bonus unlocked. confirm now to get free access.",spam
"Limited offer on limited stock offer, act now for instant profit. click now.",spam
"Limited offer on crypto package, win instantly. visit this link immediately.",spam
"Limited offer on luxury watch, buy one get one free. respond now for quick delivery.",spam
"Limited offer on weight loss pills, massive discount today. open attachment to claim.",spam
"Limited offer on exclusive gadget, claim reward now. confirm now to get free access.",spam
"Limited offer on miracle investment plan, exclusive bonus unlocked. click now.",spam
"Limited offer on limited stock offer, act now for instant profit. visit this link immediately.",spam
"Limited offer on crypto package, win instantly. respond now for quick delivery.",spam
"Limited offer on luxury watch, buy one get one free. open attachment to claim.",spam
"Limited offer on weight loss pills, massive discount today. confirm now to get free access.",spam
"Limited offer on exclusive gadget, claim reward now. click now.",spam
"Limited offer on miracle investment plan, exclusive bonus unlocked. visit this link immediately.",spam
"Limited offer on limited stock offer, act now for instant profit. respond now for quick delivery.",spam
"Limited offer on crypto package, win instantly. open attachment to claim.",spam
"Limited offer on luxury watch, buy one get one free. confirm now to get free access.",spam
"Limited offer on weight loss pills, massive discount today. click now.",spam
"Limited offer on exclusive gadget, claim reward now. visit this link immediately.",spam
"Limited offer on miracle investment plan, exclusive bonus unlocked. respond now for quick delivery.",spam
"Limited offer on limited stock offer, act now for instant profit. open attachment to claim.",spam
"Limited offer on crypto package, win instantly. confirm now to get free access.",spam
"Limited offer on luxury watch, buy one get one free. click now.",spam
"Limited offer on weight loss pills, massive discount today. visit this link immediately.",spam
"Limited offer on exclusive gadget, claim reward now. respond now for quick delivery.",spam
"Limited offer on miracle investment plan, exclusive bonus unlocked. open attachment to claim.",spam
"Limited offer on limited stock offer, act now for instant profit. confirm now to get free access.",spam
"Limited offer on crypto package, win instantly. click now.",spam
"Limited offer on luxury watch, buy one get one free. visit this link immediately.",spam
"Limited offer on weight loss pills, massive discount today. respond now for quick delivery.",spam
"Limited offer on exclusive gadget, claim reward now. open attachment to claim.",spam
"Limited offer on miracle investment plan, exclusive bonus unlocked. confirm now to get free access.",spam
"Limited offer on limited stock offer, act now for instant profit. click now.",spam
"Limited offer on crypto package, win instantly. visit this link immediately.",spam
"Limited offer on luxury watch, buy one get one free. respond now for quick delivery.",spam
"Limited offer on weight loss pills, massive discount today. open attachment to claim.",spam
"Limited offer on exclusive gadget, claim reward now. confirm now to get free access.",spam
"Limited offer on miracle investment plan, exclusive bonus unlocked. click now.",spam
"Limited offer on limited stock offer, act now for instant profit. visit this link immediately.",spam
"Limited offer on crypto package, win instantly. respond now for quick delivery.",spam
"Limited offer on luxury watch, buy one get one free. open attachment to claim.",spam
"Limited offer on weight loss pills, massive discount today. confirm now to get free access.",spam
"Limited offer on exclusive gadget, claim reward now. click now.",spam
"Limited offer on miracle investment plan, exclusive bonus unlocked. visit this link immediately.",spam
"Limited offer on limited stock offer, act now for instant profit. respond now for quick delivery.",spam
"Limited offer on crypto package, win instantly. open attachment to claim.",spam
"Limited offer on luxury watch, buy one get one free. confirm now to get free access.",spam
"Limited offer on weight loss pills, massive discount today. click now.",spam
"Limited offer on exclusive gadget, claim reward now. visit this link immediately.",spam
"Limited offer on miracle investment plan, exclusive bonus unlocked. respond now for quick delivery.",spam
"Limited offer on limited stock offer, act now for instant profit. open attachment to claim.",spam
"Limited offer on crypto package, win instantly. confirm now to get free access.",spam
"Limited offer on luxury watch, buy one get one free. click now.",spam
"Limited offer on weight loss pills, massive discount today. visit this link immediately.",spam
"Limited offer on exclusive gadget, claim reward now. respond now for quick delivery.",spam
"Limited offer on miracle investment plan, exclusive bonus unlocked. open attachment to claim.",spam
"Limited offer on limited stock offer, act now for instant profit. confirm now to get free access.",spam
"Limited offer on crypto package, win instantly. click now.",spam
"Limited offer on luxury watch, buy one get one free. visit this link immediately.",spam
"Limited offer on weight loss pills, massive discount today. respond now for quick delivery.",spam
"Limited offer on exclusive gadget, claim reward now. open attachment to claim.",spam
"Limited offer on miracle investment plan, exclusive bonus unlocked. confirm now to get free access.",spam
"Limited offer on limited stock offer, act now for instant profit. click now.",spam
"Limited offer on crypto package, win instantly. visit this link immediately.",spam
"Limited offer on luxury watch, buy one get one free. respond now for quick delivery.",spam
"Limited offer on weight loss pills, massive discount today. open attachment to claim.",spam
"Limited offer on exclusive gadget, claim reward now. confirm now to get free access.",spam
"Limited offer on miracle investment plan, exclusive bonus unlocked. click now.",spam
"Limited offer on limited stock offer, act now for instant profit. visit this link immediately.",spam
"Limited offer on crypto package, win instantly. respond now for quick delivery.",spam
"Limited offer on luxury watch, buy one get one free. open attachment to claim.",spam
"Limited offer on weight loss pills, massive discount today. confirm now to get free access.",spam
"Limited offer on exclusive gadget, claim reward now. click now.",spam
"Limited offer on miracle investment plan, exclusive bonus unlocked. visit this link immediately.",spam
"Limited offer on limited stock offer, act now for instant profit. respond now for quick delivery.",spam
"Limited offer on crypto package, win instantly. open attachment to claim.",spam
"Limited offer on luxury watch, buy one get one free. confirm now to get free access.",spam
"Limited offer on weight loss pills, massive discount today. click now.",spam
"Limited offer on exclusive gadget, claim reward now. visit this link immediately.",spam
"Limited offer on miracle investment plan, exclusive bonus unlocked. respond now for quick delivery.",spam
"Limited offer on limited stock offer, act now for instant profit. open attachment to claim.",spam
"Limited offer on crypto package, win instantly. confirm now to get free access.",spam
"Limited offer on luxury watch, buy one get one free. click now.",spam
"Limited offer on weight loss pills, massive discount today. visit this link immediately.",spam
"Limited offer on exclusive gadget, claim reward now. respond now for quick delivery.",spam
"Limited offer on miracle investment plan, exclusive bonus unlocked. open attachment to claim.",spam
"Limited offer on limited stock offer, act now for instant profit. confirm now to get free access.",spam
"Limited offer on crypto package, win instantly. click now.",spam
"Limited offer on luxury watch, buy one get one free. visit this link immediately.",spam
"Limited offer on weight loss pills, massive discount today. respond now for quick delivery.",spam
"Limited offer on exclusive gadget, claim reward now. open attachment to claim.",spam
"Limited offer on miracle investment plan, exclusive bonus unlocked. confirm now to get free access.",spam
"Limited offer on limited stock offer, act now for instant profit. click now.",spam
"Limited offer on crypto package, win instantly. visit this link immediately.",spam
"Limited offer on luxury watch, buy one get one free. respond now for quick delivery.",spam
"Limited offer on weight loss pills, massive discount today. open attachment to claim.",spam
"Limited offer on exclusive gadget, claim reward now. confirm now to get free access.",spam
"Limited offer on miracle investment plan, exclusive bonus unlocked. click now.",spam
"Limited offer on limited stock offer, act now for instant profit. visit this link immediately.",spam
"Limited offer on crypto package, win instantly. respond now for quick delivery.",spam
"Limited offer on luxury watch, buy one get one free. open attachment to claim.",spam
"Limited offer on weight loss pills, massive discount today. confirm now to get free access.",spam
"Limited offer on exclusive gadget, claim reward now. click now.",spam
"Limited offer on miracle investment plan, exclusive bonus unlocked. visit this link immediately.",spam
"Limited offer on limited stock offer, act now for instant profit. respond now for quick delivery.",spam
"Limited offer on crypto package, win instantly. open attachment to claim.",spam
"Limited offer on luxury watch, buy one get one free. confirm now to get free access.",spam
"Limited offer on weight loss pills, massive discount today. click now.",spam
"Limited offer on exclusive gadget, claim reward now. visit this link immediately.",spam
"Limited offer on miracle investment plan, exclusive bonus unlocked. respond now for quick delivery.",spam
"Limited offer on limited stock offer, act now for instant profit. open attachment to claim.",spam
"Limited offer on crypto package, win instantly. confirm now to get free access.",spam
"Limited offer on luxury watch, buy one get one free. click now.",spam
"Limited offer on weight loss pills, massive discount today. visit this link immediately.",spam
"Limited offer on exclusive gadget, claim reward now. respond now for quick delivery.",spam
"Limited offer on miracle investment plan, exclusive bonus unlocked. open attachment to claim.",spam
"Limited offer on limited stock offer, act now for instant profit. confirm now to get free access.",spam
"Limited offer on crypto package, win instantly. click now.",spam
"Limited offer on luxury watch, buy one get one free. visit this link immediately.",spam
"Limited offer on weight loss pills, massive discount today. respond now for quick delivery.",spam
"Limited offer on exclusive gadget, claim reward now. open attachment to claim.",spam
"Limited offer on miracle investment plan, exclusive bonus unlocked. confirm now to get free access.",spam
"Limited offer on limited stock offer, act now for instant profit. click now.",spam
"Limited offer on crypto package, win instantly. visit this link immediately.",spam
"Limited offer on luxury watch, buy one get one free. respond now for quick delivery.",spam
"Limited offer on weight loss pills, massive discount today. open attachment to claim.",spam
"Limited offer on exclusive gadget, claim reward now. confirm now to get free access.",spam
"Limited offer on miracle investment plan, exclusive bonus unlocked. click now.",spam
"Limited offer on limited stock offer, act now for instant profit. visit this link immediately.",spam
"Limited offer on crypto package, win instantly. respond now for quick delivery.",spam
"Limited offer on luxury watch, buy one get one free. open attachment to claim.",spam
"Limited offer on weight loss pills, massive discount today. confirm now to get free access.",spam
"Limited offer on exclusive gadget, claim reward now. click now.",spam
"Limited offer on miracle investment plan, exclusive bonus unlocked. visit this link immediately.",spam
"Limited offer on limited stock offer, act now for instant profit. respond now for quick delivery.",spam
"Limited offer on crypto package, win instantly. open attachment to claim.",spam
"Limited offer on luxury watch, buy one get one free. confirm now to get free access.",spam
"Limited offer on weight loss pills, massive discount today. click now.",spam
"Limited offer on exclusive gadget, claim reward now. visit this link immediately.",spam
"Limited offer on miracle investment plan, exclusive bonus unlocked. respond now for quick delivery.",spam
"Limited offer on limited stock offer, act now for instant profit. open attachment to claim.",spam
"Limited offer on crypto package, win instantly. confirm now to get free access.",spam
"Limited offer on luxury watch, buy one get one free. click now.",spam
"Limited offer on weight loss pills, massive discount today. visit this link immediately.",spam
"Limited offer on exclusive gadget, claim reward now. respond now for quick delivery.",spam
"Limited offer on miracle investment plan, exclusive bonus unlocked. open attachment to claim.",spam
"Limited offer on limited stock offer, act now for instant profit. confirm now to get free access.",spam
"Limited offer on crypto package, win instantly. click now.",spam
"Limited offer on luxury watch, buy one get one free. visit this link immediately.",spam
"Limited offer on weight loss pills, massive discount today. respond now for quick delivery.",spam
"Limited offer on exclusive gadget, claim reward now. open attachment to claim.",spam
"Limited offer on miracle investment plan, exclusive bonus unlocked. confirm now to get free access.",spam
"Limited offer on limited stock offer, act now for instant profit. click now.",spam
"Limited offer on crypto package, win instantly. visit this link immediately.",spam
"Limited offer on luxury watch, buy one get one free. respond now for quick delivery.",spam
"Limited offer on weight loss pills, massive discount today. open attachment to claim.",spam
"Limited offer on exclusive gadget, claim reward now. confirm now to get free access.",spam
"Limited offer on miracle investment plan, exclusive bonus unlocked. click now.",spam
"Limited offer on limited stock offer, act now for instant profit. visit this link immediately.",spam
"Limited offer on crypto package, win instantly. respond now for quick delivery.",spam
"Limited offer on luxury watch, buy one get one free. open attachment to claim.",spam
"Limited offer on weight loss pills, massive discount today. confirm now to get free access.",spam
"Limited offer on exclusive gadget, claim reward now. click now.",spam
"Limited offer on miracle investment plan, exclusive bonus unlocked. visit this link immediately.",spam
"Limited offer on limited stock offer, act now for instant profit. respond now for quick delivery.",spam
"Limited offer on crypto package, win instantly. open attachment to claim.",spam
"Limited offer on luxury watch, buy one get one free. confirm now to get free access.",spam
"Limited offer on weight loss pills, massive discount today. click now.",spam
"Limited offer on exclusive gadget, claim reward now. visit this link immediately.",spam
"Limited offer on miracle investment plan, exclusive bonus unlocked. respond now for quick delivery.",spam
"Limited offer on limited stock offer, act now for instant profit. open attachment to claim.",spam
"Limited offer on crypto package, win instantly. confirm now to get free access.",spam
"Limited offer on luxury watch, buy one get one free. click now.",spam
"Limited offer on weight loss pills, massive discount today. visit this link immediately.",spam
"Limited offer on exclusive gadget, claim reward now. respond now for quick delivery.",spam
"Limited offer on miracle investment plan, exclusive bonus unlocked. open attachment to claim.",spam
"Limited offer on limited stock offer, act now for instant profit. confirm now to get free access.",spam
"Limited offer on crypto package, win instantly. click now.",spam
"Limited offer on luxury watch, buy one get one free. visit this link immediately.",spam
"Limited offer on weight loss pills, massive discount today. respond now for quick delivery.",spam
"Limited offer on exclusive gadget, claim reward now. open attachment to claim.",spam
"Limited offer on miracle investment plan, exclusive bonus unlocked. confirm now to get free access.",spam
"Limited offer on limited stock offer, act now for instant profit. click now.",spam
"Limited offer on crypto package, win instantly. visit this link immediately.",spam
"Limited offer on luxury watch, buy one get one free. respond now for quick delivery.",spam
"Limited offer on weight loss pills, massive discount today. open attachment to claim.",spam
"Limited offer on exclusive gadget, claim reward now. confirm now to get free access.",spam
"Limited offer on miracle investment plan, exclusive bonus unlocked. click now.",spam
"Limited offer on limited stock offer, act now for instant profit. visit this link immediately.",spam
"Limited offer on crypto package, win instantly. respond now for quick delivery.",spam
"Limited offer on luxury watch, buy one get one free. open attachment to claim.",spam
"Limited offer on weight loss pills, massive discount today. confirm now to get free access.",spam
"Limited offer on exclusive gadget, claim reward now. click now.",spam
"Limited offer on miracle investment plan, exclusive bonus unlocked. visit this link immediately.",spam
"Limited offer on limited stock offer, act now for instant profit. respond now for quick delivery.",spam
"Limited offer on crypto package, win instantly. open attachment to claim.",spam
"Limited offer on luxury watch, buy one get one free. confirm now to get free access.",spam
"Limited offer on weight loss pills, massive discount today. click now.",spam
"Limited offer on exclusive gadget, claim reward now. visit this link immediately.",spam
"Limited offer on miracle investment plan, exclusive bonus unlocked. respond now for quick delivery.",spam
"Limited offer on limited stock offer, act now for instant profit. open attachment to claim.",spam
"Limited offer on crypto package, win instantly. confirm now to get free access.",spam
"Limited offer on luxury watch, buy one get one free. click now.",spam
"Limited offer on weight loss pills, massive discount today. visit this link immediately.",spam
"Limited offer on exclusive gadget, claim reward now. respond now for quick delivery.",spam
"Limited offer on miracle investment plan, exclusive bonus unlocked. open attachment to claim.",spam
"Limited offer on limited stock offer, act now for instant profit. confirm now to get free access.",spam
"Limited offer on crypto package, win instantly. click now.",spam
"Limited offer on luxury watch, buy one get one free. visit this link immediately.",spam
"Limited offer on weight loss pills, massive discount today. respond now for quick delivery.",spam
"Limited offer on exclusive gadget, claim reward now. open attachment to claim.",spam
"Limited offer on miracle investment plan, exclusive bonus unlocked. confirm now to get free access.",spam
"Limited offer on limited stock offer, act now for instant profit. click now.",spam
"Limited offer on crypto package, win instantly. visit this link immediately.",spam
"Limited offer on luxury watch, buy one get one free. respond now for quick delivery.",spam
"Limited offer on weight loss pills, massive discount today. open attachment to claim.",spam
"Limited offer on exclusive gadget, claim reward now. confirm now to get free access.",spam
"Security notice: verify account within 30 minutes. Complete it using the secure portal link.",phishing
"Security notice: confirm bank credentials or account will be suspended. Complete it via this security form.",phishing
"Security notice: reset your password to avoid service interruption. Complete it through this authentication page.",phishing
"Security notice: unlock suspended mailbox to prevent payment failure. Complete it using this verification document.",phishing
"Security notice: validate invoice payment to keep system access active. Complete it using the secure portal link.",phishing
"Security notice: confirm multifactor login within 30 minutes. Complete it via this security form.",phishing
"Security notice: verify account or account will be suspended. Complete it through this authentication page.",phishing
"Security notice: confirm bank credentials to avoid service interruption. Complete it using this verification document.",phishing
"Security notice: reset your password to prevent payment failure. Complete it using the secure portal link.",phishing
"Security notice: unlock suspended mailbox to keep system access active. Complete it via this security form.",phishing
"Security notice: validate invoice payment within 30 minutes. Complete it through this authentication page.",phishing
"Security notice: confirm multifactor login or account will be suspended. Complete it using this verification document.",phishing
"Security notice: verify account to avoid service interruption. Complete it using the secure portal link.",phishing
"Security notice: confirm bank credentials to prevent payment failure. Complete it via this security form.",phishing
"Security notice: reset your password to keep system access active. Complete it through this authentication page.",phishing
"Security notice: unlock suspended mailbox within 30 minutes. Complete it using this verification document.",phishing
"Security notice: validate invoice payment or account will be suspended. Complete it using the secure portal link.",phishing
"Security notice: confirm multifactor login to avoid service interruption. Complete it via this security form.",phishing
"Security notice: verify account to prevent payment failure. Complete it through this authentication page.",phishing
"Security notice: confirm bank credentials to keep system access active. Complete it using this verification document.",phishing
"Security notice: reset your password within 30 minutes. Complete it using the secure portal link.",phishing
"Security notice: unlock suspended mailbox or account will be suspended. Complete it via this security form.",phishing
"Security notice: validate invoice payment to avoid service interruption. Complete it through this authentication page.",phishing
"Security notice: confirm multifactor login to prevent payment failure. Complete it using this verification document.",phishing
"Security notice: verify account to keep system access active. Complete it using the secure portal link.",phishing
"Security notice: confirm bank credentials within 30 minutes. Complete it via this security form.",phishing
"Security notice: reset your password or account will be suspended. Complete it through this authentication page.",phishing
"Security notice: unlock suspended mailbox to avoid service interruption. Complete it using this verification document.",phishing
"Security notice: validate invoice payment to prevent payment failure. Complete it using the secure portal link.",phishing
"Security notice: confirm multifactor login to keep system access active. Complete it via this security form.",phishing
"Security notice: verify account within 30 minutes. Complete it through this authentication page.",phishing
"Security notice: confirm bank credentials or account will be suspended. Complete it using this verification document.",phishing
"Security notice: reset your password to avoid service interruption. Complete it using the secure portal link.",phishing
"Security notice: unlock suspended mailbox to prevent payment failure. Complete it via this security form.",phishing
"Security notice: validate invoice payment to keep system access active. Complete it through this authentication page.",phishing
"Security notice: confirm multifactor login within 30 minutes. Complete it using this verification document.",phishing
"Security notice: verify account or account will be suspended. Complete it using the secure portal link.",phishing
"Security notice: confirm bank credentials to avoid service interruption. Complete it via this security form.",phishing
"Security notice: reset your password to prevent payment failure. Complete it through this authentication page.",phishing
"Security notice: unlock suspended mailbox to keep system access active. Complete it using this verification document.",phishing
"Security notice: validate invoice payment within 30 minutes. Complete it using the secure portal link.",phishing
"Security notice: confirm multifactor login or account will be suspended. Complete it via this security form.",phishing
"Security notice: verify account to avoid service interruption. Complete it through this authentication page.",phishing
"Security notice: confirm bank credentials to prevent payment failure. Complete it using this verification document.",phishing
"Security notice: reset your password to keep system access active. Complete it using the secure portal link.",phishing
"Security notice: unlock suspended mailbox within 30 minutes. Complete it via this security form.",phishing
"Security notice: validate invoice payment or account will be suspended. Complete it through this authentication page.",phishing
"Security notice: confirm multifactor login to avoid service interruption. Complete it using this verification document.",phishing
"Security notice: verify account to prevent payment failure. Complete it using the secure portal link.",phishing
"Security notice: confirm bank credentials to keep system access active. Complete it via this security form.",phishing
"Security notice: reset your password within 30 minutes. Complete it through this authentication page.",phishing
"Security notice: unlock suspended mailbox or account will be suspended. Complete it using this verification document.",phishing
"Security notice: validate invoice payment to avoid service interruption. Complete it using the secure portal link.",phishing
"Security notice: confirm multifactor login to prevent payment failure. Complete it via this security form.",phishing
"Security notice: verify account to keep system access active. Complete it through this authentication page.",phishing
"Security notice: confirm bank credentials within 30 minutes. Complete it using this verification document.",phishing
"Security notice: reset your password or account will be suspended. Complete it using the secure portal link.",phishing
"Security notice: unlock suspended mailbox to avoid service interruption. Complete it via this security form.",phishing
"Security notice: validate invoice payment to prevent payment failure. Complete it through this authentication page.",phishing
"Security notice: confirm multifactor login to keep system access active. Complete it using this verification document.",phishing
"Security notice: verify account within 30 minutes. Complete it using the secure portal link.",phishing
"Security notice: confirm bank credentials or account will be suspended. Complete it via this security form.",phishing
"Security notice: reset your password to avoid service interruption. Complete it through this authentication page.",phishing
"Security notice: unlock suspended mailbox to prevent payment failure. Complete it using this verification document.",phishing
"Security notice: validate invoice payment to keep system access active. Complete it using the secure portal link.",phishing
"Security notice: confirm multifactor login within 30 minutes. Complete it via this security form.",phishing
"Security notice: verify account or account will be suspended. Complete it through this authentication page.",phishing
"Security notice: confirm bank credentials to avoid service interruption. Complete it using this verification document.",phishing
"Security notice: reset your password to prevent payment failure. Complete it using the secure portal link.",phishing
"Security notice: unlock suspended mailbox to keep system access active. Complete it via this security form.",phishing
"Security notice: validate invoice payment within 30 minutes. Complete it through this authentication page.",phishing
"Security notice: confirm multifactor login or account will be suspended. Complete it using this verification document.",phishing
"Security notice: verify account to avoid service interruption. Complete it using the secure portal link.",phishing
"Security notice: confirm bank credentials to prevent payment failure. Complete it via this security form.",phishing
"Security notice: reset your password to keep system access active. Complete it through this authentication page.",phishing
"Security notice: unlock suspended mailbox within 30 minutes. Complete it using this verification document.",phishing
"Security notice: validate invoice payment or account will be suspended. Complete it using the secure portal link.",phishing
"Security notice: confirm multifactor login to avoid service interruption. Complete it via this security form.",phishing
"Security notice: verify account to prevent payment failure. Complete it through this authentication page.",phishing
"Security notice: confirm bank credentials to keep system access active. Complete it using this verification document.",phishing
"Security notice: reset your password within 30 minutes. Complete it using the secure portal link.",phishing
"Security notice: unlock suspended mailbox or account will be suspended. Complete it via this security form.",phishing
"Security notice: validate invoice payment to avoid service interruption. Complete it through this authentication page.",phishing
"Security notice: confirm multifactor login to prevent payment failure. Complete it using this verification document.",phishing
"Security notice: verify account to keep system access active. Complete it using the secure portal link.",phishing
"Security notice: confirm bank credentials within 30 minutes. Complete it via this security form.",phishing
"Security notice: reset your password or account will be suspended. Complete it through this authentication page.",phishing
"Security notice: unlock suspended mailbox to avoid service interruption. Complete it using this verification document.",phishing
"Security notice: validate invoice payment to prevent payment failure. Complete it using the secure portal link.",phishing
"Security notice: confirm multifactor login to keep system access active. Complete it via this security form.",phishing
"Security notice: verify account within 30 minutes. Complete it through this authentication page.",phishing
"Security notice: confirm bank credentials or account will be suspended. Complete it using this verification document.",phishing
"Security notice: reset your password to avoid service interruption. Complete it using the secure portal link.",phishing
"Security notice: unlock suspended mailbox to prevent payment failure. Complete it via this security form.",phishing
"Security notice: validate invoice payment to keep system access active. Complete it through this authentication page.",phishing
"Security notice: confirm multifactor login within 30 minutes. Complete it using this verification document.",phishing
"Security notice: verify account or account will be suspended. Complete it using the secure portal link.",phishing
"Security notice: confirm bank credentials to avoid service interruption. Complete it via this security form.",phishing
"Security notice: reset your password to prevent payment failure. Complete it through this authentication page.",phishing
"Security notice: unlock suspended mailbox to keep system access active. Complete it using this verification document.",phishing
"Security notice: validate invoice payment within 30 minutes. Complete it using the secure portal link.",phishing
"Security notice: confirm multifactor login or account will be suspended. Complete it via this security form.",phishing
"Security notice: verify account to avoid service interruption. Complete it through this authentication page.",phishing
"Security notice: confirm bank credentials to prevent payment failure. Complete it using this verification document.",phishing
"Security notice: reset your password to keep system access active. Complete it using the secure portal link.",phishing
"Security notice: unlock suspended mailbox within 30 minutes. Complete it via this security form.",phishing
"Security notice: validate invoice payment or account will be suspended. Complete it through this authentication page.",phishing
"Security notice: confirm multifactor login to avoid service interruption. Complete it using this verification document.",phishing
"Security notice: verify account to prevent payment failure. Complete it using the secure portal link.",phishing
"Security notice: confirm bank credentials to keep system access active. Complete it via this security form.",phishing
"Security notice: reset your password within 30 minutes. Complete it through this authentication page.",phishing
"Security notice: unlock suspended mailbox or account will be suspended. Complete it using this verification document.",phishing
"Security notice: validate invoice payment to avoid service interruption. Complete it using the secure portal link.",phishing
"Security notice: confirm multifactor login to prevent payment failure. Complete it via this security form.",phishing
"Security notice: verify account to keep system access active. Complete it through this authentication page.",phishing
"Security notice: confirm bank credentials within 30 minutes. Complete it using this verification document.",phishing
"Security notice: reset your password or account will be suspended. Complete it using the secure portal link.",phishing
"Security notice: unlock suspended mailbox to avoid service interruption. Complete it via this security form.",phishing
"Security notice: validate invoice payment to prevent payment failure. Complete it through this authentication page.",phishing
"Security notice: confirm multifactor login to keep system access active. Complete it using this verification document.",phishing
"Security notice: verify account within 30 minutes. Complete it using the secure portal link.",phishing
"Security notice: confirm bank credentials or account will be suspended. Complete it via this security form.",phishing
"Security notice: reset your password to avoid service interruption. Complete it through this authentication page.",phishing
"Security notice: unlock suspended mailbox to prevent payment failure. Complete it using this verification document.",phishing
"Security notice: validate invoice payment to keep system access active. Complete it using the secure portal link.",phishing
"Security notice: confirm multifactor login within 30 minutes. Complete it via this security form.",phishing
"Security notice: verify account or account will be suspended. Complete it through this authentication page.",phishing
"Security notice: confirm bank credentials to avoid service interruption. Complete it using this verification document.",phishing
"Security notice: reset your password to prevent payment failure. Complete it using the secure portal link.",phishing
"Security notice: unlock suspended mailbox to keep system access active. Complete it via this security form.",phishing
"Security notice: validate invoice payment within 30 minutes. Complete it through this authentication page.",phishing
"Security notice: confirm multifactor login or account will be suspended. Complete it using this verification document.",phishing
"Security notice: verify account to avoid service interruption. Complete it using the secure portal link.",phishing
"Security notice: confirm bank credentials to prevent payment failure. Complete it via this security form.",phishing
"Security notice: reset your password to keep system access active. Complete it through this authentication page.",phishing
"Security notice: unlock suspended mailbox within 30 minutes. Complete it using this verification document.",phishing
"Security notice: validate invoice payment or account will be suspended. Complete it using the secure portal link.",phishing
"Security notice: confirm multifactor login to avoid service interruption. Complete it via this security form.",phishing
"Security notice: verify account to prevent payment failure. Complete it through this authentication page.",phishing
"Security notice: confirm bank credentials to keep system access active. Complete it using this verification document.",phishing
"Security notice: reset your password within 30 minutes. Complete it using the secure portal link.",phishing
"Security notice: unlock suspended mailbox or account will be suspended. Complete it via this security form.",phishing
"Security notice: validate invoice payment to avoid service interruption. Complete it through this authentication page.",phishing
"Security notice: confirm multifactor login to prevent payment failure. Complete it using this verification document.",phishing
"Security notice: verify account to keep system access active. Complete it using the secure portal link.",phishing
"Security notice: confirm bank credentials within 30 minutes. Complete it via this security form.",phishing
"Security notice: reset your password or account will be suspended. Complete it through this authentication page.",phishing
"Security notice: unlock suspended mailbox to avoid service interruption. Complete it using this verification document.",phishing
"Security notice: validate invoice payment to prevent payment failure. Complete it using the secure portal link.",phishing
"Security notice: confirm multifactor login to keep system access active. Complete it via this security form.",phishing
"Security notice: verify account within 30 minutes. Complete it through this authentication page.",phishing
"Security notice: confirm bank credentials or account will be suspended. Complete it using this verification document.",phishing
"Security notice: reset your password to avoid service interruption. Complete it using the secure portal link.",phishing
"Security notice: unlock suspended mailbox to prevent payment failure. Complete it via this security form.",phishing
"Security notice: validate invoice payment to keep system access active. Complete it through this authentication page.",phishing
"Security notice: confirm multifactor login within 30 minutes. Complete it using this verification document.",phishing
"Security notice: verify account or account will be suspended. Complete it using the secure portal link.",phishing
"Security notice: confirm bank credentials to avoid service interruption. Complete it via this security form.",phishing
"Security notice: reset your password to prevent payment failure. Complete it through this authentication page.",phishing
"Security notice: unlock suspended mailbox to keep system access active. Complete it using this verification document.",phishing
"Security notice: validate invoice payment within 30 minutes. Complete it using the secure portal link.",phishing
"Security notice: confirm multifactor login or account will be suspended. Complete it via this security form.",phishing
"Security notice: verify account to avoid service interruption. Complete it through this authentication page.",phishing
"Security notice: confirm bank credentials to prevent payment failure. Complete it using this verification document.",phishing
"Security notice: reset your password to keep system access active. Complete it using the secure portal link.",phishing
"Security notice: unlock suspended mailbox within 30 minutes. Complete it via this security form.",phishing
"Security notice: validate invoice payment or account will be suspended. Complete it through this authentication page.",phishing
"Security notice: confirm multifactor login to avoid service interruption. Complete it using this verification document.",phishing
"Security notice: verify account to prevent payment failure. Complete it using the secure portal link.",phishing
"Security notice: confirm bank credentials to keep system access active. Complete it via this security form.",phishing
"Security notice: reset your password within 30 minutes. Complete it through this authentication page.",phishing
"Security notice: unlock suspended mailbox or account will be suspended. Complete it using this verification document.",phishing
"Security notice: validate invoice payment to avoid service interruption. Complete it using the secure portal link.",phishing
"Security notice: confirm multifactor login to prevent payment failure. Complete it via this security form.",phishing
"Security notice: verify account to keep system access active. Complete it through this authentication page.",phishing
"Security notice: confirm bank credentials within 30 minutes. Complete it using this verification document.",phishing
"Security notice: reset your password or account will be suspended. Complete it using the secure portal link.",phishing
"Security notice: unlock suspended mailbox to avoid service interruption. Complete it via this security form.",phishing
"Security notice: validate invoice payment to prevent payment failure. Complete it through this authentication page.",phishing
"Security notice: confirm multifactor login to keep system access active. Complete it using this verification document.",phishing
"Security notice: verify account within 30 minutes. Complete it using the secure portal link.",phishing
"Security notice: confirm bank credentials or account will be suspended. Complete it via this security form.",phishing
"Security notice: reset your password to avoid service interruption. Complete it through this authentication page.",phishing
"Security notice: unlock suspended mailbox to prevent payment failure. Complete it using this verification document.",phishing
"Security notice: validate invoice payment to keep system access active. Complete it using the secure portal link.",phishing
"Security notice: confirm multifactor login within 30 minutes. Complete it via this security form.",phishing
"Security notice: verify account or account will be suspended. Complete it through this authentication page.",phishing
"Security notice: confirm bank credentials to avoid service interruption. Complete it using this verification document.",phishing
"Security notice: reset your password to prevent payment failure. Complete it using the secure portal link.",phishing
"Security notice: unlock suspended mailbox to keep system access active. Complete it via this security form.",phishing
"Security notice: validate invoice payment within 30 minutes. Complete it through this authentication page.",phishing
"Security notice: confirm multifactor login or account will be suspended. Complete it using this verification document.",phishing
"Security notice: verify account to avoid service interruption. Complete it using the secure portal link.",phishing
"Security notice: confirm bank credentials to prevent payment failure. Complete it via this security form.",phishing
"Security notice: reset your password to keep system access active. Complete it through this authentication page.",phishing
"Security notice: unlock suspended mailbox within 30 minutes. Complete it using this verification document.",phishing
"Security notice: validate invoice payment or account will be suspended. Complete it using the secure portal link.",phishing
"Security notice: confirm multifactor login to avoid service interruption. Complete it via this security form.",phishing
"Security notice: verify account to prevent payment failure. Complete it through this authentication page.",phishing
"Security notice: confirm bank credentials to keep system access active. Complete it using this verification document.",phishing
"Security notice: reset your password within 30 minutes. Complete it using the secure portal link.",phishing
"Security notice: unlock suspended mailbox or account will be suspended. Complete it via this security form.",phishing
"Security notice: validate invoice payment to avoid service interruption. Complete it through this authentication page.",phishing
"Security notice: confirm multifactor login to prevent payment failure. Complete it using this verification document.",phishing
"Security notice: verify account to keep system access active. Complete it using the secure portal link.",phishing
"Security notice: confirm bank credentials within 30 minutes. Complete it via this security form.",phishing
"Security notice: reset your password or account will be suspended. Complete it through this authentication page.",phishing
"Security notice: unlock suspended mailbox to avoid service interruption. Complete it using this verification document.",phishing
"Security notice: validate invoice payment to prevent payment failure. Complete it using the secure portal link.",phishing
"Security notice: confirm multifactor login to keep system access active. Complete it via this security form.",phishing
"Security notice: verify account within 30 minutes. Complete it through this authentication page.",phishing
"Security notice: confirm bank credentials or account will be suspended. Complete it using this verification document.",phishing
"Security notice: reset your password to avoid service interruption. Complete it using the secure portal link.",phishing
"Security notice: unlock suspended mailbox to prevent payment failure. Complete it via this security form.",phishing
"Security notice: validate invoice payment to keep system access active. Complete it through this authentication page.",phishing
"Security notice: confirm multifactor login within 30 minutes. Complete it using this verification document.",phishing
"Security notice: verify account or account will be suspended. Complete it using the secure portal link.",phishing
"Security notice: confirm bank credentials to avoid service interruption. Complete it via this security form.",phishing
"Security notice: reset your password to prevent payment failure. Complete it through this authentication page.",phishing
"Security notice: unlock suspended mailbox to keep system access active. Complete it using this verification document.",phishing
"Security notice: validate invoice payment within 30 minutes. Complete it using the secure portal link.",phishing
"Security notice: confirm multifactor login or account will be suspended. Complete it via this security form.",phishing
"Security notice: verify account to avoid service interruption. Complete it through this authentication page.",phishing
"Security notice: confirm bank credentials to prevent payment failure. Complete it using this verification document.",phishing
"Security notice: reset your password to keep system access active. Complete it using the secure portal link.",phishing
"Security notice: unlock suspended mailbox within 30 minutes. Complete it via this security form.",phishing
"Security notice: validate invoice payment or account will be suspended. Complete it through this authentication page.",phishing
"Security notice: confirm multifactor login to avoid service interruption. Complete it using this verification document.",phishing
"Security notice: verify account to prevent payment failure. Complete it using the secure portal link.",phishing
"Security notice: confirm bank credentials to keep system access active. Complete it via this security form.",phishing
"Security notice: reset your password within 30 minutes. Complete it through this authentication page.",phishing
"Security notice: unlock suspended mailbox or account will be suspended. Complete it using this verification document.",phishing
"Security notice: validate invoice payment to avoid service interruption. Complete it using the secure portal link.",phishing
"Security notice: confirm multifactor login to prevent payment failure. Complete it via this security form.",phishing
"Security notice: verify account to keep system access active. Complete it through this authentication page.",phishing
"Security notice: confirm bank credentials within 30 minutes. Complete it using this verification document.",phishing
"Security notice: reset your password or account will be suspended. Complete it using the secure portal link.",phishing
"Security notice: unlock suspended mailbox to avoid service interruption. Complete it via this security form.",phishing
"Security notice: validate invoice payment to prevent payment failure. Complete it through this authentication page.",phishing
"Security notice: confirm multifactor login to keep system access active. Complete it using this verification document.",phishing
"Security notice: verify account within 30 minutes. Complete it using the secure portal link.",phishing
"Security notice: confirm bank credentials or account will be suspended. Complete it via this security form.",phishing
"Security notice: reset your password to avoid service interruption. Complete it through this authentication page.",phishing
"Security notice: unlock suspended mailbox to prevent payment failure. Complete it using this verification document.",phishing
"Security notice: validate invoice payment to keep system access active. Complete it using the secure portal link.",phishing
"Security notice: confirm multifactor login within 30 minutes. Complete it via this security form.",phishing
"Security notice: verify account or account will be suspended. Complete it through this authentication page.",phishing
"Security notice: confirm bank credentials to avoid service interruption. Complete it using this verification document.",phishing
"Security notice: reset your password to prevent payment failure. Complete it using the secure portal link.",phishing
"Security notice: unlock suspended mailbox to keep system access active. Complete it via this security form.",phishing
"Security notice: validate invoice payment within 30 minutes. Complete it through this authentication page.",phishing
"Security notice: confirm multifactor login or account will be suspended. Complete it using this verification document.",phishing
"Security notice: verify account to avoid service interruption. Complete it using the secure portal link.",phishing
"Security notice: confirm bank credentials to prevent payment failure. Complete it via this security form.",phishing
"Security notice: reset your password to keep system access active. Complete it through this authentication page.",phishing
"Security notice: unlock suspended mailbox within 30 minutes. Complete it using this verification document.",phishing
"Security notice: validate invoice payment or account will be suspended. Complete it using the secure portal link.",phishing
"Security notice: confirm multifactor login to avoid service interruption. Complete it via this security form.",phishing
"Security notice: verify account to prevent payment failure. Complete it through this authentication page.",phishing
"Security notice: confirm bank credentials to keep system access active. Complete it using this verification document.",phishing
"Security notice: reset your password within 30 minutes. Complete it using the secure portal link.",phishing
"Security notice: unlock suspended mailbox or account will be suspended. Complete it via this security form.",phishing
"Security notice: validate invoice payment to avoid service interruption. Complete it through this authentication page.",phishing
"Security notice: confirm multifactor login to prevent payment failure. Complete it using this verification document.",phishing
"Security notice: verify account to keep system access active. Complete it using the secure portal link.",phishing
"Security notice: confirm bank credentials within 30 minutes. Complete it via this security form.",phishing
"Security notice: reset your password or account will be suspended. Complete it through this authentication page.",phishing
"Security notice: unlock suspended mailbox to avoid service interruption. Complete it using this verification document.",phishing
"Security notice: validate invoice payment to prevent payment failure. Complete it using the secure portal link.",phishing
"Security notice: confirm multifactor login to keep system access active. Complete it via this security form.",phishing
"Security notice: verify account within 30 minutes. Complete it through this authentication page.",phishing
"Security notice: confirm bank credentials or account will be suspended. Complete it using this verification document.",phishing
"Security notice: reset your password to avoid service interruption. Complete it using the secure portal link.",phishing
"Security notice: unlock suspended mailbox to prevent payment failure. Complete it via this security form.",phishing
"Security notice: validate invoice payment to keep system access active. Complete it through this authentication page.",phishing
"Security notice: confirm multifactor login within 30 minutes. Complete it using this verification document.",phishing
"Security notice: verify account or account will be suspended. Complete it using the secure portal link.",phishing
"Security notice: confirm bank credentials to avoid service interruption. Complete it via this security form.",phishing
"Security notice: reset your password to prevent payment failure. Complete it through this authentication page.",phishing
"Security notice: unlock suspended mailbox to keep system access active. Complete it using this verification document.",phishing
"Security notice: validate invoice payment within 30 minutes. Complete it using the secure portal link.",phishing
"Security notice: confirm multifactor login or account will be suspended. Complete it via this security form.",phishing
"Security notice: verify account to avoid service interruption. Complete it through this authentication page.",phishing
"Security notice: confirm bank credentials to prevent payment failure. Complete it using this verification document.",phishing
"Security notice: reset your password to keep system access active. Complete it using the secure portal link.",phishing
"Security notice: unlock suspended mailbox within 30 minutes. Complete it via this security form.",phishing
"Security notice: validate invoice payment or account will be suspended. Complete it through this authentication page.",phishing
"Security notice: confirm multifactor login to avoid service interruption. Complete it using this verification document.",phishing
"Security notice: verify account to prevent payment failure. Complete it using the secure portal link.",phishing
"Security notice: confirm bank credentials to keep system access active. Complete it via this security form.",phishing
"Security notice: reset your password within 30 minutes. Complete it through this authentication page.",phishing
"Security notice: unlock suspended mailbox or account will be suspended. Complete it using this verification document.",phishing
"Security notice: validate invoice payment to avoid service interruption. Complete it using the secure portal link.",phishing
"Security notice: confirm multifactor login to prevent payment failure. Complete it via this security form.",phishing
"Security notice: verify account to keep system access active. Complete it through this authentication page.",phishing
"Security notice: confirm bank credentials within 30 minutes. Complete it using this verification document.",phishing
"Security notice: reset your password or account will be suspended. Complete it using the secure portal link.",phishing
"Security notice: unlock suspended mailbox to avoid service interruption. Complete it via this security form.",phishing
"Security notice: validate invoice payment to prevent payment failure. Complete it through this authentication page.",phishing
"Security notice: confirm multifactor login to keep system access active. Complete it using this verification document.",phishing
"Security notice: verify account within 30 minutes. Complete it using the secure portal link.",phishing
"Security notice: confirm bank credentials or account will be suspended. Complete it via this security form.",phishing
"Security notice: reset your password to avoid service interruption. Complete it through this authentication page.",phishing
"Security notice: unlock suspended mailbox to prevent payment failure. Complete it using this verification document.",phishing
"Security notice: validate invoice payment to keep system access active. Complete it using the secure portal link.",phishing
"Security notice: confirm multifactor login within 30 minutes. Complete it via this security form.",phishing
"Security notice: verify account or account will be suspended. Complete it through this authentication page.",phishing
"Security notice: confirm bank credentials to avoid service interruption. Complete it using this verification document.",phishing
"Security notice: reset your password to prevent payment failure. Complete it using the secure portal link.",phishing
"Security notice: unlock suspended mailbox to keep system access active. Complete it via this security form.",phishing
"Security notice: validate invoice payment within 30 minutes. Complete it through this authentication page.",phishing
"Security notice: confirm multifactor login or account will be suspended. Complete it using this verification document.",phishing
"Security notice: verify account to avoid service interruption. Complete it using the secure portal link.",phishing
"Security notice: confirm bank credentials to prevent payment failure. Complete it via this security form.",phishing
"Security notice: reset your password to keep system access active. Complete it through this authentication page.",phishing
"Security notice: unlock suspended mailbox within 30 minutes. Complete it using this verification document.",phishing
"Security notice: validate invoice payment or account will be suspended. Complete it using the secure portal link.",phishing
"Security notice: confirm multifactor login to avoid service interruption. Complete it via this security form.",phishing
"Security notice: verify account to prevent payment failure. Complete it through this authentication page.",phishing
"Security notice: confirm bank credentials to keep system access active. Complete it using this verification document.",phishing
"Security notice: reset your password within 30 minutes. Complete it using the secure portal link.",phishing
"Security notice: unlock suspended mailbox or account will be suspended. Complete it via this security form.",phishing
"Security notice: validate invoice payment to avoid service interruption. Complete it through this authentication page.",phishing
"Security notice: confirm multifactor login to prevent payment failure. Complete it using this verification document.",phishing
"Security notice: verify account to keep system access active. Complete it using the secure portal link.",phishing
"Security notice: confirm bank credentials within 30 minutes. Complete it via this security form.",phishing
"Security notice: reset your password or account will be suspended. Complete it through this authentication page.",phishing
"Security notice: unlock suspended mailbox to avoid service interruption. Complete it using this verification document.",phishing
"Security notice: validate invoice payment to prevent payment failure. Complete it using the secure portal link.",phishing
"Security notice: confirm multifactor login to keep system access active. Complete it via this security form.",phishing
"Security notice: verify account within 30 minutes. Complete it through this authentication page.",phishing
"Security notice: confirm bank credentials or account will be suspended. Complete it using this verification document.",phishing
"Security notice: reset your password to avoid service interruption. Complete it using the secure portal link.",phishing
"Security notice: unlock suspended mailbox to prevent payment failure. Complete it via this security form.",phishing
"Security notice: validate invoice payment to keep system access active. Complete it through this authentication page.",phishing
"Security notice: confirm multifactor login within 30 minutes. Complete it using this verification document.",phishing
"Security notice: verify account or account will be suspended. Complete it using the secure portal link.",phishing
"Security notice: confirm bank credentials to avoid service interruption. Complete it via this security form.",phishing
"Security notice: reset your password to prevent payment failure. Complete it through this authentication page.",phishing
"Security notice: unlock suspended mailbox to keep system access active. Complete it using this verification document.",phishing
"Security notice: validate invoice payment within 30 minutes. Complete it using the secure portal link.",phishing
"Security notice: confirm multifactor login or account will be suspended. Complete it via this security form.",phishing
"Security notice: verify account to avoid service interruption. Complete it through this authentication page.",phishing
"Security notice: confirm bank credentials to prevent payment failure. Complete it using this verification document.",phishing
"Security notice: reset your password to keep system access active. Complete it using the secure portal link.",phishing
"Security notice: unlock suspended mailbox within 30 minutes. Complete it via this security form.",phishing
"Security notice: validate invoice payment or account will be suspended. Complete it through this authentication page.",phishing
"Security notice: confirm multifactor login to avoid service interruption. Complete it using this verification document.",phishing
"Security notice: verify account to prevent payment failure. Complete it using the secure portal link.",phishing
"Security notice: confirm bank credentials to keep system access active. Complete it via this security form.",phishing
"Security notice: reset your password within 30 minutes. Complete it through this authentication page.",phishing
"Security notice: unlock suspended mailbox or account will be suspended. Complete it using this verification document.",phishing
"Security notice: validate invoice payment to avoid service interruption. Complete it using the secure portal link.",phishing
"Security notice: confirm multifactor login to prevent payment failure. Complete it via this security form.",phishing
"Security notice: verify account to keep system access active. Complete it through this authentication page.",phishing
"Security notice: confirm bank credentials within 30 minutes. Complete it using this verification document.",phishing
"Security notice: reset your password or account will be suspended. Complete it using the secure portal link.",phishing
"Security notice: unlock suspended mailbox to avoid service interruption. Complete it via this security form.",phishing
"Security notice: validate invoice payment to prevent payment failure. Complete it through this authentication page.",phishing
"Security notice: confirm multifactor login to keep system access active. Complete it using this verification document.",phishing
"Security notice: verify account within 30 minutes. Complete it using the secure portal link.",phishing
"Security notice: confirm bank credentials or account will be suspended. Complete it via this security form.",phishing
"Security notice: reset your password to avoid service interruption. Complete it through this authentication page.",phishing
"Security notice: unlock suspended mailbox to prevent payment failure. Complete it using this verification document.",phishing
"Security notice: validate invoice payment to keep system access active. Complete it using the secure portal link.",phishing
"Security notice: confirm multifactor login within 30 minutes. Complete it via this security form.",phishing
"Security notice: verify account or account will be suspended. Complete it through this authentication page.",phishing
"Security notice: confirm bank credentials to avoid service interruption. Complete it using this verification document.",phishing
"Security notice: reset your password to prevent payment failure. Complete it using the secure portal link.",phishing
"Security notice: unlock suspended mailbox to keep system access active. Complete it via this security form.",phishing
"Security notice: validate invoice payment within 30 minutes. Complete it through this authentication page.",phishing
"Security notice: confirm multifactor login or account will be suspended. Complete it using this verification document.",phishing
"Security notice: verify account to avoid service interruption. Complete it using the secure portal link.",phishing
"Security notice: confirm bank credentials to prevent payment failure. Complete it via this security form.",phishing
"Security notice: reset your password to keep system access active. Complete it through this authentication page.",phishing
"Security notice: unlock suspended mailbox within 30 minutes. Complete it using this verification document.",phishing
"Security notice: validate invoice payment or account will be suspended. Complete it using the secure portal link.",phishing
"Security notice: confirm multifactor login to avoid service interruption. Complete it via this security form.",phishing
"Security notice: verify account to prevent payment failure. Complete it through this authentication page.",phishing
"Security notice: confirm bank credentials to keep system access active. Complete it using this verification document.",phishing
"Security notice: reset your password within 30 minutes. Complete it using the secure portal link.",phishing
"Security notice: unlock suspended mailbox or account will be suspended. Complete it via this security form.",phishing
"Security notice: validate invoice payment to avoid service interruption. Complete it through this authentication page.",phishing
"Security notice: confirm multifactor login to prevent payment failure. Complete it using this verification document.",phishing
"Security notice: verify account to keep system access active. Complete it using the secure portal link.",phishing
"Security notice: confirm bank credentials within 30 minutes. Complete it via this security form.",phishing
"Security notice: reset your password or account will be suspended. Complete it through this authentication page.",phishing
"Security notice: unlock suspended mailbox to avoid service interruption. Complete it using this verification document.",phishing
"Security notice: validate invoice payment to prevent payment failure. Complete it using the secure portal link.",phishing
"Security notice: confirm multifactor login to keep system access active. Complete it via this security form.",phishing
"Security notice: verify account within 30 minutes. Complete it through this authentication page.",phishing
"Security notice: confirm bank credentials or account will be suspended. Complete it using this verification document.",phishing
"Security notice: reset your password to avoid service interruption. Complete it using the secure portal link.",phishing
"Security notice: unlock suspended mailbox to prevent payment failure. Complete it via this security form.",phishing
"Security notice: validate invoice payment to keep system access active. Complete it through this authentication page.",phishing
"Security notice: confirm multifactor login within 30 minutes. Complete it using this verification document.",phishing
"Security notice: verify account or account will be suspended. Complete it using the secure portal link.",phishing
"Security notice: confirm bank credentials to avoid service interruption. Complete it via this security form.",phishing
"Security notice: reset your password to prevent payment failure. Complete it through this authentication page.",phishing
"Security notice: unlock suspended mailbox to keep system access active. Complete it using this verification document.",phishing
"Security notice: validate invoice payment within 30 minutes. Complete it using the secure portal link.",phishing
"Security notice: confirm multifactor login or account will be suspended. Complete it via this security form.",phishing
"Security notice: verify account to avoid service interruption. Complete it through this authentication page.",phishing
"Security notice: confirm bank credentials to prevent payment failure. Complete it using this verification document.",phishing
"Security notice: reset your password to keep system access active. Complete it using the secure portal link.",phishing
"Security notice: unlock suspended mailbox within 30 minutes. Complete it via this security form.",phishing
"Security notice: validate invoice payment or account will be suspended. Complete it through this authentication page.",phishing
"Security notice: confirm multifactor login to avoid service interruption. Complete it using this verification document.",phishing
"Security notice: verify account to prevent payment failure. Complete it using the secure portal link.",phishing
"Security notice: confirm bank credentials to keep system access active. Complete it via this security form.",phishing
"Security notice: reset your password within 30 minutes. Complete it through this authentication page.",phishing
"Security notice: unlock suspended mailbox or account will be suspended. Complete it using this verification document.",phishing
"Security notice: validate invoice payment to avoid service interruption. Complete it using the secure portal link.",phishing
"Security notice: confirm multifactor login to prevent payment failure. Complete it via this security form.",phishing
"Security notice: verify account to keep system access active. Complete it through this authentication page.",phishing
"Security notice: confirm bank credentials within 30 minutes. Complete it using this verification document.",phishing
"Security notice: reset your password or account will be suspended. Complete it using the secure portal link.",phishing
"Security notice: unlock suspended mailbox to avoid service interruption. Complete it via this security form.",phishing
"Security notice: validate invoice payment to prevent payment failure. Complete it through this authentication page.",phishing
"Security notice: confirm multifactor login to keep system access active. Complete it using this verification document.",phishing
"Security notice: verify account within 30 minutes. Complete it using the secure portal link.",phishing
"Security notice: confirm bank credentials or account will be suspended. Complete it via this security form.",phishing
"Security notice: reset your password to avoid service interruption. Complete it through this authentication page.",phishing
"Security notice: unlock suspended mailbox to prevent payment failure. Complete it using this verification document.",phishing
"Security notice: validate invoice payment to keep system access active. Complete it using the secure portal link.",phishing
"Security notice: confirm multifactor login within 30 minutes. Complete it via this security form.",phishing
"Security notice: verify account or account will be suspended. Complete it through this authentication page.",phishing
"Security notice: confirm bank credentials to avoid service interruption. Complete it using this verification document.",phishing
"Security notice: reset your password to prevent payment failure. Complete it using the secure portal link.",phishing
"Security notice: unlock suspended mailbox to keep system access active. Complete it via this security form.",phishing
"Security notice: validate invoice payment within 30 minutes. Complete it through this authentication page.",phishing
"Security notice: confirm multifactor login or account will be suspended. Complete it using this verification document.",phishing
"Security notice: verify account to avoid service interruption. Complete it using the secure portal link.",phishing
"Security notice: confirm bank credentials to prevent payment failure. Complete it via this security form.",phishing
"Security notice: reset your password to keep system access active. Complete it through this authentication page.",phishing
"Security notice: unlock suspended mailbox within 30 minutes. Complete it using this verification document.",phishing
"Security notice: validate invoice payment or account will be suspended. Complete it using the secure portal link.",phishing
"Security notice: confirm multifactor login to avoid service interruption. Complete it via this security form.",phishing
"Security notice: verify account to prevent payment failure. Complete it through this authentication page.",phishing
"Security notice: confirm bank credentials to keep system access active. Complete it using this verification document.",phishing
"Security notice: reset your password within 30 minutes. Complete it using the secure portal link.",phishing
"Security notice: unlock suspended mailbox or account will be suspended. Complete it via this security form.",phishing
"Security notice: validate invoice payment to avoid service interruption. Complete it through this authentication page.",phishing
"Security notice: confirm multifactor login to prevent payment failure. Complete it using this verification document.",phishing
"Security notice: verify account to keep system access active. Complete it using the secure portal link.",phishing
"Security notice: confirm bank credentials within 30 minutes. Complete it via this security form.",phishing
"Security notice: reset your password or account will be suspended. Complete it through this authentication page.",phishing
"Security notice: unlock suspended mailbox to avoid service interruption. Complete it using this verification document.",phishing
"Security notice: validate invoice payment to prevent payment failure. Complete it using the secure portal link.",phishing
"Security notice: confirm multifactor login to keep system access active. Complete it via this security form.",phishing
"Security notice: verify account within 30 minutes. Complete it through this authentication page.",phishing
"Security notice: confirm bank credentials or account will be suspended. Complete it using this verification document.",phishing
"Security notice: reset your password to avoid service interruption. Complete it using the secure portal link.",phishing
"Security notice: unlock suspended mailbox to prevent payment failure. Complete it via this security form.",phishing
"Security notice: validate invoice payment to keep system access active. Complete it through this authentication page.",phishing
"Security notice: confirm multifactor login within 30 minutes. Complete it using this verification document.",phishing
"Security notice: verify account or account will be suspended. Complete it using the secure portal link.",phishing
"Security notice: confirm bank credentials to avoid service interruption. Complete it via this security form.",phishing
"Security notice: reset your password to prevent payment failure. Complete it through this authentication page.",phishing
"Security notice: unlock suspended mailbox to keep system access active. Complete it using this verification document.",phishing
"Security notice: validate invoice payment within 30 minutes. Complete it using the secure portal link.",phishing
"Security notice: confirm multifactor login or account will be suspended. Complete it via this security form.",phishing
"Security notice: verify account to avoid service interruption. Complete it through this authentication page.",phishing
"Security notice: confirm bank credentials to prevent payment failure. Complete it using this verification document.",phishing
"Security notice: reset your password to keep system access active. Complete it using the secure portal link.",phishing
"Security notice: unlock suspended mailbox within 30 minutes. Complete it via this security form.",phishing
"Security notice: validate invoice payment or account will be suspended. Complete it through this authentication page.",phishing
"Security notice: confirm multifactor login to avoid service interruption. Complete it using this verification document.",phishing
"Security notice: verify account to prevent payment failure. Complete it using the secure portal link.",phishing
"Security notice: confirm bank credentials to keep system access active. Complete it via this security form.",phishing
"Security notice: reset your password within 30 minutes. Complete it through this authentication page.",phishing
"Security notice: unlock suspended mailbox or account will be suspended. Complete it using this verification document.",phishing
"Security notice: validate invoice payment to avoid service interruption. Complete it using the secure portal link.",phishing
"Security notice: confirm multifactor login to prevent payment failure. Complete it via this security form.",phishing
"Security notice: verify account to keep system access active. Complete it through this authentication page.",phishing
"Security notice: confirm bank credentials within 30 minutes. Complete it using this verification document.",phishing
"Security notice: reset your password or account will be suspended. Complete it using the secure portal link.",phishing
"Security notice: unlock suspended mailbox to avoid service interruption. Complete it via this security form.",phishing
"Security notice: validate invoice payment to prevent payment failure. Complete it through this authentication page.",phishing
"Security notice: confirm multifactor login to keep system access active. Complete it using this verification document.",phishing
"Security notice: verify account within 30 minutes. Complete it using the secure portal link.",phishing
"Security notice: confirm bank credentials or account will be suspended. Complete it via this security form.",phishing
"Security notice: reset your password to avoid service interruption. Complete it through this authentication page.",phishing
"Security notice: unlock suspended mailbox to prevent payment failure. Complete it using this verification document.",phishing
"Security notice: validate invoice payment to keep system access active. Complete it using the secure portal link.",phishing
"Security notice: confirm multifactor login within 30 minutes. Complete it via this security form.",phishing
"Security notice: verify account or account will be suspended. Complete it through this authentication page.",phishing
"Security notice: confirm bank credentials to avoid service interruption. Complete it using this verification document.",phishing
"Security notice: reset your password to prevent payment failure. Complete it using the secure portal link.",phishing
"Security notice: unlock suspended mailbox to keep system access active. Complete it via this security form.",phishing
"Security notice: validate invoice payment within 30 minutes. Complete it through this authentication page.",phishing
"Security notice: confirm multifactor login or account will be suspended. Complete it using this verification document.",phishing
"Security notice: verify account to avoid service interruption. Complete it using the secure portal link.",phishing
"Security notice: confirm bank credentials to prevent payment failure. Complete it via this security form.",phishing
"Security notice: reset your password to keep system access active. Complete it through this authentication page.",phishing
"Security notice: unlock suspended mailbox within 30 minutes. Complete it using this verification document.",phishing
"Security notice: validate invoice payment or account will be suspended. Complete it using the secure portal link.",phishing
"Security notice: confirm multifactor login to avoid service interruption. Complete it via this security form.",phishing
"Security notice: verify account to prevent payment failure. Complete it through this authentication page.",phishing
"Security notice: confirm bank credentials to keep system access active. Complete it using this verification document.",phishing
"Security notice: reset your password within 30 minutes. Complete it using the secure portal link.",phishing
"Security notice: unlock suspended mailbox or account will be suspended. Complete it via this security form.",phishing
"Security notice: validate invoice payment to avoid service interruption. Complete it through this authentication page.",phishing
"Security notice: confirm multifactor login to prevent payment failure. Complete it using this verification document.",phishing
"Security notice: verify account to keep system access active. Complete it using the secure portal link.",phishing
"Security notice: confirm bank credentials within 30 minutes. Complete it via this security form.",phishing
"Security notice: reset your password or account will be suspended. Complete it through this authentication page.",phishing
"Security notice: unlock suspended mailbox to avoid service interruption. Complete it using this verification document.",phishing
"Security notice: validate invoice payment to prevent payment failure. Complete it using the secure portal link.",phishing
"Security notice: confirm multifactor login to keep system access active. Complete it via this security form.",phishing
"Security notice: verify account within 30 minutes. Complete it through this authentication page.",phishing
"Security notice: confirm bank credentials or account will be suspended. Complete it using this verification document.",phishing
"Security notice: reset your password to avoid service interruption. Complete it using the secure portal link.",phishing
"Security notice: unlock suspended mailbox to prevent payment failure. Complete it via this security form.",phishing
"Security notice: validate invoice payment to keep system access active. Complete it through this authentication page.",phishing
"Security notice: confirm multifactor login within 30 minutes. Complete it using this verification document.",phishing
"Security notice: verify account or account will be suspended. Complete it using the secure portal link.",phishing
"Security notice: confirm bank credentials to avoid service interruption. Complete it via this security form.",phishing
"Security notice: reset your password to prevent payment failure. Complete it through this authentication page.",phishing
"Security notice: unlock suspended mailbox to keep system access active. Complete it using this verification document.",phishing
"Security notice: validate invoice payment within 30 minutes. Complete it using the secure portal link.",phishing
"Security notice: confirm multifactor login or account will be suspended. Complete it via this security form.",phishing
"Security notice: verify account to avoid service interruption. Complete it through this authentication page.",phishing
"Security notice: confirm bank credentials to prevent payment failure. Complete it using this verification document.",phishing
"Security notice: reset your password to keep system access active. Complete it using the secure portal link.",phishing
"Security notice: unlock suspended mailbox within 30 minutes. Complete it via this security form.",phishing
"Security notice: validate invoice payment or account will be suspended. Complete it through this authentication page.",phishing
"Security notice: confirm multifactor login to avoid service interruption. Complete it using this verification document.",phishing
"Security notice: verify account to prevent payment failure. Complete it using the secure portal link.",phishing
"Security notice: confirm bank credentials to keep system access active. Complete it via this security form.",phishing
"Security notice: reset your password within 30 minutes. Complete it through this authentication page.",phishing
"Security notice: unlock suspended mailbox or account will be suspended. Complete it using this verification document.",phishing
"Security notice: validate invoice payment to avoid service interruption. Complete it using the secure portal link.",phishing
"Security notice: confirm multifactor login to prevent payment failure. Complete it via this security form.",phishing
"Security notice: verify account to keep system access active. Complete it through this authentication page.",phishing
"Security notice: confirm bank credentials within 30 minutes. Complete it using this verification document.",phishing
"Security notice: reset your password or account will be suspended. Complete it using the secure portal link.",phishing
"Security notice: unlock suspended mailbox to avoid service interruption. Complete it via this security form.",phishing
"Security notice: validate invoice payment to prevent payment failure. Complete it through this authentication page.",phishing
"Security notice: confirm multifactor login to keep system access active. Complete it using this verification document.",phishing
"Security notice: verify account within 30 minutes. Complete it using the secure portal link.",phishing
"Security notice: confirm bank credentials or account will be suspended. Complete it via this security form.",phishing
"Security notice: reset your password to avoid service interruption. Complete it through this authentication page.",phishing
"Security notice: unlock suspended mailbox to prevent payment failure. Complete it using this verification document.",phishing
"Security notice: validate invoice payment to keep system access active. Complete it using the secure portal link.",phishing
"Security notice: confirm multifactor login within 30 minutes. Complete it via this security form.",phishing
"Security notice: verify account or account will be suspended. Complete it through this authentication page.",phishing
"Security notice: confirm bank credentials to avoid service interruption. Complete it using this verification document.",phishing
"Security notice: reset your password to prevent payment failure. Complete it using the secure portal link.",phishing
"Security notice: unlock suspended mailbox to keep system access active. Complete it via this security form.",phishing
"Security notice: validate invoice payment within 30 minutes. Complete it through this authentication page.",phishing
"Security notice: confirm multifactor login or account will be suspended. Complete it using this verification document.",phishing
"Security notice: verify account to avoid service interruption. Complete it using the secure portal link.",phishing
"Security notice: confirm bank credentials to prevent payment failure. Complete it via this security form.",phishing
"Security notice: reset your password to keep system access active. Complete it through this authentication page.",phishing
"Security notice: unlock suspended mailbox within 30 minutes. Complete it using this verification document.",phishing
"Security notice: validate invoice payment or account will be suspended. Complete it using the secure portal link.",phishing
"Security notice: confirm multifactor login to avoid service interruption. Complete it via this security form.",phishing
"Security notice: verify account to prevent payment failure. Complete it through this authentication page.",phishing
"Security notice: confirm bank credentials to keep system access active. Complete it using this verification document.",phishing
"Security notice: reset your password within 30 minutes. Complete it using the secure portal link.",phishing
"Security notice: unlock suspended mailbox or account will be suspended. Complete it via this security form.",phishing
"Security notice: validate invoice payment to avoid service interruption. Complete it through this authentication page.",phishing
"Security notice: confirm multifactor login to prevent payment failure. Complete it using this verification document.",phishing
"Security notice: verify account to keep system access active. Complete it using the secure portal link.",phishing
"Security notice: confirm bank credentials within 30 minutes. Complete it via this security form.",phishing
"Security notice: reset your password or account will be suspended. Complete it through this authentication page.",phishing
"Security notice: unlock suspended mailbox to avoid service interruption. Complete it using this verification document.",phishing
"Security notice: validate invoice payment to prevent payment failure. Complete it using the secure portal link.",phishing
"Security notice: confirm multifactor login to keep system access active. Complete it via this security form.",phishing
"Security notice: verify account within 30 minutes. Complete it through this authentication page.",phishing
"Security notice: confirm bank credentials or account will be suspended. Complete it using this verification document.",phishing
"Security notice: reset your password to avoid service interruption. Complete it using the secure portal link.",phishing
"Security notice: unlock suspended mailbox to prevent payment failure. Complete it via this security form.",phishing
"Security notice: validate invoice payment to keep system access active. Complete it through this authentication page.",phishing
"Security notice: confirm multifactor login within 30 minutes. Complete it using this verification document.",phishing
"Security notice: verify account or account will be suspended. Complete it using the secure portal link.",phishing
"Security notice: confirm bank credentials to avoid service interruption. Complete it via this security form.",phishing
"Security notice: reset your password to prevent payment failure. Complete it through this authentication page.",phishing
"Security notice: unlock suspended mailbox to keep system access active. Complete it using this verification document.",phishing
"Security notice: validate invoice payment within 30 minutes. Complete it using the secure portal link.",phishing
"Security notice: confirm multifactor login or account will be suspended. Complete it via this security form.",phishing
"Security notice: verify account to avoid service interruption. Complete it through this authentication page.",phishing
"Security notice: confirm bank credentials to prevent payment failure. Complete it using this verification document.",phishing
"Security notice: reset your password to keep system access active. Complete it using the secure portal link.",phishing
"Security notice: unlock suspended mailbox within 30 minutes. Complete it via this security form.",phishing
"Security notice: validate invoice payment or account will be suspended. Complete it through this authentication page.",phishing
"Security notice: confirm multifactor login to avoid service interruption. Complete it using this verification document.",phishing
"Security notice: verify account to prevent payment failure. Complete it using the secure portal link.",phishing
"Security notice: confirm bank credentials to keep system access active. Complete it via this security form.",phishing
"Security notice: reset your password within 30 minutes. Complete it through this authentication page.",phishing
"Security notice: unlock suspended mailbox or account will be suspended. Complete it using this verification document.",phishing
"Security notice: validate invoice payment to avoid service interruption. Complete it using the secure portal link.",phishing
"Security notice: confirm multifactor login to prevent payment failure. Complete it via this security form.",phishing
"Security notice: verify account to keep system access active. Complete it through this authentication page.",phishing
"Security notice: confirm bank credentials within 30 minutes. Complete it using this verification document.",phishing
"Security notice: reset your password or account will be suspended. Complete it using the secure portal link.",phishing
"Security notice: unlock suspended mailbox to avoid service interruption. Complete it via this security form.",phishing
"Security notice: validate invoice payment to prevent payment failure. Complete it through this authentication page.",phishing
"Security notice: confirm multifactor login to keep system access active. Complete it using this verification document.",phishing
"Security notice: verify account within 30 minutes. Complete it using the secure portal link.",phishing
"Security notice: confirm bank credentials or account will be suspended. Complete it via this security form.",phishing
"Security notice: reset your password to avoid service interruption. Complete it through this authentication page.",phishing
"Security notice: unlock suspended mailbox to prevent payment failure. Complete it using this verification document.",phishing
"Security notice: validate invoice payment to keep system access active. Complete it using the secure portal link.",phishing
"Security notice: confirm multifactor login within 30 minutes. Complete it via this security form.",phishing
"Security notice: verify account or account will be suspended. Complete it through this authentication page.",phishing
"Security notice: confirm bank credentials to avoid service interruption. Complete it using this verification document.",phishing
"Security notice: reset your password to prevent payment failure. Complete it using the secure portal link.",phishing
"Security notice: unlock suspended mailbox to keep system access active. Complete it via this security form.",phishing
"Security notice: validate invoice payment within 30 minutes. Complete it through this authentication page.",phishing
"Security notice: confirm multifactor login or account will be suspended. Complete it using this verification document.",phishing
"Security notice: verify account to avoid service interruption. Complete it using the secure portal link.",phishing
"Security notice: confirm bank credentials to prevent payment failure. Complete it via this security form.",phishing
"Security notice: reset your password to keep system access active. Complete it through this authentication page.",phishing
"Security notice: unlock suspended mailbox within 30 minutes. Complete it using this verification document.",phishing
"Security notice: validate invoice payment or account will be suspended. Complete it using the secure portal link.",phishing
"Security notice: confirm multifactor login to avoid service interruption. Complete it via this security form.",phishing
"Security notice: verify account to prevent payment failure. Complete it through this authentication page.",phishing
"Security notice: confirm bank credentials to keep system access active. Complete it using this verification document.",phishing
"Security notice: reset your password within 30 minutes. Complete it using the secure portal link.",phishing
"Security notice: unlock suspended mailbox or account will be suspended. Complete it via this security form.",phishing
"Security notice: validate invoice payment to avoid service interruption. Complete it through this authentication page.",phishing
"Security notice: confirm multifactor login to prevent payment failure. Complete it using this verification document.",phishing
"Security notice: verify account to keep system access active. Complete it using the secure portal link.",phishing
"Security notice: confirm bank credentials within 30 minutes. Complete it via this security form.",phishing
"Security notice: reset your password or account will be suspended. Complete it through this authentication page.",phishing
"Security notice: unlock suspended mailbox to avoid service interruption. Complete it using this verification document.",phishing
"Security notice: validate invoice payment to prevent payment failure. Complete it using the secure portal link.",phishing
"Security notice: confirm multifactor login to keep system access active. Complete it via this security form.",phishing
"Security notice: verify account within 30 minutes. Complete it through this authentication page.",phishing
"Security notice: confirm bank credentials or account will be suspended. Complete it using this verification document.",phishing
"Security notice: reset your password to avoid service interruption. Complete it using the secure portal link.",phishing
"Security notice: unlock suspended mailbox to prevent payment failure. Complete it via this security form.",phishing
"Security notice: validate invoice payment to keep system access active. Complete it through this authentication page.",phishing
"Security notice: confirm multifactor login within 30 minutes. Complete it using this verification document.",phishing
"Security notice: verify account or account will be suspended. Complete it using the secure portal link.",phishing
"Security notice: confirm bank credentials to avoid service interruption. Complete it via this security form.",phishing
"Security notice: reset your password to prevent payment failure. Complete it through this authentication page.",phishing
"Security notice: unlock suspended mailbox to keep system access active. Complete it using this verification document.",phishing
"Security notice: validate invoice payment within 30 minutes. Complete it using the secure portal link.",phishing
"Security notice: confirm multifactor login or account will be suspended. Complete it via this security form.",phishing
"Security notice: verify account to avoid service interruption. Complete it through this authentication page.",phishing
"Security notice: confirm bank credentials to prevent payment failure. Complete it using this verification document.",phishing
"Security notice: reset your password to keep system access active. Complete it using the secure portal link.",phishing
"Security notice: unlock suspended mailbox within 30 minutes. Complete it via this security form.",phishing
"Security notice: validate invoice payment or account will be suspended. Complete it through this authentication page.",phishing
"Security notice: confirm multifactor login to avoid service interruption. Complete it using this verification document.",phishing
"Security notice: verify account to prevent payment failure. Complete it using the secure portal link.",phishing
"Security notice: confirm bank credentials to keep system access active. Complete it via this security form.",phishing
"Security notice: reset your password within 30 minutes. Complete it through this authentication page.",phishing
"Security notice: unlock suspended mailbox or account will be suspended. Complete it using this verification document.",phishing
"Security notice: validate invoice payment to avoid service interruption. Complete it using the secure portal link.",phishing
"Security notice: confirm multifactor login to prevent payment failure. Complete it via this security form.",phishing
"Security notice: verify account to keep system access active. Complete it through this authentication page.",phishing
"Security notice: confirm bank credentials within 30 minutes. Complete it using this verification document.",phishing
"Security notice: reset your password or account will be suspended. Complete it using the secure portal link.",phishing
"Security notice: unlock suspended mailbox to avoid service interruption. Complete it via this security form.",phishing
"Security notice: validate invoice payment to prevent payment failure. Complete it through this authentication page.",phishing
"Security notice: confirm multifactor login to keep system access active. Complete it using this verification document.",phishing
"Security notice: verify account within 30 minutes. Complete it using the secure portal link.",phishing
"Security notice: confirm bank credentials or account will be suspended. Complete it via this security form.",phishing
"Security notice: reset your password to avoid service interruption. Complete it through this authentication page.",phishing
"Security notice: unlock suspended mailbox to prevent payment failure. Complete it using this verification document.",phishing
"Security notice: validate invoice payment to keep system access active. Complete it using the secure portal link.",phishing
"Security notice: confirm multifactor login within 30 minutes. Complete it via this security form.",phishing
"Security notice: verify account or account will be suspended. Complete it through this authentication page.",phishing
"Security notice: confirm bank credentials to avoid service interruption. Complete it using this verification document.",phishing
"Security notice: reset your password to prevent payment failure. Complete it using the secure portal link.",phishing
"Security notice: unlock suspended mailbox to keep system access active. Complete it via this security form.",phishing
"Security notice: validate invoice payment within 30 minutes. Complete it through this authentication page.",phishing
"Security notice: confirm multifactor login or account will be suspended. Complete it using this verification document.",phishing
"Security notice: verify account to avoid service interruption. Complete it using the secure portal link.",phishing
"Security notice: confirm bank credentials to prevent payment failure. Complete it via this security form.",phishing
"Security notice: reset your password to keep system access active. Complete it through this authentication page.",phishing
"Security notice: unlock suspended mailbox within 30 minutes. Complete it using this verification document.",phishing
"Security notice: validate invoice payment or account will be suspended. Complete it using the secure portal link.",phishing
"Security notice: confirm multifactor login to avoid service interruption. Complete it via this security form.",phishing
"Security notice: verify account to prevent payment failure. Complete it through this authentication page.",phishing
"Security notice: confirm bank credentials to keep system access active. Complete it using this verification document.",phishing
"Security notice: reset your password within 30 minutes. Complete it using the secure portal link.",phishing
"Security notice: unlock suspended mailbox or account will be suspended. Complete it via this security form.",phishing
"Security notice: validate invoice payment to avoid service interruption. Complete it through this authentication page.",phishing
"Security notice: confirm multifactor login to prevent payment failure. Complete it using this verification document.",phishing
"Security notice: verify account to keep system access active. Complete it using the secure portal link.",phishing
"Security notice: confirm bank credentials within 30 minutes. Complete it via this security form.",phishing
"Security notice: reset your password or account will be suspended. Complete it through this authentication page.",phishing
"Security notice: unlock suspended mailbox to avoid service interruption. Complete it using this verification document.",phishing
"Security notice: validate invoice payment to prevent payment failure. Complete it using the secure portal link.",phishing
"Security notice: confirm multifactor login to keep system access active. Complete it via this security form.",phishing
"Security notice: verify account within 30 minutes. Complete it through this authentication page.",phishing
"Security notice: confirm bank credentials or account will be suspended. Complete it using this verification document.",phishing
"Security notice: reset your password to avoid service interruption. Complete it using the secure portal link.",phishing
"Security notice: unlock suspended mailbox to prevent payment failure. Complete it via this security form.",phishing
"Security notice: validate invoice payment to keep system access active. Complete it through this authentication page.",phishing
"Security notice: confirm multifactor login within 30 minutes. Complete it using this verification document.",phishing
"Security notice: verify account or account will be suspended. Complete it using the secure portal link.",phishing
"Security notice: confirm bank credentials to avoid service interruption. Complete it via this security form.",phishing
"Security notice: reset your password to prevent payment failure. Complete it through this authentication page.",phishing
"Security notice: unlock suspended mailbox to keep system access active. Complete it using this verification document.",phishing
